--
-- PostgreSQL database dump
--

\restrict uPCR9Xk1HBoR3OyjhRT8FrlUsYELA4n2D0KEGz66bXk18ku1nKPG86QZj7oDp8N

-- Dumped from database version 16.11
-- Dumped by pg_dump version 16.11

SET statement_timeout = 0;
SET lock_timeout = 0;
SET idle_in_transaction_session_timeout = 0;
SET client_encoding = 'UTF8';
SET standard_conforming_strings = on;
SELECT pg_catalog.set_config('search_path', '', false);
SET check_function_bodies = false;
SET xmloption = content;
SET client_min_messages = warning;
SET row_security = off;

--
-- Name: public; Type: SCHEMA; Schema: -; Owner: -
--

-- *not* creating schema, since initdb creates it


--
-- Name: SCHEMA public; Type: COMMENT; Schema: -; Owner: -
--

COMMENT ON SCHEMA public IS '';


SET default_tablespace = '';

SET default_table_access_method = heap;

--
-- Name: AchievementProgress; Type: TABLE; Schema: public; Owner: -
--

CREATE TABLE public."AchievementProgress" (
    "Id" integer NOT NULL,
    "UserId" text NOT NULL,
    "AchievementId" integer NOT NULL,
    "CurrentValue" integer NOT NULL,
    "TargetValue" integer NOT NULL,
    "LastUpdatedAt" timestamp with time zone NOT NULL,
    "StartedAt" timestamp with time zone NOT NULL,
    "StreakAnchorDate" date,
    "Metadata" character varying(2000)
);


--
-- Name: AchievementProgress_Id_seq; Type: SEQUENCE; Schema: public; Owner: -
--

ALTER TABLE public."AchievementProgress" ALTER COLUMN "Id" ADD GENERATED BY DEFAULT AS IDENTITY (
    SEQUENCE NAME public."AchievementProgress_Id_seq"
    START WITH 1
    INCREMENT BY 1
    NO MINVALUE
    NO MAXVALUE
    CACHE 1
);


--
-- Name: Achievements; Type: TABLE; Schema: public; Owner: -
--

CREATE TABLE public."Achievements" (
    "Id" integer NOT NULL,
    "Code" character varying(50) NOT NULL,
    "Name" character varying(100) NOT NULL,
    "Description" character varying(500) NOT NULL,
    "Icon" character varying(50) NOT NULL,
    "Category" integer NOT NULL,
    "Points" integer NOT NULL,
    "SortOrder" integer NOT NULL,
    "IsActive" boolean NOT NULL,
    "BonusDescription" character varying(200),
    "BonusType" integer,
    "BonusValue" character varying(1000),
    "CreatedAt" timestamp with time zone DEFAULT '-infinity'::timestamp with time zone NOT NULL,
    "HiddenHint" character varying(200),
    "IsHidden" boolean DEFAULT false NOT NULL,
    "IsLegendary" boolean DEFAULT false NOT NULL,
    "IsVisibleBeforeUnlock" boolean DEFAULT false NOT NULL,
    "LockedIcon" character varying(50),
    "ModifiedAt" timestamp with time zone,
    "ProgressTarget" integer,
    "Rarity" integer DEFAULT 0 NOT NULL,
    "UnlockConditionType" integer DEFAULT 0 NOT NULL,
    "UnlockConditionValue" character varying(1000)
);


--
-- Name: Achievements_Id_seq; Type: SEQUENCE; Schema: public; Owner: -
--

ALTER TABLE public."Achievements" ALTER COLUMN "Id" ADD GENERATED BY DEFAULT AS IDENTITY (
    SEQUENCE NAME public."Achievements_Id_seq"
    START WITH 1
    INCREMENT BY 1
    NO MINVALUE
    NO MAXVALUE
    CACHE 1
);


--
-- Name: AppSettings; Type: TABLE; Schema: public; Owner: -
--

CREATE TABLE public."AppSettings" (
    "Id" integer NOT NULL,
    "Key" character varying(100) NOT NULL,
    "Value" character varying(1000) NOT NULL,
    "Description" character varying(500),
    "DataType" integer NOT NULL,
    "ModifiedAt" timestamp with time zone
);


--
-- Name: AppSettings_Id_seq; Type: SEQUENCE; Schema: public; Owner: -
--

ALTER TABLE public."AppSettings" ALTER COLUMN "Id" ADD GENERATED BY DEFAULT AS IDENTITY (
    SEQUENCE NAME public."AppSettings_Id_seq"
    START WITH 1
    INCREMENT BY 1
    NO MINVALUE
    NO MAXVALUE
    CACHE 1
);


--
-- Name: AspNetRoleClaims; Type: TABLE; Schema: public; Owner: -
--

CREATE TABLE public."AspNetRoleClaims" (
    "Id" integer NOT NULL,
    "RoleId" text NOT NULL,
    "ClaimType" text,
    "ClaimValue" text
);


--
-- Name: AspNetRoleClaims_Id_seq; Type: SEQUENCE; Schema: public; Owner: -
--

ALTER TABLE public."AspNetRoleClaims" ALTER COLUMN "Id" ADD GENERATED BY DEFAULT AS IDENTITY (
    SEQUENCE NAME public."AspNetRoleClaims_Id_seq"
    START WITH 1
    INCREMENT BY 1
    NO MINVALUE
    NO MAXVALUE
    CACHE 1
);


--
-- Name: AspNetRoles; Type: TABLE; Schema: public; Owner: -
--

CREATE TABLE public."AspNetRoles" (
    "Id" text NOT NULL,
    "Name" character varying(256),
    "NormalizedName" character varying(256),
    "ConcurrencyStamp" text
);


--
-- Name: AspNetUserClaims; Type: TABLE; Schema: public; Owner: -
--

CREATE TABLE public."AspNetUserClaims" (
    "Id" integer NOT NULL,
    "UserId" text NOT NULL,
    "ClaimType" text,
    "ClaimValue" text
);


--
-- Name: AspNetUserClaims_Id_seq; Type: SEQUENCE; Schema: public; Owner: -
--

ALTER TABLE public."AspNetUserClaims" ALTER COLUMN "Id" ADD GENERATED BY DEFAULT AS IDENTITY (
    SEQUENCE NAME public."AspNetUserClaims_Id_seq"
    START WITH 1
    INCREMENT BY 1
    NO MINVALUE
    NO MAXVALUE
    CACHE 1
);


--
-- Name: AspNetUserLogins; Type: TABLE; Schema: public; Owner: -
--

CREATE TABLE public."AspNetUserLogins" (
    "LoginProvider" text NOT NULL,
    "ProviderKey" text NOT NULL,
    "ProviderDisplayName" text,
    "UserId" text NOT NULL
);


--
-- Name: AspNetUserRoles; Type: TABLE; Schema: public; Owner: -
--

CREATE TABLE public."AspNetUserRoles" (
    "UserId" text NOT NULL,
    "RoleId" text NOT NULL
);


--
-- Name: AspNetUserTokens; Type: TABLE; Schema: public; Owner: -
--

CREATE TABLE public."AspNetUserTokens" (
    "UserId" text NOT NULL,
    "LoginProvider" text NOT NULL,
    "Name" text NOT NULL,
    "Value" text
);


--
-- Name: AspNetUsers; Type: TABLE; Schema: public; Owner: -
--

CREATE TABLE public."AspNetUsers" (
    "Id" text NOT NULL,
    "UserName" character varying(256),
    "NormalizedUserName" character varying(256),
    "Email" character varying(256),
    "NormalizedEmail" character varying(256),
    "EmailConfirmed" boolean NOT NULL,
    "PasswordHash" text,
    "SecurityStamp" text,
    "ConcurrencyStamp" text,
    "PhoneNumber" text,
    "PhoneNumberConfirmed" boolean NOT NULL,
    "TwoFactorEnabled" boolean NOT NULL,
    "LockoutEnd" timestamp with time zone,
    "LockoutEnabled" boolean NOT NULL,
    "AccessFailedCount" integer NOT NULL,
    "HouseholdId" uuid
);


--
-- Name: ChildProfiles; Type: TABLE; Schema: public; Owner: -
--

CREATE TABLE public."ChildProfiles" (
    "Id" integer NOT NULL,
    "UserId" text NOT NULL,
    "DisplayName" character varying(100) NOT NULL,
    "IsActive" boolean NOT NULL,
    "CreatedAt" timestamp with time zone NOT NULL,
    "ModifiedAt" timestamp with time zone
);


--
-- Name: ChildProfiles_Id_seq; Type: SEQUENCE; Schema: public; Owner: -
--

ALTER TABLE public."ChildProfiles" ALTER COLUMN "Id" ADD GENERATED BY DEFAULT AS IDENTITY (
    SEQUENCE NAME public."ChildProfiles_Id_seq"
    START WITH 1
    INCREMENT BY 1
    NO MINVALUE
    NO MAXVALUE
    CACHE 1
);


--
-- Name: ChoreDefinitions; Type: TABLE; Schema: public; Owner: -
--

CREATE TABLE public."ChoreDefinitions" (
    "Id" integer NOT NULL,
    "Name" character varying(100) NOT NULL,
    "Description" character varying(500),
    "Icon" character varying(50),
    "AssignedUserId" text,
    "EarnValue" numeric(10,2) NOT NULL,
    "PenaltyValue" numeric(10,2) NOT NULL,
    "ScheduleType" integer NOT NULL,
    "ActiveDays" integer NOT NULL,
    "WeeklyTargetCount" integer NOT NULL,
    "StartDate" date,
    "EndDate" date,
    "IsActive" boolean NOT NULL,
    "AutoApprove" boolean NOT NULL,
    "SortOrder" integer NOT NULL,
    "CreatedAt" timestamp with time zone NOT NULL,
    "ModifiedAt" timestamp with time zone,
    "IsRepeatable" boolean DEFAULT false NOT NULL
);


--
-- Name: ChoreDefinitions_Id_seq; Type: SEQUENCE; Schema: public; Owner: -
--

ALTER TABLE public."ChoreDefinitions" ALTER COLUMN "Id" ADD GENERATED BY DEFAULT AS IDENTITY (
    SEQUENCE NAME public."ChoreDefinitions_Id_seq"
    START WITH 1
    INCREMENT BY 1
    NO MINVALUE
    NO MAXVALUE
    CACHE 1
);


--
-- Name: ChoreLogs; Type: TABLE; Schema: public; Owner: -
--

CREATE TABLE public."ChoreLogs" (
    "Id" integer NOT NULL,
    "ChoreDefinitionId" integer NOT NULL,
    "Date" date NOT NULL,
    "Status" integer NOT NULL,
    "CompletedByUserId" text,
    "CompletedAt" timestamp with time zone,
    "Notes" character varying(500),
    "ApprovedByUserId" text,
    "ApprovedAt" timestamp with time zone,
    "HelpReason" character varying(500),
    "HelpRequestedAt" timestamp with time zone,
    "CreatedAt" timestamp with time zone NOT NULL,
    "ModifiedAt" timestamp with time zone,
    "Version" integer DEFAULT 0 NOT NULL,
    "AllowsMultiplePerDay" boolean DEFAULT false NOT NULL
);


--
-- Name: ChoreLogs_Id_seq; Type: SEQUENCE; Schema: public; Owner: -
--

ALTER TABLE public."ChoreLogs" ALTER COLUMN "Id" ADD GENERATED BY DEFAULT AS IDENTITY (
    SEQUENCE NAME public."ChoreLogs_Id_seq"
    START WITH 1
    INCREMENT BY 1
    NO MINVALUE
    NO MAXVALUE
    CACHE 1
);


--
-- Name: ChoreScheduleOverrides; Type: TABLE; Schema: public; Owner: -
--

CREATE TABLE public."ChoreScheduleOverrides" (
    "Id" integer NOT NULL,
    "ChoreDefinitionId" integer NOT NULL,
    "Date" date NOT NULL,
    "Type" integer NOT NULL,
    "OverrideAssignedUserId" text,
    "OverrideValue" numeric(10,2),
    "CreatedByUserId" text,
    "CreatedAt" timestamp with time zone NOT NULL
);


--
-- Name: ChoreScheduleOverrides_Id_seq; Type: SEQUENCE; Schema: public; Owner: -
--

ALTER TABLE public."ChoreScheduleOverrides" ALTER COLUMN "Id" ADD GENERATED BY DEFAULT AS IDENTITY (
    SEQUENCE NAME public."ChoreScheduleOverrides_Id_seq"
    START WITH 1
    INCREMENT BY 1
    NO MINVALUE
    NO MAXVALUE
    CACHE 1
);


--
-- Name: FamilySettings; Type: TABLE; Schema: public; Owner: -
--

CREATE TABLE public."FamilySettings" (
    "Id" integer NOT NULL,
    "DailyExpectationPenalty" numeric(10,2) NOT NULL,
    "WeeklyIncompletePenaltyPercent" numeric(5,4) NOT NULL,
    "WeekStartDay" integer NOT NULL,
    "CashOutThreshold" numeric(10,2) NOT NULL,
    "EnableConfetti" boolean NOT NULL,
    "EnableStreaks" boolean NOT NULL,
    "CreatedAt" timestamp with time zone NOT NULL,
    "ModifiedAt" timestamp with time zone,
    "EnablePushNotifications" boolean DEFAULT false NOT NULL,
    "VapidPrivateKey" character varying(500),
    "VapidPublicKey" character varying(500),
    "VapidSubject" character varying(200)
);


--
-- Name: FamilySettings_Id_seq; Type: SEQUENCE; Schema: public; Owner: -
--

ALTER TABLE public."FamilySettings" ALTER COLUMN "Id" ADD GENERATED BY DEFAULT AS IDENTITY (
    SEQUENCE NAME public."FamilySettings_Id_seq"
    START WITH 1
    INCREMENT BY 1
    NO MINVALUE
    NO MAXVALUE
    CACHE 1
);


--
-- Name: Households; Type: TABLE; Schema: public; Owner: -
--

CREATE TABLE public."Households" (
    "Id" uuid NOT NULL,
    "Name" character varying(100) NOT NULL,
    "IsActive" boolean NOT NULL,
    "CreatedAt" timestamp with time zone NOT NULL,
    "ModifiedAt" timestamp with time zone
);


--
-- Name: LedgerAccounts; Type: TABLE; Schema: public; Owner: -
--

CREATE TABLE public."LedgerAccounts" (
    "Id" integer NOT NULL,
    "ChildProfileId" integer NOT NULL,
    "Name" character varying(50) NOT NULL,
    "IsDefault" boolean NOT NULL,
    "IsActive" boolean NOT NULL,
    "CreatedAt" timestamp with time zone NOT NULL,
    "ModifiedAt" timestamp with time zone
);


--
-- Name: LedgerAccounts_Id_seq; Type: SEQUENCE; Schema: public; Owner: -
--

ALTER TABLE public."LedgerAccounts" ALTER COLUMN "Id" ADD GENERATED BY DEFAULT AS IDENTITY (
    SEQUENCE NAME public."LedgerAccounts_Id_seq"
    START WITH 1
    INCREMENT BY 1
    NO MINVALUE
    NO MAXVALUE
    CACHE 1
);


--
-- Name: LedgerTransactions; Type: TABLE; Schema: public; Owner: -
--

CREATE TABLE public."LedgerTransactions" (
    "Id" integer NOT NULL,
    "LedgerAccountId" integer NOT NULL,
    "ChoreLogId" integer,
    "UserId" text NOT NULL,
    "TransferGroupId" uuid,
    "Amount" numeric(10,2) NOT NULL,
    "Type" integer NOT NULL,
    "Description" character varying(200),
    "TransactionDate" date NOT NULL,
    "CreatedAt" timestamp with time zone NOT NULL,
    "ModifiedAt" timestamp with time zone,
    "ChoreDefinitionId" integer,
    "Version" integer DEFAULT 0 NOT NULL,
    "WeekEndDate" date
);


--
-- Name: LedgerTransactions_Id_seq; Type: SEQUENCE; Schema: public; Owner: -
--

ALTER TABLE public."LedgerTransactions" ALTER COLUMN "Id" ADD GENERATED BY DEFAULT AS IDENTITY (
    SEQUENCE NAME public."LedgerTransactions_Id_seq"
    START WITH 1
    INCREMENT BY 1
    NO MINVALUE
    NO MAXVALUE
    CACHE 1
);


--
-- Name: PushSubscriptions; Type: TABLE; Schema: public; Owner: -
--

CREATE TABLE public."PushSubscriptions" (
    "Id" integer NOT NULL,
    "UserId" text NOT NULL,
    "Endpoint" character varying(2000) NOT NULL,
    "P256dh" character varying(500) NOT NULL,
    "Auth" character varying(500) NOT NULL,
    "DeviceName" character varying(200),
    "UserAgent" character varying(500),
    "IsActive" boolean NOT NULL,
    "CreatedAt" timestamp with time zone NOT NULL,
    "LastUsedAt" timestamp with time zone,
    "FailedAttempts" integer NOT NULL
);


--
-- Name: PushSubscriptions_Id_seq; Type: SEQUENCE; Schema: public; Owner: -
--

ALTER TABLE public."PushSubscriptions" ALTER COLUMN "Id" ADD GENERATED BY DEFAULT AS IDENTITY (
    SEQUENCE NAME public."PushSubscriptions_Id_seq"
    START WITH 1
    INCREMENT BY 1
    NO MINVALUE
    NO MAXVALUE
    CACHE 1
);


--
-- Name: SavingsGoals; Type: TABLE; Schema: public; Owner: -
--

CREATE TABLE public."SavingsGoals" (
    "Id" integer NOT NULL,
    "UserId" text NOT NULL,
    "Name" character varying(100) NOT NULL,
    "Description" character varying(500),
    "TargetAmount" numeric(10,2) NOT NULL,
    "ImageUrl" character varying(500),
    "Priority" integer NOT NULL,
    "IsPrimary" boolean NOT NULL,
    "IsActive" boolean NOT NULL,
    "IsCompleted" boolean NOT NULL,
    "CompletedAt" timestamp with time zone,
    "CreatedAt" timestamp with time zone NOT NULL,
    "ModifiedAt" timestamp with time zone
);


--
-- Name: SavingsGoals_Id_seq; Type: SEQUENCE; Schema: public; Owner: -
--

ALTER TABLE public."SavingsGoals" ALTER COLUMN "Id" ADD GENERATED BY DEFAULT AS IDENTITY (
    SEQUENCE NAME public."SavingsGoals_Id_seq"
    START WITH 1
    INCREMENT BY 1
    NO MINVALUE
    NO MAXVALUE
    CACHE 1
);


--
-- Name: UserAchievementBonuses; Type: TABLE; Schema: public; Owner: -
--

CREATE TABLE public."UserAchievementBonuses" (
    "Id" integer NOT NULL,
    "UserId" text NOT NULL,
    "AchievementId" integer NOT NULL,
    "BonusType" integer NOT NULL,
    "BonusValue" character varying(1000),
    "IsActive" boolean NOT NULL,
    "ExpiresAt" timestamp with time zone,
    "RemainingUses" integer,
    "AppliedAmount" numeric(10,2),
    "MaxAmount" numeric(10,2),
    "GrantedAt" timestamp with time zone NOT NULL,
    "LastUsedAt" timestamp with time zone
);


--
-- Name: UserAchievementBonuses_Id_seq; Type: SEQUENCE; Schema: public; Owner: -
--

ALTER TABLE public."UserAchievementBonuses" ALTER COLUMN "Id" ADD GENERATED BY DEFAULT AS IDENTITY (
    SEQUENCE NAME public."UserAchievementBonuses_Id_seq"
    START WITH 1
    INCREMENT BY 1
    NO MINVALUE
    NO MAXVALUE
    CACHE 1
);


--
-- Name: UserAchievements; Type: TABLE; Schema: public; Owner: -
--

CREATE TABLE public."UserAchievements" (
    "Id" integer NOT NULL,
    "UserId" text NOT NULL,
    "AchievementId" integer NOT NULL,
    "EarnedAt" timestamp with time zone NOT NULL,
    "HasSeen" boolean NOT NULL,
    "Notes" character varying(500)
);


--
-- Name: UserAchievements_Id_seq; Type: SEQUENCE; Schema: public; Owner: -
--

ALTER TABLE public."UserAchievements" ALTER COLUMN "Id" ADD GENERATED BY DEFAULT AS IDENTITY (
    SEQUENCE NAME public."UserAchievements_Id_seq"
    START WITH 1
    INCREMENT BY 1
    NO MINVALUE
    NO MAXVALUE
    CACHE 1
);


--
-- Name: UserPreferences; Type: TABLE; Schema: public; Owner: -
--

CREATE TABLE public."UserPreferences" (
    "Id" integer NOT NULL,
    "UserId" text NOT NULL,
    "Key" character varying(100) NOT NULL,
    "Value" character varying(1000) NOT NULL,
    "ModifiedAt" timestamp with time zone
);


--
-- Name: UserPreferences_Id_seq; Type: SEQUENCE; Schema: public; Owner: -
--

ALTER TABLE public."UserPreferences" ALTER COLUMN "Id" ADD GENERATED BY DEFAULT AS IDENTITY (
    SEQUENCE NAME public."UserPreferences_Id_seq"
    START WITH 1
    INCREMENT BY 1
    NO MINVALUE
    NO MAXVALUE
    CACHE 1
);


--
-- Name: __EFMigrationsHistory; Type: TABLE; Schema: public; Owner: -
--

CREATE TABLE public."__EFMigrationsHistory" (
    "MigrationId" character varying(150) NOT NULL,
    "ProductVersion" character varying(32) NOT NULL
);


--
-- Data for Name: AchievementProgress; Type: TABLE DATA; Schema: public; Owner: -
--

COPY public."AchievementProgress" ("Id", "UserId", "AchievementId", "CurrentValue", "TargetValue", "LastUpdatedAt", "StartedAt", "StreakAnchorDate", "Metadata") FROM stdin;
9	9f3fb0f9-16f8-45e2-9c87-f2defd253c2f	27	7	7	2026-03-08 00:35:00.715074+00	2025-12-31 22:38:56.682413+00	\N	\N
10	9f3fb0f9-16f8-45e2-9c87-f2defd253c2f	29	20	20	2026-02-15 19:42:19.786308+00	2025-12-31 22:38:56.74052+00	\N	\N
17	9f3fb0f9-16f8-45e2-9c87-f2defd253c2f	37	30	30	2026-01-22 23:58:53.140342+00	2025-12-31 22:38:56.855878+00	\N	\N
27	9f3fb0f9-16f8-45e2-9c87-f2defd253c2f	6	14	14	2026-04-26 17:00:28.939217+00	2025-12-31 22:38:57.023957+00	\N	\N
26	9f3fb0f9-16f8-45e2-9c87-f2defd253c2f	5	7	7	2026-03-22 18:58:44.051829+00	2025-12-31 22:38:57.019313+00	\N	\N
29	9f3fb0f9-16f8-45e2-9c87-f2defd253c2f	8	10	10	2026-02-09 00:23:48.422334+00	2025-12-31 22:38:57.032181+00	\N	\N
33	9f3fb0f9-16f8-45e2-9c87-f2defd253c2f	12	10	10	2026-01-05 18:26:07.281912+00	2025-12-31 22:38:57.044493+00	\N	\N
6	9f3fb0f9-16f8-45e2-9c87-f2defd253c2f	24	250	250	2026-03-13 04:43:13.94327+00	2025-12-31 22:38:56.636676+00	\N	\N
1	9f3fb0f9-16f8-45e2-9c87-f2defd253c2f	19	7	7	2026-02-10 00:27:24.037411+00	2025-12-31 22:38:56.583909+00	\N	\N
23	9f3fb0f9-16f8-45e2-9c87-f2defd253c2f	49	3	3	2026-04-26 17:00:30.092075+00	2025-12-31 22:38:56.99266+00	\N	\N
37	9f3fb0f9-16f8-45e2-9c87-f2defd253c2f	16	30	30	2026-03-28 17:17:15.51238+00	2025-12-31 22:38:57.058051+00	\N	\N
32	9f3fb0f9-16f8-45e2-9c87-f2defd253c2f	11	101	100	2026-06-04 01:33:09.699675+00	2025-12-31 22:38:57.040885+00	\N	\N
2	9f3fb0f9-16f8-45e2-9c87-f2defd253c2f	20	15	60	2026-06-05 23:11:33.175293+00	2025-12-31 22:38:56.607726+00	\N	\N
25	9f3fb0f9-16f8-45e2-9c87-f2defd253c2f	4	3	3	2026-01-07 23:07:51.191433+00	2025-12-31 22:38:57.01456+00	\N	\N
3	9f3fb0f9-16f8-45e2-9c87-f2defd253c2f	21	15	90	2026-06-05 23:11:33.177103+00	2025-12-31 22:38:56.612502+00	\N	\N
4	9f3fb0f9-16f8-45e2-9c87-f2defd253c2f	22	106	250	2026-06-05 23:11:33.1781+00	2025-12-31 22:38:56.622931+00	\N	\N
5	9f3fb0f9-16f8-45e2-9c87-f2defd253c2f	23	106	500	2026-06-05 23:11:33.179144+00	2025-12-31 22:38:56.625253+00	\N	\N
21	9f3fb0f9-16f8-45e2-9c87-f2defd253c2f	47	25	25	2026-03-28 17:17:15.904559+00	2025-12-31 22:38:56.978379+00	\N	\N
36	9f3fb0f9-16f8-45e2-9c87-f2defd253c2f	15	7	7	2026-02-10 00:27:24.061608+00	2025-12-31 22:38:57.054418+00	\N	\N
8	9f3fb0f9-16f8-45e2-9c87-f2defd253c2f	26	56	100	2026-06-05 23:11:33.181141+00	2025-12-31 22:38:56.643764+00	\N	\N
11	9f3fb0f9-16f8-45e2-9c87-f2defd253c2f	30	0	3	2026-06-05 23:11:33.182325+00	2025-12-31 22:38:56.749374+00	\N	\N
12	9f3fb0f9-16f8-45e2-9c87-f2defd253c2f	31	28	25	2026-06-05 23:11:33.183589+00	2025-12-31 22:38:56.75871+00	\N	\N
13	9f3fb0f9-16f8-45e2-9c87-f2defd253c2f	32	28	50	2026-06-05 23:11:33.184428+00	2025-12-31 22:38:56.761483+00	\N	\N
14	9f3fb0f9-16f8-45e2-9c87-f2defd253c2f	34	2	5	2026-06-05 23:11:33.185294+00	2025-12-31 22:38:56.785343+00	\N	\N
7	9f3fb0f9-16f8-45e2-9c87-f2defd253c2f	25	500	500	2026-04-23 00:57:00.5487+00	2025-12-31 22:38:56.640277+00	\N	\N
31	9f3fb0f9-16f8-45e2-9c87-f2defd253c2f	10	50	50	2026-03-22 04:33:17.152727+00	2025-12-31 22:38:57.037855+00	\N	\N
15	9f3fb0f9-16f8-45e2-9c87-f2defd253c2f	35	2	20	2026-06-05 23:11:33.186134+00	2025-12-31 22:38:56.788999+00	\N	\N
16	9f3fb0f9-16f8-45e2-9c87-f2defd253c2f	36	0	4	2026-06-05 23:11:33.18692+00	2025-12-31 22:38:56.826876+00	\N	\N
18	9f3fb0f9-16f8-45e2-9c87-f2defd253c2f	44	687	1000	2026-06-05 23:11:33.187897+00	2025-12-31 22:38:56.964425+00	\N	\N
19	9f3fb0f9-16f8-45e2-9c87-f2defd253c2f	45	106	1000	2026-06-05 23:11:33.188914+00	2025-12-31 22:38:56.967537+00	\N	\N
22	9f3fb0f9-16f8-45e2-9c87-f2defd253c2f	48	31	50	2026-06-05 23:11:33.189815+00	2025-12-31 22:38:56.981401+00	\N	\N
28	9f3fb0f9-16f8-45e2-9c87-f2defd253c2f	7	15	30	2026-06-05 23:11:33.190928+00	2025-12-31 22:38:57.02889+00	\N	\N
35	9f3fb0f9-16f8-45e2-9c87-f2defd253c2f	14	100	100	2026-02-24 00:33:08.040606+00	2025-12-31 22:38:57.050621+00	\N	\N
20	9f3fb0f9-16f8-45e2-9c87-f2defd253c2f	46	10	10	2026-01-22 23:58:59.915549+00	2025-12-31 22:38:56.975742+00	\N	\N
30	9f3fb0f9-16f8-45e2-9c87-f2defd253c2f	9	26	25	2026-03-02 01:00:07.199479+00	2025-12-31 22:38:57.034824+00	\N	\N
34	9f3fb0f9-16f8-45e2-9c87-f2defd253c2f	13	50	50	2026-02-10 00:27:29.721652+00	2025-12-31 22:38:57.047471+00	\N	\N
24	9f3fb0f9-16f8-45e2-9c87-f2defd253c2f	50	3	3	2026-03-22 04:33:19.384507+00	2025-12-31 22:38:56.996042+00	\N	\N
\.


--
-- Data for Name: Achievements; Type: TABLE DATA; Schema: public; Owner: -
--

COPY public."Achievements" ("Id", "Code", "Name", "Description", "Icon", "Category", "Points", "SortOrder", "IsActive", "BonusDescription", "BonusType", "BonusValue", "CreatedAt", "HiddenHint", "IsHidden", "IsLegendary", "IsVisibleBeforeUnlock", "LockedIcon", "ModifiedAt", "ProgressTarget", "Rarity", "UnlockConditionType", "UnlockConditionValue") FROM stdin;
19	FIRST_WEEK	Weekly Warrior	Complete a full week of chores	📅	1	25	4	t	\N	\N	\N	2025-12-31 22:37:22.032989+00	\N	f	f	t	\N	\N	7	1	5	{"count": 7}
20	STREAK_60	Unstoppable	Complete all chores for 60 days in a row	⭐	2	400	5	t	Increased autonomy level	6	{"level_increase": 1}	2025-12-31 22:37:22.033349+00	\N	f	f	t	\N	\N	60	4	2	{"days": 60}
21	STREAK_90	Legendary Dedication	Complete all chores for 90 days in a row	🌟	2	750	6	t	Legendary Streak badge	11	{"badge_key": "legendary_streak"}	2025-12-31 22:37:22.03335+00	\N	f	t	t	\N	\N	90	5	2	{"days": 90}
22	EARNED_250	Quarter Grand	Earn a total of $250	🏆	3	250	5	t	\N	\N	\N	2025-12-31 22:37:22.033399+00	\N	f	f	t	\N	\N	250	4	3	{"amount": 250}
23	EARNED_500	Half Grand	Earn a total of $500	⭐	3	500	6	t	\N	\N	\N	2025-12-31 22:37:22.0334+00	\N	f	t	t	\N	\N	500	5	3	{"amount": 500}
24	CHORES_250	Dedicated Worker	Complete 250 chores	💪	4	175	4	t	\N	\N	\N	2025-12-31 22:37:22.033401+00	\N	f	f	t	\N	\N	250	4	1	{"count": 250}
25	CHORES_500	Half Thousand	Complete 500 chores	🏆	4	350	5	t	\N	\N	\N	2025-12-31 22:37:22.033401+00	\N	f	t	t	\N	\N	500	5	1	{"count": 500}
26	PERFECT_100	Perfect Hundred	Have 100 perfect days	🏆	4	300	12	t	\N	\N	\N	2025-12-31 22:37:22.033402+00	\N	f	f	t	\N	\N	100	4	5	{"count": 100}
27	EARLY_BIRD_7	Morning Person	Complete all chores before noon for 7 days	☀	8	75	2	t	\N	\N	\N	2025-12-31 22:37:22.033403+00	\N	f	f	t	\N	\N	7	3	7	{"before_hour": 12, "count": 7}
28	DAWN_PATROL	Dawn Patrol	Complete a chore before 7 AM	🌙	8	50	3	t	\N	\N	\N	2025-12-31 22:37:22.033403+00	\N	f	f	t	\N	\N	\N	3	24	{"hour_start": 0, "hour_end": 7, "count": 1}
29	WEEKEND_WARRIOR	Weekend Warrior	Complete 20 chores on weekends	🎉	8	50	5	t	\N	\N	\N	2025-12-31 22:37:22.033404+00	\N	f	f	t	\N	\N	20	2	13	{"day_type": "Weekend", "count": 20}
30	GOAL_COMPLETE_3	Triple Saver	Complete 3 savings goals	🏆	10	200	2	t	\N	\N	\N	2025-12-31 22:37:22.033404+00	\N	f	f	t	\N	\N	3	4	10	{"count": 3}
31	BALANCE_25	Quarter Saved	Have $25 in your balance	💰	10	35	5	t	\N	\N	\N	2025-12-31 22:37:22.033404+00	\N	f	f	t	\N	\N	25	2	4	{"amount": 25}
32	BALANCE_50	Halfway There	Have $50 in your balance	💰💰	10	60	6	t	\N	\N	\N	2025-12-31 22:37:22.033405+00	\N	f	f	t	\N	\N	50	3	4	{"amount": 50}
33	FIRST_CASHOUT	Payday!	Cash out your earnings for the first time	💵	10	25	10	t	\N	\N	\N	2025-12-31 22:37:22.033405+00	\N	f	f	t	\N	\N	\N	1	25	{"count": 1}
34	BONUS_WORKER	Overachiever	Complete 5 bonus chores beyond weekly target	✨	5	40	1	t	\N	\N	\N	2025-12-31 22:37:22.033405+00	\N	f	f	t	\N	\N	5	2	16	{"count": 5}
35	BONUS_WORKER_20	Extra Miler	Complete 20 bonus chores beyond weekly target	🥇	5	100	2	t	\N	\N	\N	2025-12-31 22:37:22.033405+00	\N	f	f	t	\N	\N	20	3	16	{"count": 20}
36	WEEK_STREAK_4	Month of Excellence	Complete 4 consecutive full weeks	📅	5	100	5	t	\N	\N	\N	2025-12-31 22:37:22.033406+00	\N	f	f	t	\N	\N	4	3	14	{"weeks": 4}
37	PENALTY_FREE_30	Clean Record	Go 30 days without any penalties	✅	5	75	10	t	25% penalty reduction for 14 days	8	{"reduction_percent": 0.25, "duration_days": 14}	2025-12-31 22:37:22.033406+00	\N	f	f	t	\N	\N	30	3	19	{"days": 30}
38	HELP_ASKER	Team Player	Ask for help when you need it	🙌	5	15	15	t	\N	\N	\N	2025-12-31 22:37:22.033406+00	\N	f	f	t	\N	\N	\N	1	18	{"count": 1}
39	SECRET_EARLY_ADOPTER	Pioneer	Be one of the first to use Daily Bread	🌈	6	100	1	t	Pioneer badge	11	{"badge_key": "pioneer"}	2025-12-31 22:37:22.033407+00	Something about being early...	t	f	f	\N	\N	\N	3	15	{"days": 7}
40	SECRET_PERFECTIONIST	Perfectionist	Complete all chores perfectly for 2 weeks straight	🌟	6	150	2	t	\N	\N	\N	2025-12-31 22:37:22.033504+00	Perfection has its rewards...	t	f	f	\N	\N	\N	4	2	{"days": 14}
41	SECRET_COMEBACK	Comeback Kid	Return and complete chores after a break	💪	6	50	3	t	\N	\N	\N	2025-12-31 22:37:22.033504+00	Everyone deserves a second chance...	t	f	f	\N	\N	\N	2	17	{"count": 1}
42	SECRET_SAVER	Secret Saver	Save up $100 without cashing out	💰	6	150	4	t	\N	\N	\N	2025-12-31 22:37:22.033505+00	Patience is a virtue...	t	f	f	\N	\N	\N	4	4	{"amount": 100}
43	LEGEND_YEAR	Year of Dedication	Be an active member for a full year	🏆	7	500	1	t	Year of Dedication badge	11	{"badge_key": "year_dedication"}	2025-12-31 22:37:22.033507+00	\N	f	t	t	\N	\N	\N	5	15	{"days": 365}
44	LEGEND_THOUSAND	The Thousand	Complete 1000 chores	🌟	7	750	2	t	\N	\N	\N	2025-12-31 22:37:22.033507+00	\N	f	t	t	\N	\N	1000	5	1	{"count": 1000}
45	LEGEND_GRAND	Grand Earner	Earn a total of $1000	⭐	7	1000	3	t	\N	\N	\N	2025-12-31 22:37:22.033507+00	\N	f	t	t	\N	\N	1000	5	3	{"amount": 1000}
46	ACHIEVEMENT_10	Getting Started	Earn 10 achievements	🥇	11	50	1	t	\N	\N	\N	2025-12-31 22:37:22.033508+00	\N	f	f	t	\N	\N	10	2	22	{"count": 10}
47	ACHIEVEMENT_25	Achievement Hunter	Earn 25 achievements	🏆	11	100	2	t	\N	\N	\N	2025-12-31 22:37:22.033508+00	\N	f	f	t	\N	\N	25	3	22	{"count": 25}
48	ACHIEVEMENT_50	Achievement Master	Earn 50 achievements	⭐	11	250	3	t	Achievement Master badge	11	{"badge_key": "achievement_master"}	2025-12-31 22:37:22.033508+00	\N	f	f	t	\N	\N	50	4	22	{"count": 50}
49	STREAK_MASTER	Streak Master	Earn 3 streak achievements	🔥	11	75	10	t	\N	\N	\N	2025-12-31 22:37:22.033508+00	\N	f	f	t	\N	\N	3	3	21	{"category": "Streaks", "count": 3}
50	EARNING_MASTER	Earning Expert	Earn 3 earnings achievements	💰	11	75	11	t	\N	\N	\N	2025-12-31 22:37:22.033509+00	\N	f	f	t	\N	\N	3	3	21	{"category": "Earnings", "count": 3}
2	FIRST_DOLLAR	First Wages	Earn your first dollar in wages	💵	1	10	2	t	\N	\N	\N	-infinity	\N	f	f	f	\N	\N	\N	1	11	\N
1	FIRST_CHORE	First Steps	Complete your first labor	👣	1	10	1	t	\N	\N	\N	-infinity	\N	f	f	f	\N	2026-06-21 21:26:16.798198+00	\N	1	8	\N
3	FIRST_GOAL	Dream Big	Create your first savings goal	🎯	1	10	3	t	\N	\N	\N	-infinity	\N	f	f	f	\N	\N	\N	1	9	\N
4	STREAK_3	Getting Going	Complete all labors for 3 days in a row	🔥	2	25	1	t	\N	\N	\N	-infinity	\N	f	f	f	\N	\N	3	1	2	{"days": 3}
6	STREAK_14	Fortnight Fighter	Complete all labors for 14 days in a row	🔥🔥🔥	2	100	3	t	\N	\N	\N	-infinity	\N	f	f	f	\N	\N	14	3	2	{"days": 14}
7	STREAK_30	Monthly Master	Complete all labors for 30 days in a row	🏆	2	200	4	t	\N	\N	\N	-infinity	\N	f	f	f	\N	\N	30	4	2	{"days": 30}
8	EARNED_10	Tenner	Earn a total of $10 in wages	💰	3	25	1	t	\N	\N	\N	-infinity	\N	f	f	f	\N	\N	10	1	3	{"amount": 10}
9	EARNED_25	Quarter Century	Earn a total of $25 in wages	💰💰	3	50	2	t	\N	\N	\N	-infinity	\N	f	f	f	\N	\N	25	2	3	{"amount": 25}
10	EARNED_50	Half Century	Earn a total of $50 in wages	💰💰💰	3	75	3	t	\N	\N	\N	-infinity	\N	f	f	f	\N	\N	50	3	3	{"amount": 50}
11	EARNED_100	Benjamin	Earn a total of $100 in wages	🤑	3	150	4	t	\N	\N	\N	-infinity	\N	f	f	f	\N	\N	100	4	3	{"amount": 100}
12	CHORES_10	Helping Hand	Complete 10 labors	✋	4	15	1	t	\N	\N	\N	-infinity	\N	f	f	f	\N	\N	10	1	1	{"count": 10}
13	CHORES_50	Labor Champion	Complete 50 labors	🥇	4	50	2	t	\N	\N	\N	-infinity	\N	f	f	f	\N	\N	50	2	1	{"count": 50}
14	CHORES_100	Century Club	Complete 100 labors	💯	4	100	3	t	\N	\N	\N	-infinity	\N	f	f	f	\N	\N	100	3	1	{"count": 100}
15	PERFECT_7	Perfect Week	Have 7 perfect days (all labors done)	⭐	4	50	4	t	\N	\N	\N	-infinity	\N	f	f	f	\N	\N	7	2	5	{"count": 7}
16	PERFECT_30	Perfect Month	Have 30 perfect days	🌟	4	150	5	t	\N	\N	\N	-infinity	\N	f	f	f	\N	\N	30	3	5	{"count": 30}
17	GOAL_COMPLETE	Goal Getter	Complete a savings goal	🎉	5	100	1	t	\N	\N	\N	-infinity	\N	f	f	f	\N	\N	\N	3	10	{"count": 1}
18	EARLY_BIRD	Early Bird	Complete all labors before noon	🌅	5	25	2	t	\N	\N	\N	-infinity	\N	f	f	f	\N	\N	\N	2	7	{"before_hour": 12, "count": 1}
5	STREAK_7	Week Warrior	Complete all labors for 7 days in a row	🔥🔥	2	50	2	t	\N	\N	\N	-infinity	\N	f	f	t	\N	2026-06-21 21:38:29.070749+00	7	2	2	{"days": 7}
\.


--
-- Data for Name: AppSettings; Type: TABLE DATA; Schema: public; Owner: -
--

COPY public."AppSettings" ("Id", "Key", "Value", "Description", "DataType", "ModifiedAt") FROM stdin;
1	TimeZone	America/Chicago	Family timezone for determining 'today' and scheduling (IANA format)	0	2026-06-21 21:41:40.659355+00
2	CashOutThreshold	10.00	Minimum balance required before cash out is allowed	2	2026-06-21 21:41:40.660806+00
3	AllowChildSelfReport	true	Whether children can mark their own chores as completed	3	2026-06-21 21:41:40.661593+00
\.


--
-- Data for Name: AspNetRoleClaims; Type: TABLE DATA; Schema: public; Owner: -
--

COPY public."AspNetRoleClaims" ("Id", "RoleId", "ClaimType", "ClaimValue") FROM stdin;
\.


--
-- Data for Name: AspNetRoles; Type: TABLE DATA; Schema: public; Owner: -
--

COPY public."AspNetRoles" ("Id", "Name", "NormalizedName", "ConcurrencyStamp") FROM stdin;
9d6aab90-e65d-41d3-adbc-90ff44703e12	Admin	ADMIN	\N
19f5de6e-d11a-41ee-b69c-5eca4c473ad9	Parent	PARENT	\N
fb6b7b66-1d67-4598-a468-e8b0734e1b95	Child	CHILD	\N
\.


--
-- Data for Name: AspNetUserClaims; Type: TABLE DATA; Schema: public; Owner: -
--

COPY public."AspNetUserClaims" ("Id", "UserId", "ClaimType", "ClaimValue") FROM stdin;
\.


--
-- Data for Name: AspNetUserLogins; Type: TABLE DATA; Schema: public; Owner: -
--

COPY public."AspNetUserLogins" ("LoginProvider", "ProviderKey", "ProviderDisplayName", "UserId") FROM stdin;
Authentik	128a14706b1a98da5599ede137762657dbbcf42f0be3fc1ebbd300790ad96654	OpenIdConnect	b7705804-33b5-41e5-bdfb-58763d87e2f0
Authentik	3f702b6d734f3f79076daab116bc2d4b163fbc9d892db74f70181c4ce807773a	OpenIdConnect	9f161d20-a69b-453a-aa9e-31cb6f4e62af
\.


--
-- Data for Name: AspNetUserRoles; Type: TABLE DATA; Schema: public; Owner: -
--

COPY public."AspNetUserRoles" ("UserId", "RoleId") FROM stdin;
9ad8e529-b981-4897-8222-a979d7f369c4	9d6aab90-e65d-41d3-adbc-90ff44703e12
9f3fb0f9-16f8-45e2-9c87-f2defd253c2f	fb6b7b66-1d67-4598-a468-e8b0734e1b95
9f161d20-a69b-453a-aa9e-31cb6f4e62af	19f5de6e-d11a-41ee-b69c-5eca4c473ad9
b7705804-33b5-41e5-bdfb-58763d87e2f0	19f5de6e-d11a-41ee-b69c-5eca4c473ad9
b7705804-33b5-41e5-bdfb-58763d87e2f0	9d6aab90-e65d-41d3-adbc-90ff44703e12
21176847-0f1b-430f-beb6-a329136995f7	19f5de6e-d11a-41ee-b69c-5eca4c473ad9
\.


--
-- Data for Name: AspNetUserTokens; Type: TABLE DATA; Schema: public; Owner: -
--

COPY public."AspNetUserTokens" ("UserId", "LoginProvider", "Name", "Value") FROM stdin;
\.


--
-- Data for Name: AspNetUsers; Type: TABLE DATA; Schema: public; Owner: -
--

COPY public."AspNetUsers" ("Id", "UserName", "NormalizedUserName", "Email", "NormalizedEmail", "EmailConfirmed", "PasswordHash", "SecurityStamp", "ConcurrencyStamp", "PhoneNumber", "PhoneNumberConfirmed", "TwoFactorEnabled", "LockoutEnd", "LockoutEnabled", "AccessFailedCount", "HouseholdId") FROM stdin;
9f3fb0f9-16f8-45e2-9c87-f2defd253c2f	Victor	VICTOR	\N	\N	t	AQAAAAIAAYagAAAAEFBF+SrY30PfVXsj2NlsLG2+f0oQHTxkw0DyHPQ7NNwbJjxqv99UBXE2SvKhmjgBhQ==	GCNG73JFGJ7C2NCJQZJ56YT52O4VRFVG	3a0cda9e-1651-45b8-a342-b533d3a95c19	\N	f	f	\N	t	0	7aad2891-99c3-46de-862c-15bc087ba3da
9f161d20-a69b-453a-aa9e-31cb6f4e62af	charmaine	CHARMAINE	crsimmons09@gmail.com	CRSIMMONS09@GMAIL.COM	t	AQAAAAIAAYagAAAAELD9dD5wACPiCbV1Ys0+8KGP6DjNtu0MLwXeKX5Bc32Oyh/wFXKgpLyg5ahHXVoISg==	WYWDAONI3NLN2GU2C2OOBJZI3GHUIMG5	e33b5d1d-77b7-467f-adb9-0197ce830bdf	\N	f	f	\N	t	0	\N
b7705804-33b5-41e5-bdfb-58763d87e2f0	shaun	SHAUN	jshauns@gmail.com	JSHAUNS@GMAIL.COM	t	AQAAAAIAAYagAAAAEGOFb4/Lr3TATm8N4iLb4u4yacxFxxOgsmbcn/OGqO5OAFO4dzuxTXZ3MqFpKvf3Lw==	N3A2FZFQV3YIHPCJWJ6EXEM3A5UE5ZYD	47b4e882-f3fd-4273-921b-b97b2994542b	\N	f	f	2026-03-08 00:48:07.637693+00	t	0	7aad2891-99c3-46de-862c-15bc087ba3da
21176847-0f1b-430f-beb6-a329136995f7	test	TEST	\N	\N	t	AQAAAAIAAYagAAAAELZ4hkDn+rGYHv0szTNNz0UUNjQEfGUDDNcLFrIYBGY2H6LW5zla+X4W2MYj4kCLvw==	VP3C73CC3YSBM7DGTCFKFCPVZXZ52D2Y	2dad9796-8bee-4404-8f58-bd94cac0d55f	\N	f	f	\N	t	0	\N
9ad8e529-b981-4897-8222-a979d7f369c4	admin	ADMIN	\N	\N	t	AQAAAAIAAYagAAAAEBorQjIZY+jihA2lAQQET4S77s8uvmpUn7jBX0DUBPcn9jJZ2Y0Hb0+gAoZ7Z6iFbw==	TTYN4GURERJFG2WCX6OGH5N7HGOBORJ4	551b8b91-f74d-47f9-bf4c-adf454ffbbd5	\N	f	f	\N	t	0	\N
\.


--
-- Data for Name: ChildProfiles; Type: TABLE DATA; Schema: public; Owner: -
--

COPY public."ChildProfiles" ("Id", "UserId", "DisplayName", "IsActive", "CreatedAt", "ModifiedAt") FROM stdin;
1	9f3fb0f9-16f8-45e2-9c87-f2defd253c2f	Victor	t	2025-12-23 04:12:35.260863+00	2025-12-23 04:12:35.478226+00
\.


--
-- Data for Name: ChoreDefinitions; Type: TABLE DATA; Schema: public; Owner: -
--

COPY public."ChoreDefinitions" ("Id", "Name", "Description", "Icon", "AssignedUserId", "EarnValue", "PenaltyValue", "ScheduleType", "ActiveDays", "WeeklyTargetCount", "StartDate", "EndDate", "IsActive", "AutoApprove", "SortOrder", "CreatedAt", "ModifiedAt", "IsRepeatable") FROM stdin;
5	Feed Gemma - Morning	\N	🐕	9f3fb0f9-16f8-45e2-9c87-f2defd253c2f	0.00	0.00	0	127	1	\N	\N	t	t	30	2026-01-05 05:33:53.611555+00	2026-05-31 22:50:01.704212+00	f
6	Feed Gemma - Evening	\N	🐕	9f3fb0f9-16f8-45e2-9c87-f2defd253c2f	0.00	0.00	0	127	1	\N	\N	t	t	110	2026-01-05 05:34:08.347256+00	2026-05-31 22:50:01.704214+00	f
27	Clean windows (half)	\N	🧼	9f3fb0f9-16f8-45e2-9c87-f2defd253c2f	5.00	0.00	0	16	1	\N	\N	t	f	10	2026-06-08 15:20:07.293045+00	2026-06-21 21:57:20.355987+00	f
8	Take Medicine AM	\N	💊	9f3fb0f9-16f8-45e2-9c87-f2defd253c2f	0.00	0.00	0	127	1	\N	\N	t	t	20	2026-01-05 05:34:53.821407+00	2026-05-31 22:50:01.704212+00	f
9	Set & Clear Table	\N	🍽	9f3fb0f9-16f8-45e2-9c87-f2defd253c2f	0.00	0.00	0	127	1	\N	\N	t	t	100	2026-01-05 05:35:27.947551+00	2026-05-31 22:50:01.704214+00	f
11	Read - 45 Minutes	\N	📖	9f3fb0f9-16f8-45e2-9c87-f2defd253c2f	0.00	0.00	0	62	1	\N	\N	t	t	80	2026-01-05 05:36:24.951407+00	2026-05-31 22:50:01.704214+00	f
12	Pack Bag for Tomorrow	\N	🎒	9f3fb0f9-16f8-45e2-9c87-f2defd253c2f	0.00	0.00	0	31	1	\N	\N	t	t	120	2026-01-05 05:38:00.050079+00	2026-05-31 22:50:01.704215+00	f
19	Brush Teeth PM	\N	🦷	9f3fb0f9-16f8-45e2-9c87-f2defd253c2f	0.00	0.00	0	127	1	\N	\N	t	t	140	2026-01-05 05:45:34.563207+00	2026-05-31 22:50:01.704215+00	f
20	Take Medicine PM	\N	💊	9f3fb0f9-16f8-45e2-9c87-f2defd253c2f	0.00	0.00	0	127	1	\N	\N	t	t	130	2026-01-05 05:46:06.24639+00	2026-05-31 22:50:01.704215+00	f
21	Use your brain -  45 minutes	\N	🧩	9f3fb0f9-16f8-45e2-9c87-f2defd253c2f	0.00	0.00	0	62	1	\N	\N	t	t	90	2026-05-31 22:17:12.658583+00	2026-05-31 22:50:01.704214+00	f
22	Something active - 45 minutes	\N	🏃	9f3fb0f9-16f8-45e2-9c87-f2defd253c2f	0.00	0.00	0	62	1	\N	\N	t	t	70	2026-05-31 22:17:50.506998+00	2026-05-31 22:50:01.704213+00	f
13	Trash / Recycling to Curb	\N	🗑	9f3fb0f9-16f8-45e2-9c87-f2defd253c2f	3.00	0.00	0	1	1	\N	\N	t	f	70	2026-01-05 05:40:32.869431+00	2026-06-21 05:32:30.892212+00	f
14	Trash / Recycling from Curb	\N	🗑	9f3fb0f9-16f8-45e2-9c87-f2defd253c2f	2.00	0.00	0	2	1	\N	\N	t	f	60	2026-01-05 05:41:03.209469+00	2026-06-21 05:32:30.892212+00	f
16	Cleanup Yard	\N	🐾	9f3fb0f9-16f8-45e2-9c87-f2defd253c2f	2.00	0.00	1	127	1	\N	\N	t	f	40	2026-01-05 05:42:13.149981+00	2026-06-21 05:32:30.892211+00	f
17	Walk Gemma	\N	🐶	9f3fb0f9-16f8-45e2-9c87-f2defd253c2f	5.00	0.00	1	127	3	\N	\N	t	f	30	2026-01-05 05:43:17.77736+00	2026-06-21 05:32:30.892211+00	f
18	Cook Dinner	\N	🍽	9f3fb0f9-16f8-45e2-9c87-f2defd253c2f	2.00	0.00	1	127	1	\N	\N	t	f	50	2026-01-05 05:44:00.747191+00	2026-06-21 05:32:30.892211+00	f
24	Prep veggie tray	\N	🔪	9f3fb0f9-16f8-45e2-9c87-f2defd253c2f	0.00	0.00	0	4	1	\N	\N	t	t	150	2026-05-31 22:31:32.675185+00	2026-06-21 21:58:18.17123+00	f
10	Read 20 Minutes	\N	📖	9f3fb0f9-16f8-45e2-9c87-f2defd253c2f	0.00	0.00	0	62	1	\N	\N	f	t	70	2026-01-05 05:36:06.282864+00	2026-05-31 22:16:21.892051+00	f
26	Dust your room	\N	🧤	9f3fb0f9-16f8-45e2-9c87-f2defd253c2f	0.00	0.00	0	32	1	\N	\N	f	t	180	2026-05-31 22:32:34.914321+00	2026-06-14 23:46:58.969018+00	f
7	Brush Teeth AM	\N	🦷	9f3fb0f9-16f8-45e2-9c87-f2defd253c2f	0.00	0.00	0	127	1	\N	\N	f	t	10	2026-01-05 05:34:46.160175+00	2026-06-21 21:44:15.767105+00	f
15	Sort Laundry	\N	👕	9f3fb0f9-16f8-45e2-9c87-f2defd253c2f	0.00	0.00	0	32	1	\N	\N	t	t	170	2026-01-05 05:41:41.66333+00	2026-06-20 04:10:30.991612+00	f
29	Test Routine	\N	\N	9f3fb0f9-16f8-45e2-9c87-f2defd253c2f	0.00	0.00	0	127	1	\N	\N	f	t	0	2026-06-22 01:18:35.863127+00	2026-06-22 01:19:09.969622+00	f
28	Brush your teeth AM	\N	🦷	9f3fb0f9-16f8-45e2-9c87-f2defd253c2f	0.00	0.00	0	127	1	\N	\N	t	t	0	2026-06-21 21:45:21.911314+00	\N	f
25	Load of laundry	\N	🧼	9f3fb0f9-16f8-45e2-9c87-f2defd253c2f	0.00	0.00	0	8	1	\N	\N	t	t	160	2026-05-31 22:32:06.71258+00	2026-05-31 22:50:01.704216+00	f
3	Use Your Brain	\N	🧩	9f3fb0f9-16f8-45e2-9c87-f2defd253c2f	1.00	0.00	0	65	1	\N	\N	f	f	0	2025-12-24 02:12:35.277859+00	2026-05-31 22:20:27.73538+00	f
1	Make Bed	Do this Daily	🛏	9f3fb0f9-16f8-45e2-9c87-f2defd253c2f	0.00	0.00	0	127	1	\N	\N	t	t	40	2025-12-23 04:15:19.802484+00	2026-05-31 22:50:01.704212+00	f
2	Tidy Room	\N	🧹	9f3fb0f9-16f8-45e2-9c87-f2defd253c2f	0.00	0.00	0	127	1	\N	\N	t	t	50	2025-12-23 04:16:48.604042+00	2026-05-31 22:50:01.704213+00	f
4	Get Trash/Dishes out of your room	\N	🗑	9f3fb0f9-16f8-45e2-9c87-f2defd253c2f	0.00	0.00	0	127	1	\N	\N	t	t	60	2026-01-05 05:33:34.382321+00	2026-05-31 22:50:01.704213+00	f
23	Clean windows (other half)	\N	🧼	9f3fb0f9-16f8-45e2-9c87-f2defd253c2f	5.00	0.00	0	32	1	\N	\N	t	f	20	2026-05-31 22:29:38.948365+00	2026-06-21 21:57:12.614876+00	f
\.


--
-- Data for Name: ChoreLogs; Type: TABLE DATA; Schema: public; Owner: -
--

COPY public."ChoreLogs" ("Id", "ChoreDefinitionId", "Date", "Status", "CompletedByUserId", "CompletedAt", "Notes", "ApprovedByUserId", "ApprovedAt", "HelpReason", "HelpRequestedAt", "CreatedAt", "ModifiedAt", "Version", "AllowsMultiplePerDay") FROM stdin;
1	1	2025-12-22	2	\N	\N	\N	9f3fb0f9-16f8-45e2-9c87-f2defd253c2f	2025-12-23 04:15:43.026758+00	\N	\N	2025-12-23 04:15:42.871158+00	2025-12-23 04:15:43.02666+00	0	f
35	9	2026-01-05	2	9f3fb0f9-16f8-45e2-9c87-f2defd253c2f	2026-01-06 03:17:25.433329+00	\N	9f3fb0f9-16f8-45e2-9c87-f2defd253c2f	2026-01-06 03:17:25.433257+00	\N	\N	2026-01-06 03:17:25.129847+00	2026-01-06 03:17:25.433062+00	1	f
2	2	2025-12-23	5	\N	\N	\N	\N	\N	Need help with this	2025-12-24 01:59:03.258986+00	2025-12-24 01:59:02.982136+00	2025-12-24 01:59:03.259039+00	1	f
3	1	2025-12-23	0	\N	\N	\N	\N	\N	\N	\N	2025-12-24 01:59:05.467687+00	\N	0	f
4	2	2025-12-25	5	\N	\N	\N	\N	\N	Need help with this	2025-12-26 02:41:46.916988+00	2025-12-26 02:41:46.71053+00	2025-12-26 02:41:46.917041+00	1	f
36	12	2026-01-05	2	9f3fb0f9-16f8-45e2-9c87-f2defd253c2f	2026-01-06 03:17:28.529138+00	\N	9f3fb0f9-16f8-45e2-9c87-f2defd253c2f	2026-01-06 03:17:28.529138+00	\N	\N	2026-01-06 03:17:28.511082+00	2026-01-06 03:17:28.529125+00	1	f
5	1	2025-12-25	5	\N	\N	\N	\N	\N	Need help with this	2025-12-26 02:42:30.290332+00	2025-12-26 02:42:30.279884+00	2025-12-26 02:42:30.290333+00	1	f
26	6	2026-01-05	4	\N	\N	\N	\N	\N	\N	\N	2026-01-05 16:05:19.617898+00	2026-01-06 05:00:59.21314+00	3	f
6	2	2025-12-26	5	\N	\N	\N	\N	\N	Need help with this	2025-12-26 05:16:01.10366+00	2025-12-26 05:16:00.895029+00	2025-12-26 05:16:01.103739+00	1	f
7	3	2025-12-27	5	\N	\N	\N	\N	\N	Need help with this	2025-12-27 08:10:43.542452+00	2025-12-27 08:10:43.329276+00	2025-12-27 08:10:43.542547+00	1	f
8	2	2025-12-29	0	\N	\N	\N	\N	\N	\N	\N	2025-12-30 01:10:20.03703+00	\N	0	f
37	20	2026-01-05	2	b7705804-33b5-41e5-bdfb-58763d87e2f0	2026-01-06 05:01:04.81059+00	\N	b7705804-33b5-41e5-bdfb-58763d87e2f0	2026-01-06 05:01:04.81045+00	\N	\N	2026-01-06 05:01:04.728866+00	2026-01-06 05:01:04.810382+00	1	f
9	1	2025-12-29	5	\N	\N	\N	\N	\N	Need help with this	2025-12-30 01:12:59.413751+00	2025-12-30 01:10:21.128577+00	2025-12-30 01:12:59.413814+00	1	f
10	3	2025-12-29	5	\N	\N	\N	\N	\N	Need help with this	2025-12-30 01:13:20.813004+00	2025-12-30 01:13:20.804119+00	2025-12-30 01:13:20.813005+00	1	f
11	1	2025-12-30	0	\N	\N	\N	\N	\N	\N	\N	2025-12-30 21:50:33.461653+00	\N	0	f
12	3	2025-12-30	0	\N	\N	\N	\N	\N	\N	\N	2025-12-30 21:50:35.150389+00	\N	0	f
39	4	2026-01-05	2	b7705804-33b5-41e5-bdfb-58763d87e2f0	2026-01-06 05:01:23.856306+00	\N	b7705804-33b5-41e5-bdfb-58763d87e2f0	2026-01-06 05:01:23.856305+00	\N	\N	2026-01-06 05:01:23.843199+00	2026-01-06 05:01:23.856303+00	1	f
14	1	2025-12-31	4	\N	\N	\N	\N	\N	Need help with this	2025-12-31 22:51:08.974299+00	2025-12-31 22:51:08.913012+00	2025-12-31 22:52:10.433843+00	2	f
38	14	2026-01-05	2	b7705804-33b5-41e5-bdfb-58763d87e2f0	2026-01-06 05:01:17.697782+00	\N	b7705804-33b5-41e5-bdfb-58763d87e2f0	2026-01-06 05:01:38.219257+00	\N	\N	2026-01-06 05:01:17.678355+00	2026-01-06 05:01:38.219255+00	3	f
40	1	2026-01-06	2	9f3fb0f9-16f8-45e2-9c87-f2defd253c2f	2026-01-06 19:08:46.670922+00	\N	9f3fb0f9-16f8-45e2-9c87-f2defd253c2f	2026-01-06 19:08:46.67092+00	\N	\N	2026-01-06 19:08:46.637914+00	2026-01-06 19:08:46.670919+00	1	f
15	3	2025-12-31	0	9f3fb0f9-16f8-45e2-9c87-f2defd253c2f	2025-12-31 22:54:05.498454+00	\N	9f3fb0f9-16f8-45e2-9c87-f2defd253c2f	2025-12-31 22:54:05.498453+00	\N	\N	2025-12-31 22:54:05.484214+00	2026-01-01 00:10:50.155204+00	2	f
13	2	2025-12-31	2	9f3fb0f9-16f8-45e2-9c87-f2defd253c2f	2025-12-31 22:39:31.261942+00	\N	b7705804-33b5-41e5-bdfb-58763d87e2f0	2026-01-01 00:11:35.22238+00	Need help with this	2026-01-01 00:11:20.996163+00	2025-12-31 22:39:31.107916+00	2026-01-01 00:11:35.222274+00	4	f
41	8	2026-01-06	2	9f3fb0f9-16f8-45e2-9c87-f2defd253c2f	2026-01-06 19:08:57.2758+00	\N	9f3fb0f9-16f8-45e2-9c87-f2defd253c2f	2026-01-06 19:08:57.275799+00	\N	\N	2026-01-06 19:08:57.261485+00	2026-01-06 19:08:57.275797+00	1	f
43	7	2026-01-07	2	9f3fb0f9-16f8-45e2-9c87-f2defd253c2f	2026-01-07 23:07:57.860297+00	\N	9f3fb0f9-16f8-45e2-9c87-f2defd253c2f	2026-01-07 23:07:57.860296+00	\N	\N	2026-01-07 23:07:57.846475+00	2026-01-07 23:07:57.860295+00	1	f
18	2	2026-01-02	0	b7705804-33b5-41e5-bdfb-58763d87e2f0	2026-01-02 13:57:25.18257+00	\N	b7705804-33b5-41e5-bdfb-58763d87e2f0	2026-01-02 13:57:25.182569+00	\N	\N	2026-01-02 13:57:25.170617+00	2026-01-02 13:57:28.894193+00	2	f
17	1	2026-01-02	0	b7705804-33b5-41e5-bdfb-58763d87e2f0	2026-01-02 13:57:24.21819+00	\N	b7705804-33b5-41e5-bdfb-58763d87e2f0	2026-01-02 13:57:24.21819+00	\N	\N	2026-01-02 13:57:24.205118+00	2026-01-02 13:57:29.416464+00	2	f
16	3	2026-01-02	0	b7705804-33b5-41e5-bdfb-58763d87e2f0	2026-01-02 13:57:22.226578+00	\N	b7705804-33b5-41e5-bdfb-58763d87e2f0	2026-01-02 13:57:22.226438+00	\N	\N	2026-01-02 13:57:22.015516+00	2026-01-02 13:57:29.927298+00	2	f
44	1	2026-01-07	2	9f3fb0f9-16f8-45e2-9c87-f2defd253c2f	2026-01-07 23:07:58.744357+00	\N	9f3fb0f9-16f8-45e2-9c87-f2defd253c2f	2026-01-07 23:07:58.744356+00	\N	\N	2026-01-07 23:07:58.732823+00	2026-01-07 23:07:58.744354+00	1	f
19	2	2026-01-03	5	\N	\N	\N	\N	\N	Need help with this	2026-01-03 21:06:46.938477+00	2026-01-03 21:06:46.790643+00	2026-01-03 21:06:46.938528+00	1	f
20	1	2026-01-03	5	\N	\N	\N	\N	\N	Need help with this	2026-01-03 21:07:28.548272+00	2026-01-03 21:07:28.538404+00	2026-01-03 21:07:28.548273+00	1	f
45	8	2026-01-07	2	9f3fb0f9-16f8-45e2-9c87-f2defd253c2f	2026-01-07 23:08:00.080948+00	\N	9f3fb0f9-16f8-45e2-9c87-f2defd253c2f	2026-01-07 23:08:00.080948+00	\N	\N	2026-01-07 23:08:00.068479+00	2026-01-07 23:08:00.080948+00	1	f
21	3	2026-01-03	5	\N	\N	\N	\N	\N	Need help with this	2026-01-03 21:08:15.636976+00	2026-01-03 21:08:15.628941+00	2026-01-03 21:08:15.636977+00	1	f
46	2	2026-01-07	2	9f3fb0f9-16f8-45e2-9c87-f2defd253c2f	2026-01-07 23:08:03.65783+00	\N	9f3fb0f9-16f8-45e2-9c87-f2defd253c2f	2026-01-07 23:08:03.65783+00	\N	\N	2026-01-07 23:08:03.643871+00	2026-01-07 23:08:03.65783+00	1	f
47	4	2026-01-07	2	9f3fb0f9-16f8-45e2-9c87-f2defd253c2f	2026-01-07 23:08:05.552238+00	\N	9f3fb0f9-16f8-45e2-9c87-f2defd253c2f	2026-01-07 23:08:05.552238+00	\N	\N	2026-01-07 23:08:05.53904+00	2026-01-07 23:08:05.552238+00	1	f
48	5	2026-01-07	2	9f3fb0f9-16f8-45e2-9c87-f2defd253c2f	2026-01-07 23:08:07.017266+00	\N	9f3fb0f9-16f8-45e2-9c87-f2defd253c2f	2026-01-07 23:08:07.017266+00	\N	\N	2026-01-07 23:08:07.005101+00	2026-01-07 23:08:07.017266+00	1	f
49	10	2026-01-07	4	\N	\N	\N	\N	\N	\N	\N	2026-01-07 23:09:54.493952+00	2026-01-07 23:09:54.505082+00	1	f
23	2	2026-01-04	0	b7705804-33b5-41e5-bdfb-58763d87e2f0	2026-01-05 05:10:28.6837+00	Got you Bro	b7705804-33b5-41e5-bdfb-58763d87e2f0	2026-01-05 05:11:27.71859+00	Need help with this	2026-01-05 05:11:18.95913+00	2026-01-05 05:10:28.6689+00	2026-01-05 05:24:41.833555+00	5	f
50	1	2026-01-14	2	9f3fb0f9-16f8-45e2-9c87-f2defd253c2f	2026-01-14 15:04:57.631797+00	\N	9f3fb0f9-16f8-45e2-9c87-f2defd253c2f	2026-01-14 15:04:57.631797+00	\N	\N	2026-01-14 15:04:57.597534+00	2026-01-14 15:04:57.631796+00	1	f
22	1	2026-01-04	2	b7705804-33b5-41e5-bdfb-58763d87e2f0	2026-01-05 05:10:28.023148+00	123	9f161d20-a69b-453a-aa9e-31cb6f4e62af	2026-01-05 05:24:46.627895+00	Need help with this	2026-01-05 05:11:58.875542+00	2026-01-05 05:10:27.751429+00	2026-01-05 05:24:46.62776+00	6	f
51	1	2026-01-22	2	9f3fb0f9-16f8-45e2-9c87-f2defd253c2f	2026-01-22 23:58:59.861079+00	\N	9f3fb0f9-16f8-45e2-9c87-f2defd253c2f	2026-01-22 23:58:59.861078+00	\N	\N	2026-01-22 23:58:59.827295+00	2026-01-22 23:58:59.861078+00	1	f
24	7	2026-01-04	0	9f161d20-a69b-453a-aa9e-31cb6f4e62af	2026-01-05 05:44:48.977711+00	\N	9f161d20-a69b-453a-aa9e-31cb6f4e62af	2026-01-05 05:44:48.977474+00	\N	\N	2026-01-05 05:44:48.921517+00	2026-01-05 05:44:49.585435+00	2	f
52	7	2026-01-22	2	9f3fb0f9-16f8-45e2-9c87-f2defd253c2f	2026-01-22 23:59:00.934411+00	\N	9f3fb0f9-16f8-45e2-9c87-f2defd253c2f	2026-01-22 23:59:00.934411+00	\N	\N	2026-01-22 23:59:00.91512+00	2026-01-22 23:59:00.93441+00	1	f
53	8	2026-01-22	2	9f3fb0f9-16f8-45e2-9c87-f2defd253c2f	2026-01-22 23:59:04.163215+00	\N	9f3fb0f9-16f8-45e2-9c87-f2defd253c2f	2026-01-22 23:59:04.163215+00	\N	\N	2026-01-22 23:59:04.151837+00	2026-01-22 23:59:04.163215+00	1	f
25	7	2026-01-05	2	9f3fb0f9-16f8-45e2-9c87-f2defd253c2f	2026-01-05 18:24:47.82178+00	\N	9f3fb0f9-16f8-45e2-9c87-f2defd253c2f	2026-01-05 18:24:47.821623+00	\N	\N	2026-01-05 14:58:21.20501+00	2026-01-05 18:24:47.821526+00	3	f
27	19	2026-01-05	2	9f3fb0f9-16f8-45e2-9c87-f2defd253c2f	2026-01-05 18:24:49.496981+00	\N	9f3fb0f9-16f8-45e2-9c87-f2defd253c2f	2026-01-05 18:24:49.496981+00	\N	\N	2026-01-05 18:24:49.482919+00	2026-01-05 18:24:49.496979+00	1	f
28	1	2026-01-05	2	9f3fb0f9-16f8-45e2-9c87-f2defd253c2f	2026-01-05 18:24:59.768131+00	\N	9f3fb0f9-16f8-45e2-9c87-f2defd253c2f	2026-01-05 18:24:59.76813+00	\N	\N	2026-01-05 18:24:59.752152+00	2026-01-05 18:24:59.768128+00	1	f
29	10	2026-01-05	2	9f3fb0f9-16f8-45e2-9c87-f2defd253c2f	2026-01-05 18:25:07.752624+00	\N	9f3fb0f9-16f8-45e2-9c87-f2defd253c2f	2026-01-05 18:25:07.752623+00	\N	\N	2026-01-05 18:25:07.739728+00	2026-01-05 18:25:07.752621+00	1	f
30	8	2026-01-05	2	9f3fb0f9-16f8-45e2-9c87-f2defd253c2f	2026-01-05 18:25:12.216908+00	\N	9f3fb0f9-16f8-45e2-9c87-f2defd253c2f	2026-01-05 18:25:12.216907+00	\N	\N	2026-01-05 18:25:12.20432+00	2026-01-05 18:25:12.216905+00	1	f
31	2	2026-01-05	2	9f3fb0f9-16f8-45e2-9c87-f2defd253c2f	2026-01-05 18:25:14.605391+00	\N	9f3fb0f9-16f8-45e2-9c87-f2defd253c2f	2026-01-05 18:25:14.605391+00	\N	\N	2026-01-05 18:25:14.594064+00	2026-01-05 18:25:14.605389+00	1	f
32	5	2026-01-05	2	9f3fb0f9-16f8-45e2-9c87-f2defd253c2f	2026-01-05 18:26:07.229709+00	\N	9f3fb0f9-16f8-45e2-9c87-f2defd253c2f	2026-01-05 18:26:07.229708+00	\N	\N	2026-01-05 18:26:07.216019+00	2026-01-05 18:26:07.229706+00	1	f
84	1	2026-02-10	5	\N	\N	\N	\N	\N	Need help with this	2026-02-11 04:08:41.842251+00	2026-02-11 04:08:41.786632+00	2026-02-11 04:08:41.842347+00	1	f
54	2	2026-01-22	2	9f3fb0f9-16f8-45e2-9c87-f2defd253c2f	2026-01-22 23:59:04.988365+00	\N	9f3fb0f9-16f8-45e2-9c87-f2defd253c2f	2026-01-22 23:59:04.988365+00	\N	\N	2026-01-22 23:59:04.976367+00	2026-01-22 23:59:04.988365+00	1	f
55	4	2026-01-22	2	9f3fb0f9-16f8-45e2-9c87-f2defd253c2f	2026-01-22 23:59:05.901215+00	\N	9f3fb0f9-16f8-45e2-9c87-f2defd253c2f	2026-01-22 23:59:05.901215+00	\N	\N	2026-01-22 23:59:05.889475+00	2026-01-22 23:59:05.901215+00	1	f
99	7	2026-02-15	2	9f3fb0f9-16f8-45e2-9c87-f2defd253c2f	2026-02-15 19:42:17.474292+00	\N	9f3fb0f9-16f8-45e2-9c87-f2defd253c2f	2026-02-15 19:42:17.474292+00	\N	\N	2026-02-15 19:42:17.461846+00	2026-02-15 19:42:17.474292+00	1	f
56	5	2026-01-22	2	9f3fb0f9-16f8-45e2-9c87-f2defd253c2f	2026-01-22 23:59:11.006131+00	\N	9f3fb0f9-16f8-45e2-9c87-f2defd253c2f	2026-01-22 23:59:11.006131+00	\N	\N	2026-01-22 23:59:10.992954+00	2026-01-22 23:59:11.006131+00	1	f
57	6	2026-01-22	2	9f3fb0f9-16f8-45e2-9c87-f2defd253c2f	2026-01-22 23:59:14.695257+00	\N	9f3fb0f9-16f8-45e2-9c87-f2defd253c2f	2026-01-22 23:59:14.695257+00	\N	\N	2026-01-22 23:59:14.682174+00	2026-01-22 23:59:14.695256+00	1	f
58	12	2026-01-22	2	9f3fb0f9-16f8-45e2-9c87-f2defd253c2f	2026-01-22 23:59:17.588408+00	\N	9f3fb0f9-16f8-45e2-9c87-f2defd253c2f	2026-01-22 23:59:17.588408+00	\N	\N	2026-01-22 23:59:17.575379+00	2026-01-22 23:59:17.588407+00	1	f
102	15	2026-02-15	2	9f3fb0f9-16f8-45e2-9c87-f2defd253c2f	2026-02-15 19:44:36.599323+00	\N	9f3fb0f9-16f8-45e2-9c87-f2defd253c2f	2026-02-15 19:44:36.599323+00	\N	\N	2026-02-15 19:44:36.584489+00	2026-02-15 19:44:36.599323+00	1	f
272	20	2026-03-11	2	9f3fb0f9-16f8-45e2-9c87-f2defd253c2f	2026-03-12 02:32:19.192386+00	\N	9f3fb0f9-16f8-45e2-9c87-f2defd253c2f	2026-03-12 02:32:19.192385+00	\N	\N	2026-03-12 02:32:19.178839+00	2026-03-12 02:32:19.192385+00	1	f
114	10	2026-02-16	2	9f3fb0f9-16f8-45e2-9c87-f2defd253c2f	2026-02-17 01:00:52.658893+00	\N	9f3fb0f9-16f8-45e2-9c87-f2defd253c2f	2026-02-17 01:00:52.658893+00	\N	\N	2026-02-17 01:00:52.648124+00	2026-02-17 01:00:52.658893+00	1	f
908	8	2026-06-19	2	9f3fb0f9-16f8-45e2-9c87-f2defd253c2f	2026-06-20 01:59:44.963064+00	\N	9f3fb0f9-16f8-45e2-9c87-f2defd253c2f	2026-06-20 01:59:44.962879+00	\N	\N	2026-06-19 20:12:50.206576+00	2026-06-20 01:59:44.962623+00	3	f
115	6	2026-02-16	2	9f3fb0f9-16f8-45e2-9c87-f2defd253c2f	2026-02-17 01:01:05.701716+00	\N	9f3fb0f9-16f8-45e2-9c87-f2defd253c2f	2026-02-17 01:01:05.701716+00	\N	\N	2026-02-17 01:01:05.68803+00	2026-02-17 01:01:05.701716+00	1	f
113	18	2026-02-16	2	9f3fb0f9-16f8-45e2-9c87-f2defd253c2f	2026-02-17 01:00:46.704436+00	\N	9f3fb0f9-16f8-45e2-9c87-f2defd253c2f	2026-02-17 01:00:46.704436+00	\N	\N	2026-02-17 01:00:46.669415+00	2026-02-17 01:00:46.704436+00	1	t
116	9	2026-02-16	2	9f3fb0f9-16f8-45e2-9c87-f2defd253c2f	2026-02-17 01:01:21.263954+00	\N	9f3fb0f9-16f8-45e2-9c87-f2defd253c2f	2026-02-17 01:01:21.263954+00	\N	\N	2026-02-17 01:01:21.250558+00	2026-02-17 01:01:21.263954+00	1	f
273	19	2026-03-11	2	9f3fb0f9-16f8-45e2-9c87-f2defd253c2f	2026-03-12 02:32:21.127893+00	\N	9f3fb0f9-16f8-45e2-9c87-f2defd253c2f	2026-03-12 02:32:21.127893+00	\N	\N	2026-03-12 02:32:21.116051+00	2026-03-12 02:32:21.127893+00	1	f
134	18	2026-02-24	2	9f3fb0f9-16f8-45e2-9c87-f2defd253c2f	2026-02-25 00:46:38.667358+00	\N	9f3fb0f9-16f8-45e2-9c87-f2defd253c2f	2026-02-25 00:46:38.667358+00	\N	\N	2026-02-25 00:46:38.633473+00	2026-02-25 00:46:38.667358+00	1	t
136	7	2026-02-24	2	9f3fb0f9-16f8-45e2-9c87-f2defd253c2f	2026-02-25 00:46:41.55758+00	\N	9f3fb0f9-16f8-45e2-9c87-f2defd253c2f	2026-02-25 00:46:41.55758+00	\N	\N	2026-02-25 00:46:41.544685+00	2026-02-25 00:46:41.557579+00	1	f
135	17	2026-02-24	2	9f3fb0f9-16f8-45e2-9c87-f2defd253c2f	2026-02-25 00:46:40.039222+00	\N	9f3fb0f9-16f8-45e2-9c87-f2defd253c2f	2026-02-25 00:46:40.039222+00	\N	\N	2026-02-25 00:46:40.027806+00	2026-02-25 00:46:40.039222+00	1	t
140	1	2026-02-24	2	9f3fb0f9-16f8-45e2-9c87-f2defd253c2f	2026-02-25 00:46:57.34572+00	\N	9f3fb0f9-16f8-45e2-9c87-f2defd253c2f	2026-02-25 00:46:57.34572+00	\N	\N	2026-02-25 00:46:57.331716+00	2026-02-25 00:46:57.34572+00	1	f
294	17	2026-03-15	2	9f3fb0f9-16f8-45e2-9c87-f2defd253c2f	2026-03-15 20:30:56.344693+00	\N	9f3fb0f9-16f8-45e2-9c87-f2defd253c2f	2026-03-15 20:30:56.344692+00	\N	\N	2026-03-15 20:30:56.308948+00	2026-03-15 20:30:56.344692+00	1	t
141	4	2026-02-24	2	9f3fb0f9-16f8-45e2-9c87-f2defd253c2f	2026-02-25 00:46:58.940438+00	\N	9f3fb0f9-16f8-45e2-9c87-f2defd253c2f	2026-02-25 00:46:58.940438+00	\N	\N	2026-02-25 00:46:58.927527+00	2026-02-25 00:46:58.940437+00	1	f
143	8	2026-02-24	2	9f3fb0f9-16f8-45e2-9c87-f2defd253c2f	2026-02-25 00:47:09.297278+00	\N	9f3fb0f9-16f8-45e2-9c87-f2defd253c2f	2026-02-25 00:47:09.297278+00	\N	\N	2026-02-25 00:47:09.282844+00	2026-02-25 00:47:09.297278+00	1	f
262	1	2026-03-11	2	9f3fb0f9-16f8-45e2-9c87-f2defd253c2f	2026-03-12 02:32:02.111893+00	\N	9f3fb0f9-16f8-45e2-9c87-f2defd253c2f	2026-03-12 02:32:02.111893+00	\N	\N	2026-03-12 02:32:02.075788+00	2026-03-12 02:32:02.111892+00	1	f
264	8	2026-03-11	2	9f3fb0f9-16f8-45e2-9c87-f2defd253c2f	2026-03-12 02:32:04.422711+00	\N	9f3fb0f9-16f8-45e2-9c87-f2defd253c2f	2026-03-12 02:32:04.422711+00	\N	\N	2026-03-12 02:32:04.411417+00	2026-03-12 02:32:04.42271+00	1	f
265	2	2026-03-11	2	9f3fb0f9-16f8-45e2-9c87-f2defd253c2f	2026-03-12 02:32:05.436387+00	\N	9f3fb0f9-16f8-45e2-9c87-f2defd253c2f	2026-03-12 02:32:05.436387+00	\N	\N	2026-03-12 02:32:05.425184+00	2026-03-12 02:32:05.436387+00	1	f
268	10	2026-03-11	2	9f3fb0f9-16f8-45e2-9c87-f2defd253c2f	2026-03-12 02:32:12.624782+00	\N	9f3fb0f9-16f8-45e2-9c87-f2defd253c2f	2026-03-12 02:32:12.624782+00	\N	\N	2026-03-12 02:32:12.613107+00	2026-03-12 02:32:12.624781+00	1	f
269	9	2026-03-11	2	9f3fb0f9-16f8-45e2-9c87-f2defd253c2f	2026-03-12 02:32:15.491718+00	\N	9f3fb0f9-16f8-45e2-9c87-f2defd253c2f	2026-03-12 02:32:15.491718+00	\N	\N	2026-03-12 02:32:15.479193+00	2026-03-12 02:32:15.491718+00	1	f
270	6	2026-03-11	2	9f3fb0f9-16f8-45e2-9c87-f2defd253c2f	2026-03-12 02:32:16.428353+00	\N	9f3fb0f9-16f8-45e2-9c87-f2defd253c2f	2026-03-12 02:32:16.428353+00	\N	\N	2026-03-12 02:32:16.417622+00	2026-03-12 02:32:16.428353+00	1	f
271	12	2026-03-11	2	9f3fb0f9-16f8-45e2-9c87-f2defd253c2f	2026-03-12 02:32:17.9329+00	\N	9f3fb0f9-16f8-45e2-9c87-f2defd253c2f	2026-03-12 02:32:17.9329+00	\N	\N	2026-03-12 02:32:17.922321+00	2026-03-12 02:32:17.9329+00	1	f
60	13	2026-02-08	2	9f3fb0f9-16f8-45e2-9c87-f2defd253c2f	2026-02-09 00:04:13.332077+00	\N	9f3fb0f9-16f8-45e2-9c87-f2defd253c2f	2026-02-09 00:04:13.332077+00	\N	\N	2026-02-09 00:04:13.318362+00	2026-02-09 00:04:13.332077+00	1	f
61	1	2026-02-08	2	9f3fb0f9-16f8-45e2-9c87-f2defd253c2f	2026-02-09 00:04:18.262222+00	\N	9f3fb0f9-16f8-45e2-9c87-f2defd253c2f	2026-02-09 00:04:18.262222+00	\N	\N	2026-02-09 00:04:18.246633+00	2026-02-09 00:04:18.262222+00	1	f
62	2	2026-02-08	2	9f3fb0f9-16f8-45e2-9c87-f2defd253c2f	2026-02-09 00:04:18.998741+00	\N	9f3fb0f9-16f8-45e2-9c87-f2defd253c2f	2026-02-09 00:04:18.998741+00	\N	\N	2026-02-09 00:04:18.986838+00	2026-02-09 00:04:18.998741+00	1	f
63	11	2026-02-08	2	9f3fb0f9-16f8-45e2-9c87-f2defd253c2f	2026-02-09 00:04:22.747489+00	\N	9f3fb0f9-16f8-45e2-9c87-f2defd253c2f	2026-02-09 00:04:22.747489+00	\N	\N	2026-02-09 00:04:22.736069+00	2026-02-09 00:04:22.747489+00	1	f
100	5	2026-02-15	2	9f3fb0f9-16f8-45e2-9c87-f2defd253c2f	2026-02-15 19:42:19.761589+00	\N	9f3fb0f9-16f8-45e2-9c87-f2defd253c2f	2026-02-15 19:42:19.761589+00	\N	\N	2026-02-15 19:42:19.748923+00	2026-02-15 19:42:19.761588+00	1	f
64	5	2026-02-08	2	9f3fb0f9-16f8-45e2-9c87-f2defd253c2f	2026-02-09 00:04:25.977397+00	\N	9f3fb0f9-16f8-45e2-9c87-f2defd253c2f	2026-02-09 00:04:25.977397+00	\N	\N	2026-02-09 00:04:25.963965+00	2026-02-09 00:04:25.977397+00	1	f
65	12	2026-02-08	2	9f3fb0f9-16f8-45e2-9c87-f2defd253c2f	2026-02-09 00:04:29.540254+00	\N	9f3fb0f9-16f8-45e2-9c87-f2defd253c2f	2026-02-09 00:04:29.540254+00	\N	\N	2026-02-09 00:04:29.525563+00	2026-02-09 00:04:29.540254+00	1	f
66	7	2026-02-08	2	9f3fb0f9-16f8-45e2-9c87-f2defd253c2f	2026-02-09 00:06:56.925362+00	\N	9f3fb0f9-16f8-45e2-9c87-f2defd253c2f	2026-02-09 00:06:56.925362+00	\N	\N	2026-02-09 00:06:56.911064+00	2026-02-09 00:06:56.925361+00	1	f
67	8	2026-02-08	2	9f3fb0f9-16f8-45e2-9c87-f2defd253c2f	2026-02-09 00:06:58.938785+00	\N	9f3fb0f9-16f8-45e2-9c87-f2defd253c2f	2026-02-09 00:06:58.938784+00	\N	\N	2026-02-09 00:06:58.92533+00	2026-02-09 00:06:58.938784+00	1	f
68	4	2026-02-08	2	9f3fb0f9-16f8-45e2-9c87-f2defd253c2f	2026-02-09 00:07:03.329359+00	\N	9f3fb0f9-16f8-45e2-9c87-f2defd253c2f	2026-02-09 00:07:03.329359+00	\N	\N	2026-02-09 00:07:03.31411+00	2026-02-09 00:07:03.329359+00	1	f
101	2	2026-02-15	2	9f3fb0f9-16f8-45e2-9c87-f2defd253c2f	2026-02-15 19:42:30.856807+00	\N	9f3fb0f9-16f8-45e2-9c87-f2defd253c2f	2026-02-15 19:42:30.856806+00	\N	\N	2026-02-15 19:42:30.841906+00	2026-02-15 19:42:30.856806+00	1	f
274	1	2026-03-12	2	9f3fb0f9-16f8-45e2-9c87-f2defd253c2f	2026-03-13 04:43:04.095103+00	\N	9f3fb0f9-16f8-45e2-9c87-f2defd253c2f	2026-03-13 04:43:04.095102+00	\N	\N	2026-03-13 04:43:04.060804+00	2026-03-13 04:43:04.095102+00	1	f
121	2	2026-02-21	2	9f3fb0f9-16f8-45e2-9c87-f2defd253c2f	2026-02-21 18:41:29.916715+00	\N	9f3fb0f9-16f8-45e2-9c87-f2defd253c2f	2026-02-21 18:41:29.916715+00	\N	\N	2026-02-21 18:41:29.904155+00	2026-02-21 18:41:29.916715+00	1	f
122	4	2026-02-21	2	9f3fb0f9-16f8-45e2-9c87-f2defd253c2f	2026-02-21 18:41:32.809524+00	\N	9f3fb0f9-16f8-45e2-9c87-f2defd253c2f	2026-02-21 18:41:32.809524+00	\N	\N	2026-02-21 18:41:32.796623+00	2026-02-21 18:41:32.809524+00	1	f
275	7	2026-03-12	2	9f3fb0f9-16f8-45e2-9c87-f2defd253c2f	2026-03-13 04:43:04.7455+00	\N	9f3fb0f9-16f8-45e2-9c87-f2defd253c2f	2026-03-13 04:43:04.7455+00	\N	\N	2026-03-13 04:43:04.734726+00	2026-03-13 04:43:04.745499+00	1	f
123	5	2026-02-21	2	9f3fb0f9-16f8-45e2-9c87-f2defd253c2f	2026-02-21 18:41:34.908572+00	\N	9f3fb0f9-16f8-45e2-9c87-f2defd253c2f	2026-02-21 18:41:34.908572+00	\N	\N	2026-02-21 18:41:34.895933+00	2026-02-21 18:41:34.908572+00	1	f
117	15	2026-02-21	4	\N	\N	\N	\N	\N	Need help with this	2026-02-21 18:41:02.434022+00	2026-02-21 18:41:02.42318+00	2026-02-22 21:16:46.392037+00	2	f
137	2	2026-02-24	2	9f3fb0f9-16f8-45e2-9c87-f2defd253c2f	2026-02-25 00:46:42.851109+00	\N	9f3fb0f9-16f8-45e2-9c87-f2defd253c2f	2026-02-25 00:46:42.851109+00	\N	\N	2026-02-25 00:46:42.837689+00	2026-02-25 00:46:42.851109+00	1	f
138	5	2026-02-24	2	9f3fb0f9-16f8-45e2-9c87-f2defd253c2f	2026-02-25 00:46:45.168775+00	\N	9f3fb0f9-16f8-45e2-9c87-f2defd253c2f	2026-02-25 00:46:45.168775+00	\N	\N	2026-02-25 00:46:45.156531+00	2026-02-25 00:46:45.168775+00	1	f
139	9	2026-02-24	2	9f3fb0f9-16f8-45e2-9c87-f2defd253c2f	2026-02-25 00:46:47.912163+00	\N	9f3fb0f9-16f8-45e2-9c87-f2defd253c2f	2026-02-25 00:46:47.912162+00	\N	\N	2026-02-25 00:46:47.901625+00	2026-02-25 00:46:47.912162+00	1	f
142	6	2026-02-24	2	9f3fb0f9-16f8-45e2-9c87-f2defd253c2f	2026-02-25 00:47:01.655127+00	\N	9f3fb0f9-16f8-45e2-9c87-f2defd253c2f	2026-02-25 00:47:01.655127+00	\N	\N	2026-02-25 00:47:01.642268+00	2026-02-25 00:47:01.655127+00	1	f
284	20	2026-03-12	2	9f3fb0f9-16f8-45e2-9c87-f2defd253c2f	2026-03-13 04:43:15.649206+00	\N	9f3fb0f9-16f8-45e2-9c87-f2defd253c2f	2026-03-13 04:43:15.649206+00	\N	\N	2026-03-13 04:43:15.637219+00	2026-03-13 04:43:15.649205+00	1	f
925	23	2026-06-19	2	b7705804-33b5-41e5-bdfb-58763d87e2f0	2026-06-20 04:13:22.386588+00	\N	b7705804-33b5-41e5-bdfb-58763d87e2f0	2026-06-20 04:13:51.070736+00	\N	\N	2026-06-20 04:11:10.56423+00	2026-06-20 04:13:51.070737+00	3	f
924	27	2026-06-19	2	b7705804-33b5-41e5-bdfb-58763d87e2f0	2026-06-20 04:13:19.80821+00	\N	b7705804-33b5-41e5-bdfb-58763d87e2f0	2026-06-20 04:13:53.010177+00	\N	\N	2026-06-20 04:11:08.83143+00	2026-06-20 04:13:53.010179+00	5	f
59	17	2026-02-08	2	9f3fb0f9-16f8-45e2-9c87-f2defd253c2f	2026-02-09 00:04:09.84809+00	\N	9f3fb0f9-16f8-45e2-9c87-f2defd253c2f	2026-02-09 00:04:09.84809+00	\N	\N	2026-02-09 00:04:09.810345+00	2026-02-09 00:04:09.84809+00	1	t
909	16	2026-06-19	2	b7705804-33b5-41e5-bdfb-58763d87e2f0	2026-06-20 04:13:23.774997+00	\N	b7705804-33b5-41e5-bdfb-58763d87e2f0	2026-06-20 04:13:24.529419+00	Need help with this	2026-06-20 02:31:56.339576+00	2026-06-19 20:41:23.694086+00	2026-06-20 04:13:24.529418+00	11	t
237	17	2026-03-08	2	9f3fb0f9-16f8-45e2-9c87-f2defd253c2f	2026-03-08 19:17:46.807438+00	\N	9f3fb0f9-16f8-45e2-9c87-f2defd253c2f	2026-03-08 19:17:46.807438+00	\N	\N	2026-03-08 19:17:46.771882+00	2026-03-08 19:17:46.807437+00	1	t
239	8	2026-03-08	2	9f3fb0f9-16f8-45e2-9c87-f2defd253c2f	2026-03-08 19:18:08.22055+00	\N	9f3fb0f9-16f8-45e2-9c87-f2defd253c2f	2026-03-08 19:18:08.22055+00	\N	\N	2026-03-08 19:18:08.208433+00	2026-03-08 19:18:08.22055+00	1	f
240	4	2026-03-08	2	9f3fb0f9-16f8-45e2-9c87-f2defd253c2f	2026-03-08 19:18:09.878198+00	\N	9f3fb0f9-16f8-45e2-9c87-f2defd253c2f	2026-03-08 19:18:09.878198+00	\N	\N	2026-03-08 19:18:09.865384+00	2026-03-08 19:18:09.878198+00	1	f
243	2	2026-03-08	2	9f3fb0f9-16f8-45e2-9c87-f2defd253c2f	2026-03-08 19:18:38.264094+00	\N	9f3fb0f9-16f8-45e2-9c87-f2defd253c2f	2026-03-08 19:18:38.264094+00	\N	\N	2026-03-08 19:18:38.252945+00	2026-03-08 19:18:38.264094+00	1	f
245	5	2026-03-08	2	9f3fb0f9-16f8-45e2-9c87-f2defd253c2f	2026-03-08 19:18:58.771823+00	\N	9f3fb0f9-16f8-45e2-9c87-f2defd253c2f	2026-03-08 19:18:58.771823+00	\N	\N	2026-03-08 19:18:58.758379+00	2026-03-08 19:18:58.771823+00	1	f
246	13	2026-03-08	2	9f3fb0f9-16f8-45e2-9c87-f2defd253c2f	2026-03-08 19:21:02.685716+00	\N	9f3fb0f9-16f8-45e2-9c87-f2defd253c2f	2026-03-08 19:21:02.685716+00	\N	\N	2026-03-08 19:21:02.671146+00	2026-03-08 19:21:02.685716+00	1	f
263	7	2026-03-11	2	9f3fb0f9-16f8-45e2-9c87-f2defd253c2f	2026-03-12 02:32:02.850319+00	\N	9f3fb0f9-16f8-45e2-9c87-f2defd253c2f	2026-03-12 02:32:02.850319+00	\N	\N	2026-03-12 02:32:02.837218+00	2026-03-12 02:32:02.850319+00	1	f
266	4	2026-03-11	2	9f3fb0f9-16f8-45e2-9c87-f2defd253c2f	2026-03-12 02:32:10.911737+00	\N	9f3fb0f9-16f8-45e2-9c87-f2defd253c2f	2026-03-12 02:32:10.911737+00	\N	\N	2026-03-12 02:32:10.898781+00	2026-03-12 02:32:10.911737+00	1	f
267	5	2026-03-11	2	9f3fb0f9-16f8-45e2-9c87-f2defd253c2f	2026-03-12 02:32:11.632657+00	\N	9f3fb0f9-16f8-45e2-9c87-f2defd253c2f	2026-03-12 02:32:11.632657+00	\N	\N	2026-03-12 02:32:11.62142+00	2026-03-12 02:32:11.632657+00	1	f
276	8	2026-03-12	2	9f3fb0f9-16f8-45e2-9c87-f2defd253c2f	2026-03-13 04:43:05.844924+00	\N	9f3fb0f9-16f8-45e2-9c87-f2defd253c2f	2026-03-13 04:43:05.844924+00	\N	\N	2026-03-13 04:43:05.83403+00	2026-03-13 04:43:05.844924+00	1	f
70	15	2026-02-08	2	9f3fb0f9-16f8-45e2-9c87-f2defd253c2f	2026-02-09 00:23:48.37647+00	\N	9f3fb0f9-16f8-45e2-9c87-f2defd253c2f	2026-02-09 00:23:48.37647+00	\N	\N	2026-02-09 00:23:48.362585+00	2026-02-09 00:23:48.37647+00	1	f
71	3	2026-02-08	2	9f3fb0f9-16f8-45e2-9c87-f2defd253c2f	2026-02-09 00:26:54.168901+00	\N	9f3fb0f9-16f8-45e2-9c87-f2defd253c2f	2026-02-09 00:26:54.168901+00	\N	\N	2026-02-09 00:26:54.152003+00	2026-02-09 00:26:54.168901+00	1	f
72	6	2026-02-08	2	9f3fb0f9-16f8-45e2-9c87-f2defd253c2f	2026-02-09 00:26:56.391331+00	\N	9f3fb0f9-16f8-45e2-9c87-f2defd253c2f	2026-02-09 00:26:56.391331+00	\N	\N	2026-02-09 00:26:56.377846+00	2026-02-09 00:26:56.39133+00	1	f
118	1	2026-02-21	2	9f3fb0f9-16f8-45e2-9c87-f2defd253c2f	2026-02-21 18:41:12.123315+00	\N	9f3fb0f9-16f8-45e2-9c87-f2defd253c2f	2026-02-21 18:41:12.123315+00	\N	\N	2026-02-21 18:41:12.108916+00	2026-02-21 18:41:12.123314+00	1	f
453	3	2026-03-28	2	9f3fb0f9-16f8-45e2-9c87-f2defd253c2f	2026-03-28 20:14:47.495015+00	\N	9f3fb0f9-16f8-45e2-9c87-f2defd253c2f	2026-03-28 20:14:47.495015+00	\N	\N	2026-03-28 20:14:47.462581+00	2026-03-28 20:14:47.495015+00	1	f
119	8	2026-02-21	2	9f3fb0f9-16f8-45e2-9c87-f2defd253c2f	2026-02-21 18:41:13.380263+00	\N	9f3fb0f9-16f8-45e2-9c87-f2defd253c2f	2026-02-21 18:41:13.380263+00	\N	\N	2026-02-21 18:41:13.369508+00	2026-02-21 18:41:13.380263+00	1	f
120	7	2026-02-21	2	9f3fb0f9-16f8-45e2-9c87-f2defd253c2f	2026-02-21 18:41:28.323865+00	\N	9f3fb0f9-16f8-45e2-9c87-f2defd253c2f	2026-02-21 18:41:28.323864+00	\N	\N	2026-02-21 18:41:28.313061+00	2026-02-21 18:41:28.323864+00	1	f
277	2	2026-03-12	2	9f3fb0f9-16f8-45e2-9c87-f2defd253c2f	2026-03-13 04:43:06.211134+00	\N	9f3fb0f9-16f8-45e2-9c87-f2defd253c2f	2026-03-13 04:43:06.211134+00	\N	\N	2026-03-13 04:43:06.198459+00	2026-03-13 04:43:06.211134+00	1	f
278	4	2026-03-12	2	9f3fb0f9-16f8-45e2-9c87-f2defd253c2f	2026-03-13 04:43:09.326657+00	\N	9f3fb0f9-16f8-45e2-9c87-f2defd253c2f	2026-03-13 04:43:09.326657+00	\N	\N	2026-03-13 04:43:09.315226+00	2026-03-13 04:43:09.326657+00	1	f
910	19	2026-06-19	2	9f3fb0f9-16f8-45e2-9c87-f2defd253c2f	2026-06-20 02:00:10.352794+00	\N	9f3fb0f9-16f8-45e2-9c87-f2defd253c2f	2026-06-20 02:00:10.352794+00	\N	\N	2026-06-19 22:07:29.565308+00	2026-06-20 02:00:10.352794+00	3	f
147	1	2026-02-28	2	9f161d20-a69b-453a-aa9e-31cb6f4e62af	2026-03-02 01:00:17.381038+00	\N	9f161d20-a69b-453a-aa9e-31cb6f4e62af	2026-03-02 01:00:17.381038+00	\N	\N	2026-03-02 01:00:17.371426+00	2026-03-02 01:00:17.381038+00	1	f
279	5	2026-03-12	2	9f3fb0f9-16f8-45e2-9c87-f2defd253c2f	2026-03-13 04:43:09.771291+00	\N	9f3fb0f9-16f8-45e2-9c87-f2defd253c2f	2026-03-13 04:43:09.771291+00	\N	\N	2026-03-13 04:43:09.759911+00	2026-03-13 04:43:09.771291+00	1	f
148	7	2026-02-28	2	9f161d20-a69b-453a-aa9e-31cb6f4e62af	2026-03-02 01:00:22.086933+00	\N	9f161d20-a69b-453a-aa9e-31cb6f4e62af	2026-03-02 01:00:22.086933+00	\N	\N	2026-03-02 01:00:22.075995+00	2026-03-02 01:00:22.086932+00	1	f
149	8	2026-02-28	2	9f161d20-a69b-453a-aa9e-31cb6f4e62af	2026-03-02 01:00:25.240111+00	\N	9f161d20-a69b-453a-aa9e-31cb6f4e62af	2026-03-02 01:00:25.240111+00	\N	\N	2026-03-02 01:00:25.229728+00	2026-03-02 01:00:25.240111+00	1	f
280	10	2026-03-12	2	9f3fb0f9-16f8-45e2-9c87-f2defd253c2f	2026-03-13 04:43:10.774312+00	\N	9f3fb0f9-16f8-45e2-9c87-f2defd253c2f	2026-03-13 04:43:10.774312+00	\N	\N	2026-03-13 04:43:10.762406+00	2026-03-13 04:43:10.774312+00	1	f
150	2	2026-02-28	2	9f161d20-a69b-453a-aa9e-31cb6f4e62af	2026-03-02 01:00:26.875362+00	\N	9f161d20-a69b-453a-aa9e-31cb6f4e62af	2026-03-02 01:00:26.875362+00	\N	\N	2026-03-02 01:00:26.864831+00	2026-03-02 01:00:26.875362+00	1	f
152	5	2026-02-28	2	9f161d20-a69b-453a-aa9e-31cb6f4e62af	2026-03-02 01:00:32.446217+00	\N	9f161d20-a69b-453a-aa9e-31cb6f4e62af	2026-03-02 01:00:32.446217+00	\N	\N	2026-03-02 01:00:32.434378+00	2026-03-02 01:00:32.446217+00	1	f
281	9	2026-03-12	2	9f3fb0f9-16f8-45e2-9c87-f2defd253c2f	2026-03-13 04:43:12.899421+00	\N	9f3fb0f9-16f8-45e2-9c87-f2defd253c2f	2026-03-13 04:43:12.899421+00	\N	\N	2026-03-13 04:43:12.888786+00	2026-03-13 04:43:12.89942+00	1	f
156	19	2026-02-28	2	9f161d20-a69b-453a-aa9e-31cb6f4e62af	2026-03-02 01:00:42.28034+00	\N	9f161d20-a69b-453a-aa9e-31cb6f4e62af	2026-03-02 01:00:42.28034+00	\N	\N	2026-03-02 01:00:42.270107+00	2026-03-02 01:00:42.28034+00	1	f
145	15	2026-02-28	0	9f161d20-a69b-453a-aa9e-31cb6f4e62af	2026-03-02 01:00:11.836628+00	\N	9f161d20-a69b-453a-aa9e-31cb6f4e62af	2026-03-02 01:00:11.836628+00	\N	\N	2026-03-02 01:00:11.827154+00	2026-03-02 01:01:09.656116+00	2	f
282	6	2026-03-12	2	9f3fb0f9-16f8-45e2-9c87-f2defd253c2f	2026-03-13 04:43:13.283121+00	\N	9f3fb0f9-16f8-45e2-9c87-f2defd253c2f	2026-03-13 04:43:13.283121+00	\N	\N	2026-03-13 04:43:13.271485+00	2026-03-13 04:43:13.28312+00	1	f
159	1	2026-02-27	2	9f161d20-a69b-453a-aa9e-31cb6f4e62af	2026-03-02 01:01:20.38548+00	\N	9f161d20-a69b-453a-aa9e-31cb6f4e62af	2026-03-02 01:01:20.38548+00	\N	\N	2026-03-02 01:01:20.376801+00	2026-03-02 01:01:20.38548+00	1	f
283	12	2026-03-12	2	9f3fb0f9-16f8-45e2-9c87-f2defd253c2f	2026-03-13 04:43:13.914333+00	\N	9f3fb0f9-16f8-45e2-9c87-f2defd253c2f	2026-03-13 04:43:13.914333+00	\N	\N	2026-03-13 04:43:13.902294+00	2026-03-13 04:43:13.914332+00	1	f
160	7	2026-02-27	2	9f161d20-a69b-453a-aa9e-31cb6f4e62af	2026-03-02 01:01:23.768773+00	\N	9f161d20-a69b-453a-aa9e-31cb6f4e62af	2026-03-02 01:01:23.768773+00	\N	\N	2026-03-02 01:01:23.758173+00	2026-03-02 01:01:23.768773+00	1	f
161	8	2026-02-27	2	9f161d20-a69b-453a-aa9e-31cb6f4e62af	2026-03-02 01:01:24.611918+00	\N	9f161d20-a69b-453a-aa9e-31cb6f4e62af	2026-03-02 01:01:24.611918+00	\N	\N	2026-03-02 01:01:24.601866+00	2026-03-02 01:01:24.611917+00	1	f
163	4	2026-02-27	2	9f161d20-a69b-453a-aa9e-31cb6f4e62af	2026-03-02 01:01:28.769565+00	\N	9f161d20-a69b-453a-aa9e-31cb6f4e62af	2026-03-02 01:01:28.769565+00	\N	\N	2026-03-02 01:01:28.759037+00	2026-03-02 01:01:28.769565+00	1	f
164	5	2026-02-27	2	9f161d20-a69b-453a-aa9e-31cb6f4e62af	2026-03-02 01:01:30.172522+00	\N	9f161d20-a69b-453a-aa9e-31cb6f4e62af	2026-03-02 01:01:30.172522+00	\N	\N	2026-03-02 01:01:30.1628+00	2026-03-02 01:01:30.172522+00	1	f
167	20	2026-02-27	2	9f161d20-a69b-453a-aa9e-31cb6f4e62af	2026-03-02 01:01:38.090641+00	\N	9f161d20-a69b-453a-aa9e-31cb6f4e62af	2026-03-02 01:01:38.09064+00	\N	\N	2026-03-02 01:01:38.08116+00	2026-03-02 01:01:38.09064+00	1	f
927	13	2026-06-19	2	b7705804-33b5-41e5-bdfb-58763d87e2f0	2026-06-20 04:13:32.090212+00	\N	b7705804-33b5-41e5-bdfb-58763d87e2f0	2026-06-20 04:13:45.653508+00	\N	\N	2026-06-20 04:11:14.970931+00	2026-06-20 04:13:45.653509+00	3	f
926	14	2026-06-19	2	b7705804-33b5-41e5-bdfb-58763d87e2f0	2026-06-20 04:13:30.855074+00	\N	b7705804-33b5-41e5-bdfb-58763d87e2f0	2026-06-20 04:13:47.188075+00	\N	\N	2026-06-20 04:11:14.223338+00	2026-06-20 04:13:47.188076+00	3	f
238	3	2026-03-08	2	9f3fb0f9-16f8-45e2-9c87-f2defd253c2f	2026-03-08 19:18:01.776452+00	\N	9f3fb0f9-16f8-45e2-9c87-f2defd253c2f	2026-03-08 19:18:01.776452+00	\N	\N	2026-03-08 19:18:01.764736+00	2026-03-08 19:18:01.776452+00	1	f
69	16	2026-02-08	2	9f3fb0f9-16f8-45e2-9c87-f2defd253c2f	2026-02-09 00:23:40.106006+00	\N	9f3fb0f9-16f8-45e2-9c87-f2defd253c2f	2026-02-09 00:23:40.106006+00	\N	\N	2026-02-09 00:23:40.072868+00	2026-02-09 00:23:40.106006+00	1	t
241	11	2026-03-08	2	9f3fb0f9-16f8-45e2-9c87-f2defd253c2f	2026-03-08 19:18:13.458275+00	\N	9f3fb0f9-16f8-45e2-9c87-f2defd253c2f	2026-03-08 19:18:13.458275+00	\N	\N	2026-03-08 19:18:13.446547+00	2026-03-08 19:18:13.458275+00	1	f
103	17	2026-02-15	2	9f3fb0f9-16f8-45e2-9c87-f2defd253c2f	2026-02-15 20:27:20.903626+00	\N	9f3fb0f9-16f8-45e2-9c87-f2defd253c2f	2026-02-15 20:27:20.903626+00	\N	\N	2026-02-15 20:27:20.870337+00	2026-02-15 20:27:20.903625+00	1	t
242	1	2026-03-08	2	9f3fb0f9-16f8-45e2-9c87-f2defd253c2f	2026-03-08 19:18:26.944971+00	\N	9f3fb0f9-16f8-45e2-9c87-f2defd253c2f	2026-03-08 19:18:26.944971+00	\N	\N	2026-03-08 19:18:26.932929+00	2026-03-08 19:18:26.944971+00	1	f
144	16	2026-02-28	2	9f161d20-a69b-453a-aa9e-31cb6f4e62af	2026-03-02 01:00:07.144449+00	\N	9f161d20-a69b-453a-aa9e-31cb6f4e62af	2026-03-02 01:00:07.144449+00	\N	\N	2026-03-02 01:00:07.112471+00	2026-03-02 01:00:07.144449+00	1	t
244	7	2026-03-08	2	9f3fb0f9-16f8-45e2-9c87-f2defd253c2f	2026-03-08 19:18:50.464739+00	\N	9f3fb0f9-16f8-45e2-9c87-f2defd253c2f	2026-03-08 19:18:50.464739+00	\N	\N	2026-03-08 19:18:50.452191+00	2026-03-08 19:18:50.464739+00	1	f
158	17	2026-02-27	0	9f161d20-a69b-453a-aa9e-31cb6f4e62af	2026-03-02 01:01:15.522564+00	\N	9f161d20-a69b-453a-aa9e-31cb6f4e62af	2026-03-02 01:01:15.522564+00	\N	\N	2026-03-02 01:01:15.511036+00	2026-03-02 01:01:18.820244+00	2	t
285	19	2026-03-12	2	9f3fb0f9-16f8-45e2-9c87-f2defd253c2f	2026-03-13 04:43:16.481879+00	\N	9f3fb0f9-16f8-45e2-9c87-f2defd253c2f	2026-03-13 04:43:16.481879+00	\N	\N	2026-03-13 04:43:16.470147+00	2026-03-13 04:43:16.481879+00	1	f
74	7	2026-02-09	2	9f3fb0f9-16f8-45e2-9c87-f2defd253c2f	2026-02-10 00:27:27.267845+00	\N	9f3fb0f9-16f8-45e2-9c87-f2defd253c2f	2026-02-10 00:27:27.267845+00	\N	\N	2026-02-10 00:27:27.254545+00	2026-02-10 00:27:27.267844+00	1	f
75	2	2026-02-09	2	9f3fb0f9-16f8-45e2-9c87-f2defd253c2f	2026-02-10 00:27:29.682165+00	\N	9f3fb0f9-16f8-45e2-9c87-f2defd253c2f	2026-02-10 00:27:29.682165+00	\N	\N	2026-02-10 00:27:29.668843+00	2026-02-10 00:27:29.682164+00	1	f
76	5	2026-02-09	2	9f3fb0f9-16f8-45e2-9c87-f2defd253c2f	2026-02-10 00:27:31.878462+00	\N	9f3fb0f9-16f8-45e2-9c87-f2defd253c2f	2026-02-10 00:27:31.878462+00	\N	\N	2026-02-10 00:27:31.865378+00	2026-02-10 00:27:31.878462+00	1	f
77	12	2026-02-09	2	9f3fb0f9-16f8-45e2-9c87-f2defd253c2f	2026-02-10 00:27:39.817708+00	\N	9f3fb0f9-16f8-45e2-9c87-f2defd253c2f	2026-02-10 00:27:39.817708+00	\N	\N	2026-02-10 00:27:39.804438+00	2026-02-10 00:27:39.817708+00	1	f
104	13	2026-02-15	2	9f3fb0f9-16f8-45e2-9c87-f2defd253c2f	2026-02-16 00:39:28.945021+00	\N	9f3fb0f9-16f8-45e2-9c87-f2defd253c2f	2026-02-16 00:39:28.945021+00	\N	\N	2026-02-16 00:39:28.910084+00	2026-02-16 00:39:28.945021+00	1	f
78	6	2026-02-09	2	9f3fb0f9-16f8-45e2-9c87-f2defd253c2f	2026-02-10 00:27:40.711604+00	\N	9f3fb0f9-16f8-45e2-9c87-f2defd253c2f	2026-02-10 00:27:40.711604+00	\N	\N	2026-02-10 00:27:40.699766+00	2026-02-10 00:27:40.711604+00	1	f
79	1	2026-02-09	2	9f3fb0f9-16f8-45e2-9c87-f2defd253c2f	2026-02-10 00:27:58.024683+00	\N	9f3fb0f9-16f8-45e2-9c87-f2defd253c2f	2026-02-10 00:27:58.024683+00	\N	\N	2026-02-10 00:27:58.010146+00	2026-02-10 00:27:58.024683+00	1	f
124	1	2026-02-23	5	\N	\N	\N	\N	\N	Need help with this	2026-02-24 00:32:56.855017+00	2026-02-24 00:32:56.846299+00	2026-02-24 00:32:56.855017+00	1	f
80	4	2026-02-09	2	9f3fb0f9-16f8-45e2-9c87-f2defd253c2f	2026-02-10 00:28:00.801701+00	\N	9f3fb0f9-16f8-45e2-9c87-f2defd253c2f	2026-02-10 00:28:00.801701+00	\N	\N	2026-02-10 00:28:00.788581+00	2026-02-10 00:28:00.801701+00	1	f
911	5	2026-06-19	2	9f3fb0f9-16f8-45e2-9c87-f2defd253c2f	2026-06-20 01:59:45.638545+00	\N	9f3fb0f9-16f8-45e2-9c87-f2defd253c2f	2026-06-20 01:59:45.638545+00	\N	\N	2026-06-20 01:59:45.526379+00	2026-06-20 01:59:45.638543+00	1	f
81	9	2026-02-09	2	9f3fb0f9-16f8-45e2-9c87-f2defd253c2f	2026-02-10 00:28:02.916333+00	\N	9f3fb0f9-16f8-45e2-9c87-f2defd253c2f	2026-02-10 00:28:02.916333+00	\N	\N	2026-02-10 00:28:02.903107+00	2026-02-10 00:28:02.916333+00	1	f
126	2	2026-02-23	2	9f3fb0f9-16f8-45e2-9c87-f2defd253c2f	2026-02-24 00:33:00.944197+00	\N	9f3fb0f9-16f8-45e2-9c87-f2defd253c2f	2026-02-24 00:33:00.944197+00	\N	\N	2026-02-24 00:33:00.931151+00	2026-02-24 00:33:00.944196+00	1	f
128	6	2026-02-23	2	9f3fb0f9-16f8-45e2-9c87-f2defd253c2f	2026-02-24 00:33:08.001389+00	\N	9f3fb0f9-16f8-45e2-9c87-f2defd253c2f	2026-02-24 00:33:08.001389+00	\N	\N	2026-02-24 00:33:07.988998+00	2026-02-24 00:33:08.001389+00	1	f
129	9	2026-02-23	2	9f3fb0f9-16f8-45e2-9c87-f2defd253c2f	2026-02-24 00:33:09.878195+00	\N	9f3fb0f9-16f8-45e2-9c87-f2defd253c2f	2026-02-24 00:33:09.878195+00	\N	\N	2026-02-24 00:33:09.864796+00	2026-02-24 00:33:09.878194+00	1	f
913	2	2026-06-19	2	9f3fb0f9-16f8-45e2-9c87-f2defd253c2f	2026-06-20 01:59:49.46522+00	\N	9f3fb0f9-16f8-45e2-9c87-f2defd253c2f	2026-06-20 01:59:49.46522+00	\N	\N	2026-06-20 01:59:49.44973+00	2026-06-20 01:59:49.465218+00	1	f
130	8	2026-02-23	2	9f3fb0f9-16f8-45e2-9c87-f2defd253c2f	2026-02-24 00:33:19.345976+00	\N	9f3fb0f9-16f8-45e2-9c87-f2defd253c2f	2026-02-24 00:33:19.345976+00	\N	\N	2026-02-24 00:33:19.332293+00	2026-02-24 00:33:19.345976+00	1	f
311	1	2026-03-17	2	9f3fb0f9-16f8-45e2-9c87-f2defd253c2f	2026-03-17 22:35:48.131706+00	\N	9f3fb0f9-16f8-45e2-9c87-f2defd253c2f	2026-03-17 22:35:48.131706+00	\N	\N	2026-03-17 22:35:48.095586+00	2026-03-17 22:35:48.131705+00	1	f
151	4	2026-02-28	2	9f161d20-a69b-453a-aa9e-31cb6f4e62af	2026-03-02 01:00:30.519224+00	\N	9f161d20-a69b-453a-aa9e-31cb6f4e62af	2026-03-02 01:00:30.519224+00	\N	\N	2026-03-02 01:00:30.508372+00	2026-03-02 01:00:30.519224+00	1	f
914	4	2026-06-19	2	9f3fb0f9-16f8-45e2-9c87-f2defd253c2f	2026-06-20 01:59:49.810213+00	\N	9f3fb0f9-16f8-45e2-9c87-f2defd253c2f	2026-06-20 01:59:49.810213+00	\N	\N	2026-06-20 01:59:49.795998+00	2026-06-20 01:59:49.810211+00	1	f
153	11	2026-02-28	2	9f161d20-a69b-453a-aa9e-31cb6f4e62af	2026-03-02 01:00:36.480617+00	\N	9f161d20-a69b-453a-aa9e-31cb6f4e62af	2026-03-02 01:00:36.480617+00	\N	\N	2026-03-02 01:00:36.470111+00	2026-03-02 01:00:36.480617+00	1	f
154	6	2026-02-28	2	9f161d20-a69b-453a-aa9e-31cb6f4e62af	2026-03-02 01:00:38.911392+00	\N	9f161d20-a69b-453a-aa9e-31cb6f4e62af	2026-03-02 01:00:38.911392+00	\N	\N	2026-03-02 01:00:38.901361+00	2026-03-02 01:00:38.911392+00	1	f
316	5	2026-03-17	2	9f3fb0f9-16f8-45e2-9c87-f2defd253c2f	2026-03-17 22:35:58.887267+00	\N	9f3fb0f9-16f8-45e2-9c87-f2defd253c2f	2026-03-17 22:35:58.887267+00	\N	\N	2026-03-17 22:35:58.875122+00	2026-03-17 22:35:58.887267+00	1	f
155	20	2026-02-28	2	9f161d20-a69b-453a-aa9e-31cb6f4e62af	2026-03-02 01:00:40.643161+00	\N	9f161d20-a69b-453a-aa9e-31cb6f4e62af	2026-03-02 01:00:40.643161+00	\N	\N	2026-03-02 01:00:40.633748+00	2026-03-02 01:00:40.643161+00	1	f
916	11	2026-06-19	2	9f3fb0f9-16f8-45e2-9c87-f2defd253c2f	2026-06-20 01:59:51.700552+00	\N	9f3fb0f9-16f8-45e2-9c87-f2defd253c2f	2026-06-20 01:59:51.700551+00	\N	\N	2026-06-20 01:59:51.686826+00	2026-06-20 01:59:51.70055+00	1	f
157	15	2026-02-27	2	9f161d20-a69b-453a-aa9e-31cb6f4e62af	2026-03-02 01:01:12.844274+00	\N	9f161d20-a69b-453a-aa9e-31cb6f4e62af	2026-03-02 01:01:12.844274+00	\N	\N	2026-03-02 01:01:12.834167+00	2026-03-02 01:01:12.844274+00	1	f
162	2	2026-02-27	2	9f161d20-a69b-453a-aa9e-31cb6f4e62af	2026-03-02 01:01:25.800699+00	\N	9f161d20-a69b-453a-aa9e-31cb6f4e62af	2026-03-02 01:01:25.800699+00	\N	\N	2026-03-02 01:01:25.789784+00	2026-03-02 01:01:25.800699+00	1	f
165	10	2026-02-27	2	9f161d20-a69b-453a-aa9e-31cb6f4e62af	2026-03-02 01:01:34.406729+00	\N	9f161d20-a69b-453a-aa9e-31cb6f4e62af	2026-03-02 01:01:34.406729+00	\N	\N	2026-03-02 01:01:34.394833+00	2026-03-02 01:01:34.406729+00	1	f
166	6	2026-02-27	2	9f161d20-a69b-453a-aa9e-31cb6f4e62af	2026-03-02 01:01:37.141685+00	\N	9f161d20-a69b-453a-aa9e-31cb6f4e62af	2026-03-02 01:01:37.141685+00	\N	\N	2026-03-02 01:01:37.132218+00	2026-03-02 01:01:37.141685+00	1	f
321	9	2026-03-17	2	9f3fb0f9-16f8-45e2-9c87-f2defd253c2f	2026-03-18 00:13:02.329689+00	\N	9f3fb0f9-16f8-45e2-9c87-f2defd253c2f	2026-03-18 00:13:02.329688+00	\N	\N	2026-03-18 00:13:02.316475+00	2026-03-18 00:13:02.329688+00	1	f
168	19	2026-02-27	2	9f161d20-a69b-453a-aa9e-31cb6f4e62af	2026-03-02 01:01:38.983619+00	\N	9f161d20-a69b-453a-aa9e-31cb6f4e62af	2026-03-02 01:01:38.983619+00	\N	\N	2026-03-02 01:01:38.974159+00	2026-03-02 01:01:38.983619+00	1	f
917	21	2026-06-19	2	9f3fb0f9-16f8-45e2-9c87-f2defd253c2f	2026-06-20 01:59:52.85515+00	\N	9f3fb0f9-16f8-45e2-9c87-f2defd253c2f	2026-06-20 01:59:52.855149+00	\N	\N	2026-06-20 01:59:52.838762+00	2026-06-20 01:59:52.855147+00	1	f
919	6	2026-06-19	2	9f3fb0f9-16f8-45e2-9c87-f2defd253c2f	2026-06-20 02:00:07.321537+00	\N	9f3fb0f9-16f8-45e2-9c87-f2defd253c2f	2026-06-20 02:00:07.321536+00	\N	\N	2026-06-20 02:00:07.307312+00	2026-06-20 02:00:07.321534+00	1	f
921	15	2026-06-19	2	b7705804-33b5-41e5-bdfb-58763d87e2f0	2026-06-20 04:09:33.382486+00	\N	b7705804-33b5-41e5-bdfb-58763d87e2f0	2026-06-20 04:10:55.013959+00	\N	\N	2026-06-20 02:00:11.982242+00	2026-06-20 04:10:55.01396+00	2	f
349	9	2026-03-19	2	9f3fb0f9-16f8-45e2-9c87-f2defd253c2f	2026-03-20 03:20:43.544017+00	\N	9f3fb0f9-16f8-45e2-9c87-f2defd253c2f	2026-03-20 03:20:43.544017+00	\N	\N	2026-03-20 03:20:43.508077+00	2026-03-20 03:20:43.544016+00	1	f
350	6	2026-03-19	2	9f3fb0f9-16f8-45e2-9c87-f2defd253c2f	2026-03-20 03:20:43.883354+00	\N	9f3fb0f9-16f8-45e2-9c87-f2defd253c2f	2026-03-20 03:20:43.883354+00	\N	\N	2026-03-20 03:20:43.868535+00	2026-03-20 03:20:43.883354+00	1	f
351	12	2026-03-19	2	9f3fb0f9-16f8-45e2-9c87-f2defd253c2f	2026-03-20 03:20:45.999291+00	\N	9f3fb0f9-16f8-45e2-9c87-f2defd253c2f	2026-03-20 03:20:45.999291+00	\N	\N	2026-03-20 03:20:45.986989+00	2026-03-20 03:20:45.99929+00	1	f
353	19	2026-03-19	2	9f3fb0f9-16f8-45e2-9c87-f2defd253c2f	2026-03-20 03:20:48.676428+00	\N	9f3fb0f9-16f8-45e2-9c87-f2defd253c2f	2026-03-20 03:20:48.676428+00	\N	\N	2026-03-20 03:20:48.664116+00	2026-03-20 03:20:48.676428+00	1	f
360	15	2026-03-21	2	9f3fb0f9-16f8-45e2-9c87-f2defd253c2f	2026-03-21 21:45:46.228498+00	\N	9f3fb0f9-16f8-45e2-9c87-f2defd253c2f	2026-03-21 21:45:46.228498+00	\N	\N	2026-03-21 21:45:46.193818+00	2026-03-21 21:45:46.228497+00	1	f
73	17	2026-02-09	2	9f3fb0f9-16f8-45e2-9c87-f2defd253c2f	2026-02-10 00:27:23.997994+00	\N	9f3fb0f9-16f8-45e2-9c87-f2defd253c2f	2026-02-10 00:27:23.997994+00	\N	\N	2026-02-10 00:27:23.964684+00	2026-02-10 00:27:23.997994+00	1	t
295	16	2026-03-15	0	9f3fb0f9-16f8-45e2-9c87-f2defd253c2f	2026-03-15 20:31:04.839091+00	\N	9f3fb0f9-16f8-45e2-9c87-f2defd253c2f	2026-03-15 20:31:04.839091+00	\N	\N	2026-03-15 20:31:04.827013+00	2026-03-15 20:33:06.650871+00	2	t
146	17	2026-02-28	2	9f161d20-a69b-453a-aa9e-31cb6f4e62af	2026-03-02 01:00:15.611037+00	\N	9f161d20-a69b-453a-aa9e-31cb6f4e62af	2026-03-02 01:00:15.611037+00	\N	\N	2026-03-02 01:00:15.597312+00	2026-03-02 01:00:15.611037+00	1	t
82	8	2026-02-09	2	9f3fb0f9-16f8-45e2-9c87-f2defd253c2f	2026-02-10 00:28:14.74638+00	\N	9f3fb0f9-16f8-45e2-9c87-f2defd253c2f	2026-02-10 00:28:14.74638+00	\N	\N	2026-02-10 00:28:14.731921+00	2026-02-10 00:28:14.74638+00	1	f
105	3	2026-02-15	2	9f3fb0f9-16f8-45e2-9c87-f2defd253c2f	2026-02-16 00:47:21.820129+00	\N	9f3fb0f9-16f8-45e2-9c87-f2defd253c2f	2026-02-16 00:47:21.820129+00	\N	\N	2026-02-16 00:47:21.784103+00	2026-02-16 00:47:21.820129+00	1	f
912	1	2026-06-19	2	9f3fb0f9-16f8-45e2-9c87-f2defd253c2f	2026-06-20 01:59:49.082009+00	\N	9f3fb0f9-16f8-45e2-9c87-f2defd253c2f	2026-06-20 01:59:49.082008+00	\N	\N	2026-06-20 01:59:49.061951+00	2026-06-20 01:59:49.082006+00	1	f
125	7	2026-02-23	2	9f3fb0f9-16f8-45e2-9c87-f2defd253c2f	2026-02-24 00:32:59.63173+00	\N	9f3fb0f9-16f8-45e2-9c87-f2defd253c2f	2026-02-24 00:32:59.63173+00	\N	\N	2026-02-24 00:32:59.613561+00	2026-02-24 00:32:59.63173+00	1	f
286	1	2026-03-15	2	9f3fb0f9-16f8-45e2-9c87-f2defd253c2f	2026-03-15 16:04:57.818373+00	\N	9f3fb0f9-16f8-45e2-9c87-f2defd253c2f	2026-03-15 16:04:57.818373+00	\N	\N	2026-03-15 16:04:57.782111+00	2026-03-15 16:04:57.818373+00	1	f
127	5	2026-02-23	2	9f3fb0f9-16f8-45e2-9c87-f2defd253c2f	2026-02-24 00:33:02.210258+00	\N	9f3fb0f9-16f8-45e2-9c87-f2defd253c2f	2026-02-24 00:33:02.210258+00	\N	\N	2026-02-24 00:33:02.197908+00	2026-02-24 00:33:02.210258+00	1	f
131	10	2026-02-23	2	9f3fb0f9-16f8-45e2-9c87-f2defd253c2f	2026-02-24 00:33:20.586773+00	\N	9f3fb0f9-16f8-45e2-9c87-f2defd253c2f	2026-02-24 00:33:20.586773+00	\N	\N	2026-02-24 00:33:20.574263+00	2026-02-24 00:33:20.586773+00	1	f
915	22	2026-06-19	2	9f3fb0f9-16f8-45e2-9c87-f2defd253c2f	2026-06-20 01:59:50.959994+00	\N	9f3fb0f9-16f8-45e2-9c87-f2defd253c2f	2026-06-20 01:59:50.959993+00	\N	\N	2026-06-20 01:59:50.866185+00	2026-06-20 01:59:50.959992+00	1	f
169	1	2026-03-02	2	9f3fb0f9-16f8-45e2-9c87-f2defd253c2f	2026-03-03 02:17:20.25844+00	\N	9f3fb0f9-16f8-45e2-9c87-f2defd253c2f	2026-03-03 02:17:20.258439+00	\N	\N	2026-03-03 02:17:20.224805+00	2026-03-03 02:17:20.258439+00	1	f
172	7	2026-03-02	2	9f3fb0f9-16f8-45e2-9c87-f2defd253c2f	2026-03-03 02:17:32.500819+00	\N	9f3fb0f9-16f8-45e2-9c87-f2defd253c2f	2026-03-03 02:17:32.500819+00	\N	\N	2026-03-03 02:17:32.486218+00	2026-03-03 02:17:32.500819+00	1	f
287	7	2026-03-15	2	9f3fb0f9-16f8-45e2-9c87-f2defd253c2f	2026-03-15 16:04:58.274212+00	\N	9f3fb0f9-16f8-45e2-9c87-f2defd253c2f	2026-03-15 16:04:58.274212+00	\N	\N	2026-03-15 16:04:58.262696+00	2026-03-15 16:04:58.274211+00	1	f
174	9	2026-03-02	2	9f3fb0f9-16f8-45e2-9c87-f2defd253c2f	2026-03-03 02:17:37.474584+00	\N	9f3fb0f9-16f8-45e2-9c87-f2defd253c2f	2026-03-03 02:17:37.474584+00	\N	\N	2026-03-03 02:17:37.462538+00	2026-03-03 02:17:37.474584+00	1	f
918	9	2026-06-19	2	9f3fb0f9-16f8-45e2-9c87-f2defd253c2f	2026-06-20 02:00:06.645768+00	\N	9f3fb0f9-16f8-45e2-9c87-f2defd253c2f	2026-06-20 02:00:06.645767+00	\N	\N	2026-06-20 02:00:06.628883+00	2026-06-20 02:00:06.645764+00	1	f
920	20	2026-06-19	2	9f3fb0f9-16f8-45e2-9c87-f2defd253c2f	2026-06-20 02:00:07.744702+00	\N	9f3fb0f9-16f8-45e2-9c87-f2defd253c2f	2026-06-20 02:00:07.744701+00	\N	\N	2026-06-20 02:00:07.729267+00	2026-06-20 02:00:07.7447+00	1	f
296	3	2026-03-15	2	9f3fb0f9-16f8-45e2-9c87-f2defd253c2f	2026-03-15 23:57:43.217118+00	\N	9f3fb0f9-16f8-45e2-9c87-f2defd253c2f	2026-03-15 23:57:43.21702+00	\N	\N	2026-03-15 23:57:42.951823+00	2026-03-15 23:57:43.216823+00	1	f
248	15	2026-03-06	2	9f161d20-a69b-453a-aa9e-31cb6f4e62af	2026-03-08 19:57:27.046695+00	\N	9f161d20-a69b-453a-aa9e-31cb6f4e62af	2026-03-08 19:57:27.046695+00	\N	\N	2026-03-08 19:57:27.015388+00	2026-03-08 19:57:27.046695+00	1	f
249	14	2026-03-02	2	9f161d20-a69b-453a-aa9e-31cb6f4e62af	2026-03-08 19:58:06.904735+00	\N	9f161d20-a69b-453a-aa9e-31cb6f4e62af	2026-03-08 19:58:06.904735+00	\N	\N	2026-03-08 19:58:06.893867+00	2026-03-08 19:58:06.904735+00	1	f
300	6	2026-03-15	2	9f3fb0f9-16f8-45e2-9c87-f2defd253c2f	2026-03-15 23:57:58.878395+00	\N	9f3fb0f9-16f8-45e2-9c87-f2defd253c2f	2026-03-15 23:57:58.878394+00	\N	\N	2026-03-15 23:57:58.865261+00	2026-03-15 23:57:58.878393+00	1	f
929	7	2026-06-20	2	9f3fb0f9-16f8-45e2-9c87-f2defd253c2f	2026-06-20 20:27:38.905762+00	\N	9f3fb0f9-16f8-45e2-9c87-f2defd253c2f	2026-06-20 20:27:38.905464+00	\N	\N	2026-06-20 20:27:38.86364+00	2026-06-20 20:27:38.90535+00	1	f
301	12	2026-03-15	2	9f3fb0f9-16f8-45e2-9c87-f2defd253c2f	2026-03-15 23:58:02.791937+00	\N	9f3fb0f9-16f8-45e2-9c87-f2defd253c2f	2026-03-15 23:58:02.791937+00	\N	\N	2026-03-15 23:58:02.778936+00	2026-03-15 23:58:02.791935+00	1	f
303	19	2026-03-15	2	9f3fb0f9-16f8-45e2-9c87-f2defd253c2f	2026-03-15 23:58:05.859933+00	\N	9f3fb0f9-16f8-45e2-9c87-f2defd253c2f	2026-03-15 23:58:05.859932+00	\N	\N	2026-03-15 23:58:05.846935+00	2026-03-15 23:58:05.85993+00	1	f
931	5	2026-06-20	2	9f3fb0f9-16f8-45e2-9c87-f2defd253c2f	2026-06-20 20:27:41.063048+00	\N	9f3fb0f9-16f8-45e2-9c87-f2defd253c2f	2026-06-20 20:27:41.063046+00	\N	\N	2026-06-20 20:27:41.047996+00	2026-06-20 20:27:41.063045+00	1	f
312	7	2026-03-17	2	9f3fb0f9-16f8-45e2-9c87-f2defd253c2f	2026-03-17 22:35:49.012037+00	\N	9f3fb0f9-16f8-45e2-9c87-f2defd253c2f	2026-03-17 22:35:49.012037+00	\N	\N	2026-03-17 22:35:48.996747+00	2026-03-17 22:35:49.012037+00	1	f
932	1	2026-06-20	2	9f3fb0f9-16f8-45e2-9c87-f2defd253c2f	2026-06-20 20:27:42.665857+00	\N	9f3fb0f9-16f8-45e2-9c87-f2defd253c2f	2026-06-20 20:27:42.665857+00	\N	\N	2026-06-20 20:27:42.652191+00	2026-06-20 20:27:42.665855+00	1	f
313	8	2026-03-17	2	9f3fb0f9-16f8-45e2-9c87-f2defd253c2f	2026-03-17 22:35:50.967527+00	\N	9f3fb0f9-16f8-45e2-9c87-f2defd253c2f	2026-03-17 22:35:50.967527+00	\N	\N	2026-03-17 22:35:50.954766+00	2026-03-17 22:35:50.967527+00	1	f
314	2	2026-03-17	2	9f3fb0f9-16f8-45e2-9c87-f2defd253c2f	2026-03-17 22:35:53.444785+00	\N	9f3fb0f9-16f8-45e2-9c87-f2defd253c2f	2026-03-17 22:35:53.444785+00	\N	\N	2026-03-17 22:35:53.431901+00	2026-03-17 22:35:53.444785+00	1	f
933	2	2026-06-20	2	9f3fb0f9-16f8-45e2-9c87-f2defd253c2f	2026-06-20 20:27:44.065709+00	\N	9f3fb0f9-16f8-45e2-9c87-f2defd253c2f	2026-06-20 20:27:44.065709+00	\N	\N	2026-06-20 20:27:44.047148+00	2026-06-20 20:27:44.065707+00	1	f
315	4	2026-03-17	2	9f3fb0f9-16f8-45e2-9c87-f2defd253c2f	2026-03-17 22:35:58.016689+00	\N	9f3fb0f9-16f8-45e2-9c87-f2defd253c2f	2026-03-17 22:35:58.016689+00	\N	\N	2026-03-17 22:35:58.004097+00	2026-03-17 22:35:58.016689+00	1	f
328	17	2026-03-17	4	\N	\N	\N	\N	\N	\N	\N	2026-03-18 00:45:19.352956+00	2026-03-18 00:45:19.363316+00	1	t
317	10	2026-03-17	2	9f3fb0f9-16f8-45e2-9c87-f2defd253c2f	2026-03-17 22:36:01.63121+00	\N	9f3fb0f9-16f8-45e2-9c87-f2defd253c2f	2026-03-17 22:36:01.63121+00	\N	\N	2026-03-17 22:36:01.618335+00	2026-03-17 22:36:01.63121+00	1	f
324	12	2026-03-16	4	\N	\N	\N	\N	\N	\N	\N	2026-03-18 00:44:43.493034+00	2026-03-18 00:44:43.502388+00	1	f
329	15	2026-03-17	4	\N	\N	\N	\N	\N	\N	\N	2026-03-18 00:45:26.87636+00	2026-03-18 00:45:26.885178+00	1	f
340	19	2026-03-18	2	9f3fb0f9-16f8-45e2-9c87-f2defd253c2f	2026-03-19 04:57:35.063684+00	\N	9f3fb0f9-16f8-45e2-9c87-f2defd253c2f	2026-03-19 04:57:35.063683+00	\N	\N	2026-03-19 04:57:35.027848+00	2026-03-19 04:57:35.063683+00	1	f
341	20	2026-03-18	2	9f3fb0f9-16f8-45e2-9c87-f2defd253c2f	2026-03-19 04:57:35.518391+00	\N	9f3fb0f9-16f8-45e2-9c87-f2defd253c2f	2026-03-19 04:57:35.518391+00	\N	\N	2026-03-19 04:57:35.506605+00	2026-03-19 04:57:35.518391+00	1	f
352	20	2026-03-19	2	9f3fb0f9-16f8-45e2-9c87-f2defd253c2f	2026-03-20 03:20:47.278503+00	\N	9f3fb0f9-16f8-45e2-9c87-f2defd253c2f	2026-03-20 03:20:47.278503+00	\N	\N	2026-03-20 03:20:47.265838+00	2026-03-20 03:20:47.278502+00	1	f
361	1	2026-03-21	2	9f3fb0f9-16f8-45e2-9c87-f2defd253c2f	2026-03-21 21:45:51.800908+00	\N	9f3fb0f9-16f8-45e2-9c87-f2defd253c2f	2026-03-21 21:45:51.800908+00	\N	\N	2026-03-21 21:45:51.786464+00	2026-03-21 21:45:51.800908+00	1	f
362	7	2026-03-21	2	9f3fb0f9-16f8-45e2-9c87-f2defd253c2f	2026-03-21 21:45:52.169441+00	\N	9f3fb0f9-16f8-45e2-9c87-f2defd253c2f	2026-03-21 21:45:52.169441+00	\N	\N	2026-03-21 21:45:52.157315+00	2026-03-21 21:45:52.16944+00	1	f
363	8	2026-03-21	2	9f3fb0f9-16f8-45e2-9c87-f2defd253c2f	2026-03-21 21:45:54.196733+00	\N	9f3fb0f9-16f8-45e2-9c87-f2defd253c2f	2026-03-21 21:45:54.196733+00	\N	\N	2026-03-21 21:45:54.184855+00	2026-03-21 21:45:54.196733+00	1	f
364	2	2026-03-21	2	9f3fb0f9-16f8-45e2-9c87-f2defd253c2f	2026-03-21 21:45:55.049926+00	\N	9f3fb0f9-16f8-45e2-9c87-f2defd253c2f	2026-03-21 21:45:55.049926+00	\N	\N	2026-03-21 21:45:55.038681+00	2026-03-21 21:45:55.049926+00	1	f
365	4	2026-03-21	2	9f3fb0f9-16f8-45e2-9c87-f2defd253c2f	2026-03-21 21:45:55.502452+00	\N	9f3fb0f9-16f8-45e2-9c87-f2defd253c2f	2026-03-21 21:45:55.502452+00	\N	\N	2026-03-21 21:45:55.488453+00	2026-03-21 21:45:55.502452+00	1	f
366	5	2026-03-21	2	9f3fb0f9-16f8-45e2-9c87-f2defd253c2f	2026-03-21 21:45:59.930983+00	\N	9f3fb0f9-16f8-45e2-9c87-f2defd253c2f	2026-03-21 21:45:59.930983+00	\N	\N	2026-03-21 21:45:59.918975+00	2026-03-21 21:45:59.930982+00	1	f
375	3	2026-03-22	2	9f3fb0f9-16f8-45e2-9c87-f2defd253c2f	2026-03-22 18:58:53.675316+00	\N	9f3fb0f9-16f8-45e2-9c87-f2defd253c2f	2026-03-22 18:58:53.675316+00	\N	\N	2026-03-22 18:58:53.664346+00	2026-03-22 18:58:53.675316+00	1	f
376	1	2026-03-22	2	9f3fb0f9-16f8-45e2-9c87-f2defd253c2f	2026-03-22 18:58:55.63958+00	\N	9f3fb0f9-16f8-45e2-9c87-f2defd253c2f	2026-03-22 18:58:55.63958+00	\N	\N	2026-03-22 18:58:55.628834+00	2026-03-22 18:58:55.639579+00	1	f
377	7	2026-03-22	2	9f3fb0f9-16f8-45e2-9c87-f2defd253c2f	2026-03-22 18:58:56.133351+00	\N	9f3fb0f9-16f8-45e2-9c87-f2defd253c2f	2026-03-22 18:58:56.13335+00	\N	\N	2026-03-22 18:58:56.121637+00	2026-03-22 18:58:56.13335+00	1	f
379	2	2026-03-22	2	9f3fb0f9-16f8-45e2-9c87-f2defd253c2f	2026-03-22 18:59:03.280738+00	\N	9f3fb0f9-16f8-45e2-9c87-f2defd253c2f	2026-03-22 18:59:03.280738+00	\N	\N	2026-03-22 18:59:03.268257+00	2026-03-22 18:59:03.280738+00	1	f
380	4	2026-03-22	2	9f3fb0f9-16f8-45e2-9c87-f2defd253c2f	2026-03-22 18:59:03.824777+00	\N	9f3fb0f9-16f8-45e2-9c87-f2defd253c2f	2026-03-22 18:59:03.824777+00	\N	\N	2026-03-22 18:59:03.813048+00	2026-03-22 18:59:03.824777+00	1	f
381	5	2026-03-22	2	9f3fb0f9-16f8-45e2-9c87-f2defd253c2f	2026-03-22 18:59:04.506364+00	\N	9f3fb0f9-16f8-45e2-9c87-f2defd253c2f	2026-03-22 18:59:04.506364+00	\N	\N	2026-03-22 18:59:04.495406+00	2026-03-22 18:59:04.506363+00	1	f
83	10	2026-02-09	2	9f3fb0f9-16f8-45e2-9c87-f2defd253c2f	2026-02-10 00:28:22.03244+00	\N	9f3fb0f9-16f8-45e2-9c87-f2defd253c2f	2026-02-10 00:28:22.03244+00	\N	\N	2026-02-10 00:28:22.015983+00	2026-02-10 00:28:22.03244+00	1	f
288	8	2026-03-15	2	9f3fb0f9-16f8-45e2-9c87-f2defd253c2f	2026-03-15 16:05:02.903755+00	\N	9f3fb0f9-16f8-45e2-9c87-f2defd253c2f	2026-03-15 16:05:02.903754+00	\N	\N	2026-03-15 16:05:02.891261+00	2026-03-15 16:05:02.903754+00	1	f
107	7	2026-02-16	2	9f3fb0f9-16f8-45e2-9c87-f2defd253c2f	2026-02-16 22:11:26.450177+00	\N	9f3fb0f9-16f8-45e2-9c87-f2defd253c2f	2026-02-16 22:11:26.450176+00	\N	\N	2026-02-16 22:11:26.437857+00	2026-02-16 22:11:26.450176+00	1	f
110	1	2026-02-16	2	9f3fb0f9-16f8-45e2-9c87-f2defd253c2f	2026-02-16 22:11:41.413661+00	\N	9f3fb0f9-16f8-45e2-9c87-f2defd253c2f	2026-02-16 22:11:41.413661+00	\N	\N	2026-02-16 22:11:41.399459+00	2026-02-16 22:11:41.413661+00	1	f
111	4	2026-02-16	2	9f3fb0f9-16f8-45e2-9c87-f2defd253c2f	2026-02-16 22:11:43.102718+00	\N	9f3fb0f9-16f8-45e2-9c87-f2defd253c2f	2026-02-16 22:11:43.102718+00	\N	\N	2026-02-16 22:11:43.090396+00	2026-02-16 22:11:43.102718+00	1	f
112	8	2026-02-16	2	9f3fb0f9-16f8-45e2-9c87-f2defd253c2f	2026-02-16 22:11:54.227723+00	\N	9f3fb0f9-16f8-45e2-9c87-f2defd253c2f	2026-02-16 22:11:54.227723+00	\N	\N	2026-02-16 22:11:54.214331+00	2026-02-16 22:11:54.227723+00	1	f
289	2	2026-03-15	2	9f3fb0f9-16f8-45e2-9c87-f2defd253c2f	2026-03-15 16:05:03.639252+00	\N	9f3fb0f9-16f8-45e2-9c87-f2defd253c2f	2026-03-15 16:05:03.639252+00	\N	\N	2026-03-15 16:05:03.628762+00	2026-03-15 16:05:03.639252+00	1	f
132	4	2026-02-23	2	9f3fb0f9-16f8-45e2-9c87-f2defd253c2f	2026-02-24 00:50:06.790118+00	\N	9f3fb0f9-16f8-45e2-9c87-f2defd253c2f	2026-02-24 00:50:06.790118+00	\N	\N	2026-02-24 00:50:06.75381+00	2026-02-24 00:50:06.790117+00	1	f
170	8	2026-03-02	2	9f3fb0f9-16f8-45e2-9c87-f2defd253c2f	2026-03-03 02:17:21.216377+00	\N	9f3fb0f9-16f8-45e2-9c87-f2defd253c2f	2026-03-03 02:17:21.216377+00	\N	\N	2026-03-03 02:17:21.20262+00	2026-03-03 02:17:21.216376+00	1	f
290	4	2026-03-15	2	9f3fb0f9-16f8-45e2-9c87-f2defd253c2f	2026-03-15 16:05:07.933293+00	\N	9f3fb0f9-16f8-45e2-9c87-f2defd253c2f	2026-03-15 16:05:07.933293+00	\N	\N	2026-03-15 16:05:07.919831+00	2026-03-15 16:05:07.933292+00	1	f
171	4	2026-03-02	2	9f3fb0f9-16f8-45e2-9c87-f2defd253c2f	2026-03-03 02:17:22.517702+00	\N	9f3fb0f9-16f8-45e2-9c87-f2defd253c2f	2026-03-03 02:17:22.517702+00	\N	\N	2026-03-03 02:17:22.505608+00	2026-03-03 02:17:22.517702+00	1	f
251	1	2026-03-09	2	9f3fb0f9-16f8-45e2-9c87-f2defd253c2f	2026-03-10 02:26:30.939264+00	\N	9f3fb0f9-16f8-45e2-9c87-f2defd253c2f	2026-03-10 02:26:30.939264+00	\N	\N	2026-03-10 02:26:30.927381+00	2026-03-10 02:26:30.939264+00	1	f
173	5	2026-03-02	2	9f3fb0f9-16f8-45e2-9c87-f2defd253c2f	2026-03-03 02:17:33.64869+00	\N	9f3fb0f9-16f8-45e2-9c87-f2defd253c2f	2026-03-03 02:17:33.64869+00	\N	\N	2026-03-03 02:17:33.635331+00	2026-03-03 02:17:33.64869+00	1	f
175	2	2026-03-02	2	9f3fb0f9-16f8-45e2-9c87-f2defd253c2f	2026-03-03 02:17:45.039355+00	\N	9f3fb0f9-16f8-45e2-9c87-f2defd253c2f	2026-03-03 02:17:45.039355+00	\N	\N	2026-03-03 02:17:45.025202+00	2026-03-03 02:17:45.039355+00	1	f
253	4	2026-03-09	2	9f3fb0f9-16f8-45e2-9c87-f2defd253c2f	2026-03-10 02:26:33.518365+00	\N	9f3fb0f9-16f8-45e2-9c87-f2defd253c2f	2026-03-10 02:26:33.518364+00	\N	\N	2026-03-10 02:26:33.507093+00	2026-03-10 02:26:33.518364+00	1	f
176	10	2026-03-02	2	9f3fb0f9-16f8-45e2-9c87-f2defd253c2f	2026-03-03 02:17:56.1272+00	\N	9f3fb0f9-16f8-45e2-9c87-f2defd253c2f	2026-03-03 02:17:56.1272+00	\N	\N	2026-03-03 02:17:56.113593+00	2026-03-03 02:17:56.1272+00	1	f
291	5	2026-03-15	2	9f3fb0f9-16f8-45e2-9c87-f2defd253c2f	2026-03-15 16:05:17.564062+00	\N	9f3fb0f9-16f8-45e2-9c87-f2defd253c2f	2026-03-15 16:05:17.564062+00	\N	\N	2026-03-15 16:05:17.551736+00	2026-03-15 16:05:17.564061+00	1	f
257	12	2026-03-09	2	9f3fb0f9-16f8-45e2-9c87-f2defd253c2f	2026-03-10 02:26:55.388394+00	\N	9f3fb0f9-16f8-45e2-9c87-f2defd253c2f	2026-03-10 02:26:55.388394+00	\N	\N	2026-03-10 02:26:55.376189+00	2026-03-10 02:26:55.388394+00	1	f
258	19	2026-03-09	2	9f3fb0f9-16f8-45e2-9c87-f2defd253c2f	2026-03-10 02:26:56.495929+00	\N	9f3fb0f9-16f8-45e2-9c87-f2defd253c2f	2026-03-10 02:26:56.495929+00	\N	\N	2026-03-10 02:26:56.484306+00	2026-03-10 02:26:56.495929+00	1	f
297	13	2026-03-15	2	9f3fb0f9-16f8-45e2-9c87-f2defd253c2f	2026-03-15 23:57:49.038098+00	\N	9f3fb0f9-16f8-45e2-9c87-f2defd253c2f	2026-03-15 23:57:49.038097+00	\N	\N	2026-03-15 23:57:49.020418+00	2026-03-15 23:57:49.038095+00	1	f
259	20	2026-03-09	2	9f3fb0f9-16f8-45e2-9c87-f2defd253c2f	2026-03-10 02:27:05.485482+00	\N	9f3fb0f9-16f8-45e2-9c87-f2defd253c2f	2026-03-10 02:27:05.485482+00	\N	\N	2026-03-10 02:27:05.471323+00	2026-03-10 02:27:05.485482+00	1	f
260	6	2026-03-09	2	9f3fb0f9-16f8-45e2-9c87-f2defd253c2f	2026-03-10 02:27:12.288568+00	\N	9f3fb0f9-16f8-45e2-9c87-f2defd253c2f	2026-03-10 02:27:12.288567+00	\N	\N	2026-03-10 02:27:12.277865+00	2026-03-10 02:27:12.288567+00	1	f
298	11	2026-03-15	2	9f3fb0f9-16f8-45e2-9c87-f2defd253c2f	2026-03-15 23:57:57.470302+00	\N	9f3fb0f9-16f8-45e2-9c87-f2defd253c2f	2026-03-15 23:57:57.470301+00	\N	\N	2026-03-15 23:57:57.457176+00	2026-03-15 23:57:57.470299+00	1	f
299	9	2026-03-15	2	9f3fb0f9-16f8-45e2-9c87-f2defd253c2f	2026-03-15 23:57:57.86234+00	\N	9f3fb0f9-16f8-45e2-9c87-f2defd253c2f	2026-03-15 23:57:57.862339+00	\N	\N	2026-03-15 23:57:57.848524+00	2026-03-15 23:57:57.862338+00	1	f
302	20	2026-03-15	2	9f3fb0f9-16f8-45e2-9c87-f2defd253c2f	2026-03-15 23:58:03.45306+00	\N	9f3fb0f9-16f8-45e2-9c87-f2defd253c2f	2026-03-15 23:58:03.45306+00	\N	\N	2026-03-15 23:58:03.439578+00	2026-03-15 23:58:03.453058+00	1	f
318	6	2026-03-17	2	9f3fb0f9-16f8-45e2-9c87-f2defd253c2f	2026-03-17 22:48:55.279473+00	\N	9f3fb0f9-16f8-45e2-9c87-f2defd253c2f	2026-03-17 22:48:55.279473+00	\N	\N	2026-03-17 22:48:55.242991+00	2026-03-17 22:48:55.279473+00	1	f
930	8	2026-06-20	2	9f3fb0f9-16f8-45e2-9c87-f2defd253c2f	2026-06-20 20:27:39.388168+00	\N	9f3fb0f9-16f8-45e2-9c87-f2defd253c2f	2026-06-20 20:27:39.388167+00	\N	\N	2026-06-20 20:27:39.374043+00	2026-06-20 20:27:39.388165+00	1	f
323	6	2026-03-16	4	\N	\N	\N	\N	\N	\N	\N	2026-03-18 00:44:37.389778+00	2026-03-18 00:44:37.402006+00	1	f
342	1	2026-03-19	2	9f3fb0f9-16f8-45e2-9c87-f2defd253c2f	2026-03-19 22:48:50.76246+00	\N	9f3fb0f9-16f8-45e2-9c87-f2defd253c2f	2026-03-19 22:48:50.76246+00	\N	\N	2026-03-19 22:48:50.728144+00	2026-03-19 22:48:50.762459+00	1	f
327	17	2026-03-16	4	\N	\N	\N	\N	\N	\N	\N	2026-03-18 00:44:58.240803+00	2026-03-18 00:44:58.25122+00	1	t
343	7	2026-03-19	2	9f3fb0f9-16f8-45e2-9c87-f2defd253c2f	2026-03-19 22:48:51.259015+00	\N	9f3fb0f9-16f8-45e2-9c87-f2defd253c2f	2026-03-19 22:48:51.259015+00	\N	\N	2026-03-19 22:48:51.244491+00	2026-03-19 22:48:51.259015+00	1	f
344	8	2026-03-19	2	9f3fb0f9-16f8-45e2-9c87-f2defd253c2f	2026-03-19 22:48:57.150547+00	\N	9f3fb0f9-16f8-45e2-9c87-f2defd253c2f	2026-03-19 22:48:57.150547+00	\N	\N	2026-03-19 22:48:57.136754+00	2026-03-19 22:48:57.150546+00	1	f
346	4	2026-03-19	2	9f3fb0f9-16f8-45e2-9c87-f2defd253c2f	2026-03-19 22:48:57.978411+00	\N	9f3fb0f9-16f8-45e2-9c87-f2defd253c2f	2026-03-19 22:48:57.978411+00	\N	\N	2026-03-19 22:48:57.966778+00	2026-03-19 22:48:57.978411+00	1	f
347	5	2026-03-19	2	9f3fb0f9-16f8-45e2-9c87-f2defd253c2f	2026-03-19 22:49:50.300201+00	\N	9f3fb0f9-16f8-45e2-9c87-f2defd253c2f	2026-03-19 22:49:50.300201+00	\N	\N	2026-03-19 22:49:50.288957+00	2026-03-19 22:49:50.300201+00	1	f
354	1	2026-03-20	2	9f3fb0f9-16f8-45e2-9c87-f2defd253c2f	2026-03-20 14:38:46.577876+00	\N	9f3fb0f9-16f8-45e2-9c87-f2defd253c2f	2026-03-20 14:38:46.577875+00	\N	\N	2026-03-20 14:38:46.545727+00	2026-03-20 14:38:46.577875+00	1	f
367	3	2026-03-21	2	9f3fb0f9-16f8-45e2-9c87-f2defd253c2f	2026-03-22 04:33:17.096373+00	\N	9f3fb0f9-16f8-45e2-9c87-f2defd253c2f	2026-03-22 04:33:17.096373+00	\N	\N	2026-03-22 04:33:17.063703+00	2026-03-22 04:33:17.096373+00	1	f
368	11	2026-03-21	2	9f3fb0f9-16f8-45e2-9c87-f2defd253c2f	2026-03-22 04:33:19.343811+00	\N	9f3fb0f9-16f8-45e2-9c87-f2defd253c2f	2026-03-22 04:33:19.343811+00	\N	\N	2026-03-22 04:33:19.328886+00	2026-03-22 04:33:19.343811+00	1	f
369	9	2026-03-21	2	9f3fb0f9-16f8-45e2-9c87-f2defd253c2f	2026-03-22 04:33:19.926989+00	\N	9f3fb0f9-16f8-45e2-9c87-f2defd253c2f	2026-03-22 04:33:19.926989+00	\N	\N	2026-03-22 04:33:19.91616+00	2026-03-22 04:33:19.926989+00	1	f
370	6	2026-03-21	2	9f3fb0f9-16f8-45e2-9c87-f2defd253c2f	2026-03-22 04:33:25.300641+00	\N	9f3fb0f9-16f8-45e2-9c87-f2defd253c2f	2026-03-22 04:33:25.300641+00	\N	\N	2026-03-22 04:33:25.289837+00	2026-03-22 04:33:25.300641+00	1	f
371	20	2026-03-21	2	9f3fb0f9-16f8-45e2-9c87-f2defd253c2f	2026-03-22 04:33:25.925639+00	\N	9f3fb0f9-16f8-45e2-9c87-f2defd253c2f	2026-03-22 04:33:25.925639+00	\N	\N	2026-03-22 04:33:25.913574+00	2026-03-22 04:33:25.925638+00	1	f
372	19	2026-03-21	2	9f3fb0f9-16f8-45e2-9c87-f2defd253c2f	2026-03-22 04:33:26.372116+00	\N	9f3fb0f9-16f8-45e2-9c87-f2defd253c2f	2026-03-22 04:33:26.372116+00	\N	\N	2026-03-22 04:33:26.359317+00	2026-03-22 04:33:26.372115+00	1	f
378	8	2026-03-22	2	9f3fb0f9-16f8-45e2-9c87-f2defd253c2f	2026-03-22 18:59:01.909092+00	\N	9f3fb0f9-16f8-45e2-9c87-f2defd253c2f	2026-03-22 18:59:01.909092+00	\N	\N	2026-03-22 18:59:01.896866+00	2026-03-22 18:59:01.909091+00	1	f
382	11	2026-03-22	2	9f3fb0f9-16f8-45e2-9c87-f2defd253c2f	2026-03-23 00:01:30.41388+00	\N	9f3fb0f9-16f8-45e2-9c87-f2defd253c2f	2026-03-23 00:01:30.41388+00	\N	\N	2026-03-23 00:01:30.378632+00	2026-03-23 00:01:30.413879+00	1	f
85	7	2026-02-11	2	9f3fb0f9-16f8-45e2-9c87-f2defd253c2f	2026-02-11 23:40:30.175215+00	\N	9f3fb0f9-16f8-45e2-9c87-f2defd253c2f	2026-02-11 23:40:30.175215+00	\N	\N	2026-02-11 23:40:30.142133+00	2026-02-11 23:40:30.175214+00	1	f
86	6	2026-02-11	2	9f3fb0f9-16f8-45e2-9c87-f2defd253c2f	2026-02-11 23:40:34.109176+00	\N	9f3fb0f9-16f8-45e2-9c87-f2defd253c2f	2026-02-11 23:40:34.109176+00	\N	\N	2026-02-11 23:40:34.097158+00	2026-02-11 23:40:34.109175+00	1	f
108	2	2026-02-16	2	9f3fb0f9-16f8-45e2-9c87-f2defd253c2f	2026-02-16 22:11:28.398251+00	\N	9f3fb0f9-16f8-45e2-9c87-f2defd253c2f	2026-02-16 22:11:28.398251+00	\N	\N	2026-02-16 22:11:28.386474+00	2026-02-16 22:11:28.398251+00	1	f
87	20	2026-02-11	2	9f3fb0f9-16f8-45e2-9c87-f2defd253c2f	2026-02-11 23:40:37.273373+00	\N	9f3fb0f9-16f8-45e2-9c87-f2defd253c2f	2026-02-11 23:40:37.273373+00	\N	\N	2026-02-11 23:40:37.260758+00	2026-02-11 23:40:37.273373+00	1	f
109	5	2026-02-16	2	9f3fb0f9-16f8-45e2-9c87-f2defd253c2f	2026-02-16 22:11:30.648397+00	\N	9f3fb0f9-16f8-45e2-9c87-f2defd253c2f	2026-02-16 22:11:30.648397+00	\N	\N	2026-02-16 22:11:30.635308+00	2026-02-16 22:11:30.648397+00	1	f
89	7	2026-02-13	2	9f3fb0f9-16f8-45e2-9c87-f2defd253c2f	2026-02-13 20:33:45.001756+00	\N	9f3fb0f9-16f8-45e2-9c87-f2defd253c2f	2026-02-13 20:33:45.001756+00	\N	\N	2026-02-13 20:33:44.991592+00	2026-02-13 20:33:45.001756+00	1	f
90	2	2026-02-13	2	9f3fb0f9-16f8-45e2-9c87-f2defd253c2f	2026-02-13 20:33:47.248887+00	\N	9f3fb0f9-16f8-45e2-9c87-f2defd253c2f	2026-02-13 20:33:47.248887+00	\N	\N	2026-02-13 20:33:47.237278+00	2026-02-13 20:33:47.248887+00	1	f
133	12	2026-02-23	2	9f3fb0f9-16f8-45e2-9c87-f2defd253c2f	2026-02-24 00:50:18.150951+00	\N	9f3fb0f9-16f8-45e2-9c87-f2defd253c2f	2026-02-24 00:50:18.150951+00	\N	\N	2026-02-24 00:50:18.135615+00	2026-02-24 00:50:18.15095+00	1	f
91	10	2026-02-13	2	9f3fb0f9-16f8-45e2-9c87-f2defd253c2f	2026-02-13 20:33:50.336961+00	\N	9f3fb0f9-16f8-45e2-9c87-f2defd253c2f	2026-02-13 20:33:50.336961+00	\N	\N	2026-02-13 20:33:50.323565+00	2026-02-13 20:33:50.336961+00	1	f
92	1	2026-02-13	2	9f3fb0f9-16f8-45e2-9c87-f2defd253c2f	2026-02-13 20:34:04.768246+00	\N	9f3fb0f9-16f8-45e2-9c87-f2defd253c2f	2026-02-13 20:34:04.768246+00	\N	\N	2026-02-13 20:34:04.75172+00	2026-02-13 20:34:04.768246+00	1	f
93	4	2026-02-13	2	9f3fb0f9-16f8-45e2-9c87-f2defd253c2f	2026-02-13 20:34:06.523619+00	\N	9f3fb0f9-16f8-45e2-9c87-f2defd253c2f	2026-02-13 20:34:06.523619+00	\N	\N	2026-02-13 20:34:06.511065+00	2026-02-13 20:34:06.523619+00	1	f
252	8	2026-03-09	2	9f3fb0f9-16f8-45e2-9c87-f2defd253c2f	2026-03-10 02:26:32.020775+00	\N	9f3fb0f9-16f8-45e2-9c87-f2defd253c2f	2026-03-10 02:26:32.020775+00	\N	\N	2026-03-10 02:26:32.00888+00	2026-03-10 02:26:32.020775+00	1	f
94	8	2026-02-13	2	9f3fb0f9-16f8-45e2-9c87-f2defd253c2f	2026-02-13 20:34:16.348086+00	\N	9f3fb0f9-16f8-45e2-9c87-f2defd253c2f	2026-02-13 20:34:16.348086+00	\N	\N	2026-02-13 20:34:16.331493+00	2026-02-13 20:34:16.348085+00	1	f
293	15	2026-03-13	2	9f161d20-a69b-453a-aa9e-31cb6f4e62af	2026-03-15 19:24:04.145766+00	\N	9f161d20-a69b-453a-aa9e-31cb6f4e62af	2026-03-15 19:24:04.145766+00	\N	\N	2026-03-15 19:24:04.134479+00	2026-03-15 19:24:04.145765+00	1	f
95	15	2026-02-13	2	9f3fb0f9-16f8-45e2-9c87-f2defd253c2f	2026-02-13 21:11:29.048881+00	\N	9f3fb0f9-16f8-45e2-9c87-f2defd253c2f	2026-02-13 21:11:29.048881+00	\N	\N	2026-02-13 21:11:29.015445+00	2026-02-13 21:11:29.048881+00	1	f
254	7	2026-03-09	2	9f3fb0f9-16f8-45e2-9c87-f2defd253c2f	2026-03-10 02:26:40.876233+00	\N	9f3fb0f9-16f8-45e2-9c87-f2defd253c2f	2026-03-10 02:26:40.876233+00	\N	\N	2026-03-10 02:26:40.863628+00	2026-03-10 02:26:40.876233+00	1	f
96	1	2026-02-15	2	9f3fb0f9-16f8-45e2-9c87-f2defd253c2f	2026-02-15 19:42:02.75192+00	\N	9f3fb0f9-16f8-45e2-9c87-f2defd253c2f	2026-02-15 19:42:02.75192+00	\N	\N	2026-02-15 19:42:02.721437+00	2026-02-15 19:42:02.751919+00	1	f
97	8	2026-02-15	2	9f3fb0f9-16f8-45e2-9c87-f2defd253c2f	2026-02-15 19:42:04.013713+00	\N	9f3fb0f9-16f8-45e2-9c87-f2defd253c2f	2026-02-15 19:42:04.013713+00	\N	\N	2026-02-15 19:42:04.00053+00	2026-02-15 19:42:04.013712+00	1	f
255	5	2026-03-09	2	9f3fb0f9-16f8-45e2-9c87-f2defd253c2f	2026-03-10 02:26:43.549001+00	\N	9f3fb0f9-16f8-45e2-9c87-f2defd253c2f	2026-03-10 02:26:43.549001+00	\N	\N	2026-03-10 02:26:43.538206+00	2026-03-10 02:26:43.549001+00	1	f
98	4	2026-02-15	2	9f3fb0f9-16f8-45e2-9c87-f2defd253c2f	2026-02-15 19:42:07.172865+00	\N	9f3fb0f9-16f8-45e2-9c87-f2defd253c2f	2026-02-15 19:42:07.172865+00	\N	\N	2026-02-15 19:42:07.160484+00	2026-02-15 19:42:07.172864+00	1	f
304	1	2026-03-16	2	9f3fb0f9-16f8-45e2-9c87-f2defd253c2f	2026-03-16 21:55:56.245619+00	\N	9f3fb0f9-16f8-45e2-9c87-f2defd253c2f	2026-03-16 21:55:56.245618+00	\N	\N	2026-03-16 21:55:56.211076+00	2026-03-16 21:55:56.245617+00	1	f
256	2	2026-03-09	2	9f3fb0f9-16f8-45e2-9c87-f2defd253c2f	2026-03-10 02:26:50.959508+00	\N	9f3fb0f9-16f8-45e2-9c87-f2defd253c2f	2026-03-10 02:26:50.959508+00	\N	\N	2026-03-10 02:26:50.945365+00	2026-03-10 02:26:50.959508+00	1	f
305	7	2026-03-16	2	9f3fb0f9-16f8-45e2-9c87-f2defd253c2f	2026-03-16 21:55:57.055321+00	\N	9f3fb0f9-16f8-45e2-9c87-f2defd253c2f	2026-03-16 21:55:57.05532+00	\N	\N	2026-03-16 21:55:57.040834+00	2026-03-16 21:55:57.055319+00	1	f
306	8	2026-03-16	2	9f3fb0f9-16f8-45e2-9c87-f2defd253c2f	2026-03-16 21:56:03.926722+00	\N	9f3fb0f9-16f8-45e2-9c87-f2defd253c2f	2026-03-16 21:56:03.926722+00	\N	\N	2026-03-16 21:56:03.911919+00	2026-03-16 21:56:03.92672+00	1	f
307	2	2026-03-16	2	9f3fb0f9-16f8-45e2-9c87-f2defd253c2f	2026-03-16 21:56:06.693641+00	\N	9f3fb0f9-16f8-45e2-9c87-f2defd253c2f	2026-03-16 21:56:06.693641+00	\N	\N	2026-03-16 21:56:06.681036+00	2026-03-16 21:56:06.693641+00	1	f
308	4	2026-03-16	2	9f3fb0f9-16f8-45e2-9c87-f2defd253c2f	2026-03-16 21:56:11.462626+00	\N	9f3fb0f9-16f8-45e2-9c87-f2defd253c2f	2026-03-16 21:56:11.462626+00	\N	\N	2026-03-16 21:56:11.449443+00	2026-03-16 21:56:11.462626+00	1	f
309	5	2026-03-16	2	9f3fb0f9-16f8-45e2-9c87-f2defd253c2f	2026-03-16 21:56:12.887247+00	\N	9f3fb0f9-16f8-45e2-9c87-f2defd253c2f	2026-03-16 21:56:12.887247+00	\N	\N	2026-03-16 21:56:12.875571+00	2026-03-16 21:56:12.887247+00	1	f
310	10	2026-03-16	2	9f3fb0f9-16f8-45e2-9c87-f2defd253c2f	2026-03-16 21:56:16.691461+00	\N	9f3fb0f9-16f8-45e2-9c87-f2defd253c2f	2026-03-16 21:56:16.691461+00	\N	\N	2026-03-16 21:56:16.678882+00	2026-03-16 21:56:16.691461+00	1	f
319	12	2026-03-17	2	9f3fb0f9-16f8-45e2-9c87-f2defd253c2f	2026-03-17 22:48:55.865983+00	\N	9f3fb0f9-16f8-45e2-9c87-f2defd253c2f	2026-03-17 22:48:55.865983+00	\N	\N	2026-03-17 22:48:55.853483+00	2026-03-17 22:48:55.865983+00	1	f
934	4	2026-06-20	2	9f3fb0f9-16f8-45e2-9c87-f2defd253c2f	2026-06-20 20:27:44.687862+00	\N	9f3fb0f9-16f8-45e2-9c87-f2defd253c2f	2026-06-20 20:27:44.687861+00	\N	\N	2026-06-20 20:27:44.67329+00	2026-06-20 20:27:44.68786+00	1	f
935	9	2026-06-20	2	9f3fb0f9-16f8-45e2-9c87-f2defd253c2f	2026-06-20 20:28:04.920501+00	\N	9f3fb0f9-16f8-45e2-9c87-f2defd253c2f	2026-06-20 20:28:04.9205+00	\N	\N	2026-06-20 20:28:04.904651+00	2026-06-20 20:28:04.920499+00	1	f
88	17	2026-02-13	2	9f3fb0f9-16f8-45e2-9c87-f2defd253c2f	2026-02-13 20:33:38.119892+00	\N	9f3fb0f9-16f8-45e2-9c87-f2defd253c2f	2026-02-13 20:33:38.119892+00	\N	\N	2026-02-13 20:33:38.086329+00	2026-02-13 20:33:38.119891+00	1	t
292	17	2026-03-13	2	9f161d20-a69b-453a-aa9e-31cb6f4e62af	2026-03-15 19:24:02.045373+00	\N	9f161d20-a69b-453a-aa9e-31cb6f4e62af	2026-03-15 19:24:02.045373+00	\N	\N	2026-03-15 19:24:02.013897+00	2026-03-15 19:24:02.045373+00	1	t
345	2	2026-03-19	2	9f3fb0f9-16f8-45e2-9c87-f2defd253c2f	2026-03-19 22:48:57.520989+00	\N	9f3fb0f9-16f8-45e2-9c87-f2defd253c2f	2026-03-19 22:48:57.520989+00	\N	\N	2026-03-19 22:48:57.50779+00	2026-03-19 22:48:57.520989+00	1	f
923	17	2026-06-19	0	b7705804-33b5-41e5-bdfb-58763d87e2f0	2026-06-20 20:33:14.266314+00	\N	b7705804-33b5-41e5-bdfb-58763d87e2f0	2026-06-20 20:33:30.095564+00	Need help with this	2026-06-20 02:31:57.415717+00	2026-06-20 02:31:10.045256+00	2026-06-20 20:35:47.277474+00	16	t
348	10	2026-03-19	2	9f3fb0f9-16f8-45e2-9c87-f2defd253c2f	2026-03-19 22:49:59.306859+00	\N	9f3fb0f9-16f8-45e2-9c87-f2defd253c2f	2026-03-19 22:49:59.306858+00	\N	\N	2026-03-19 22:49:59.294627+00	2026-03-19 22:49:59.306858+00	1	f
355	7	2026-03-20	2	9f3fb0f9-16f8-45e2-9c87-f2defd253c2f	2026-03-20 14:38:47.115241+00	\N	9f3fb0f9-16f8-45e2-9c87-f2defd253c2f	2026-03-20 14:38:47.115241+00	\N	\N	2026-03-20 14:38:47.100037+00	2026-03-20 14:38:47.115234+00	1	f
356	8	2026-03-20	2	9f3fb0f9-16f8-45e2-9c87-f2defd253c2f	2026-03-20 14:38:49.382628+00	\N	9f3fb0f9-16f8-45e2-9c87-f2defd253c2f	2026-03-20 14:38:49.382628+00	\N	\N	2026-03-20 14:38:49.37037+00	2026-03-20 14:38:49.382628+00	1	f
357	2	2026-03-20	2	9f3fb0f9-16f8-45e2-9c87-f2defd253c2f	2026-03-20 14:38:50.740311+00	\N	9f3fb0f9-16f8-45e2-9c87-f2defd253c2f	2026-03-20 14:38:50.740311+00	\N	\N	2026-03-20 14:38:50.729351+00	2026-03-20 14:38:50.740311+00	1	f
358	4	2026-03-20	2	9f3fb0f9-16f8-45e2-9c87-f2defd253c2f	2026-03-20 14:38:52.490825+00	\N	9f3fb0f9-16f8-45e2-9c87-f2defd253c2f	2026-03-20 14:38:52.490825+00	\N	\N	2026-03-20 14:38:52.478249+00	2026-03-20 14:38:52.490825+00	1	f
359	5	2026-03-20	2	9f3fb0f9-16f8-45e2-9c87-f2defd253c2f	2026-03-20 14:38:53.547917+00	\N	9f3fb0f9-16f8-45e2-9c87-f2defd253c2f	2026-03-20 14:38:53.547917+00	\N	\N	2026-03-20 14:38:53.535644+00	2026-03-20 14:38:53.547917+00	1	f
818	6	2026-06-12	0	\N	\N	\N	\N	\N	\N	\N	2026-06-13 05:00:00.373516+00	\N	0	f
383	6	2026-03-22	2	9f3fb0f9-16f8-45e2-9c87-f2defd253c2f	2026-03-23 00:01:33.666466+00	\N	9f3fb0f9-16f8-45e2-9c87-f2defd253c2f	2026-03-23 00:01:33.666466+00	\N	\N	2026-03-23 00:01:33.653723+00	2026-03-23 00:01:33.666466+00	1	f
384	20	2026-03-22	2	9f3fb0f9-16f8-45e2-9c87-f2defd253c2f	2026-03-23 00:01:38.773405+00	\N	9f3fb0f9-16f8-45e2-9c87-f2defd253c2f	2026-03-23 00:01:38.773404+00	\N	\N	2026-03-23 00:01:38.76097+00	2026-03-23 00:01:38.773404+00	1	f
455	11	2026-03-28	2	9f3fb0f9-16f8-45e2-9c87-f2defd253c2f	2026-03-28 20:14:50.22397+00	\N	9f3fb0f9-16f8-45e2-9c87-f2defd253c2f	2026-03-28 20:14:50.22397+00	\N	\N	2026-03-28 20:14:50.211597+00	2026-03-28 20:14:50.22397+00	1	f
385	19	2026-03-22	2	9f3fb0f9-16f8-45e2-9c87-f2defd253c2f	2026-03-23 00:01:39.349201+00	\N	9f3fb0f9-16f8-45e2-9c87-f2defd253c2f	2026-03-23 00:01:39.349201+00	\N	\N	2026-03-23 00:01:39.338044+00	2026-03-23 00:01:39.3492+00	1	f
386	12	2026-03-22	2	9f3fb0f9-16f8-45e2-9c87-f2defd253c2f	2026-03-23 00:01:39.954698+00	\N	9f3fb0f9-16f8-45e2-9c87-f2defd253c2f	2026-03-23 00:01:39.954698+00	\N	\N	2026-03-23 00:01:39.943992+00	2026-03-23 00:01:39.954698+00	1	f
387	9	2026-03-22	5	\N	\N	\N	\N	\N	Need help with this	2026-03-23 00:01:48.837636+00	2026-03-23 00:01:48.783446+00	2026-03-23 00:01:48.837773+00	1	f
488	7	2026-04-06	2	9f3fb0f9-16f8-45e2-9c87-f2defd253c2f	2026-04-06 20:20:51.316563+00	\N	9f3fb0f9-16f8-45e2-9c87-f2defd253c2f	2026-04-06 20:20:51.316562+00	\N	\N	2026-04-06 20:20:51.302885+00	2026-04-06 20:20:51.316562+00	1	f
489	8	2026-04-06	2	9f3fb0f9-16f8-45e2-9c87-f2defd253c2f	2026-04-06 20:20:51.822969+00	\N	9f3fb0f9-16f8-45e2-9c87-f2defd253c2f	2026-04-06 20:20:51.822969+00	\N	\N	2026-04-06 20:20:51.811312+00	2026-04-06 20:20:51.822969+00	1	f
630	14	2026-05-11	2	9f3fb0f9-16f8-45e2-9c87-f2defd253c2f	2026-05-11 23:00:57.702368+00	\N	9f3fb0f9-16f8-45e2-9c87-f2defd253c2f	2026-05-11 23:00:57.702368+00	\N	\N	2026-05-11 23:00:57.687199+00	2026-05-11 23:00:57.702368+00	1	f
491	4	2026-04-06	2	9f3fb0f9-16f8-45e2-9c87-f2defd253c2f	2026-04-06 20:20:55.868373+00	\N	9f3fb0f9-16f8-45e2-9c87-f2defd253c2f	2026-04-06 20:20:55.868373+00	\N	\N	2026-04-06 20:20:55.857131+00	2026-04-06 20:20:55.868372+00	1	f
492	5	2026-04-06	2	9f3fb0f9-16f8-45e2-9c87-f2defd253c2f	2026-04-06 20:20:57.433534+00	\N	9f3fb0f9-16f8-45e2-9c87-f2defd253c2f	2026-04-06 20:20:57.433534+00	\N	\N	2026-04-06 20:20:57.421438+00	2026-04-06 20:20:57.433533+00	1	f
631	1	2026-05-11	2	9f3fb0f9-16f8-45e2-9c87-f2defd253c2f	2026-05-11 23:01:02.955163+00	\N	9f3fb0f9-16f8-45e2-9c87-f2defd253c2f	2026-05-11 23:01:02.955163+00	\N	\N	2026-05-11 23:01:02.941184+00	2026-05-11 23:01:02.955163+00	1	f
493	10	2026-04-06	2	9f3fb0f9-16f8-45e2-9c87-f2defd253c2f	2026-04-06 20:20:58.077763+00	\N	9f3fb0f9-16f8-45e2-9c87-f2defd253c2f	2026-04-06 20:20:58.077763+00	\N	\N	2026-04-06 20:20:58.066662+00	2026-04-06 20:20:58.077763+00	1	f
494	9	2026-04-06	2	9f3fb0f9-16f8-45e2-9c87-f2defd253c2f	2026-04-06 20:21:00.312983+00	\N	9f3fb0f9-16f8-45e2-9c87-f2defd253c2f	2026-04-06 20:21:00.312983+00	\N	\N	2026-04-06 20:21:00.301646+00	2026-04-06 20:21:00.312983+00	1	f
521	1	2026-04-17	2	9f3fb0f9-16f8-45e2-9c87-f2defd253c2f	2026-04-18 04:27:54.791607+00	\N	9f3fb0f9-16f8-45e2-9c87-f2defd253c2f	2026-04-18 04:27:54.791607+00	\N	\N	2026-04-18 04:27:54.758237+00	2026-04-18 04:27:54.791606+00	1	f
632	7	2026-05-11	2	9f3fb0f9-16f8-45e2-9c87-f2defd253c2f	2026-05-11 23:01:03.333423+00	\N	9f3fb0f9-16f8-45e2-9c87-f2defd253c2f	2026-05-11 23:01:03.333423+00	\N	\N	2026-05-11 23:01:03.321954+00	2026-05-11 23:01:03.333423+00	1	f
522	7	2026-04-17	2	9f3fb0f9-16f8-45e2-9c87-f2defd253c2f	2026-04-18 04:27:56.371145+00	\N	9f3fb0f9-16f8-45e2-9c87-f2defd253c2f	2026-04-18 04:27:56.371145+00	\N	\N	2026-04-18 04:27:56.35768+00	2026-04-18 04:27:56.371145+00	1	f
523	8	2026-04-17	2	9f3fb0f9-16f8-45e2-9c87-f2defd253c2f	2026-04-18 04:27:56.674387+00	\N	9f3fb0f9-16f8-45e2-9c87-f2defd253c2f	2026-04-18 04:27:56.674387+00	\N	\N	2026-04-18 04:27:56.662707+00	2026-04-18 04:27:56.674386+00	1	f
634	2	2026-05-11	2	9f3fb0f9-16f8-45e2-9c87-f2defd253c2f	2026-05-11 23:01:13.56053+00	\N	9f3fb0f9-16f8-45e2-9c87-f2defd253c2f	2026-05-11 23:01:13.56053+00	\N	\N	2026-05-11 23:01:13.54759+00	2026-05-11 23:01:13.560529+00	1	f
527	6	2026-04-17	2	9f3fb0f9-16f8-45e2-9c87-f2defd253c2f	2026-04-18 04:28:03.53803+00	\N	9f3fb0f9-16f8-45e2-9c87-f2defd253c2f	2026-04-18 04:28:03.53803+00	\N	\N	2026-04-18 04:28:03.526428+00	2026-04-18 04:28:03.53803+00	1	f
528	9	2026-04-17	2	9f3fb0f9-16f8-45e2-9c87-f2defd253c2f	2026-04-18 04:28:03.98979+00	\N	9f3fb0f9-16f8-45e2-9c87-f2defd253c2f	2026-04-18 04:28:03.98979+00	\N	\N	2026-04-18 04:28:03.978754+00	2026-04-18 04:28:03.989789+00	1	f
635	4	2026-05-11	2	9f3fb0f9-16f8-45e2-9c87-f2defd253c2f	2026-05-11 23:01:14.000098+00	\N	9f3fb0f9-16f8-45e2-9c87-f2defd253c2f	2026-05-11 23:01:14.000098+00	\N	\N	2026-05-11 23:01:13.988679+00	2026-05-11 23:01:14.000098+00	1	f
529	10	2026-04-17	2	9f3fb0f9-16f8-45e2-9c87-f2defd253c2f	2026-04-18 04:28:04.412666+00	\N	9f3fb0f9-16f8-45e2-9c87-f2defd253c2f	2026-04-18 04:28:04.412666+00	\N	\N	2026-04-18 04:28:04.400726+00	2026-04-18 04:28:04.412666+00	1	f
530	5	2026-04-17	2	9f3fb0f9-16f8-45e2-9c87-f2defd253c2f	2026-04-18 04:28:04.894827+00	\N	9f3fb0f9-16f8-45e2-9c87-f2defd253c2f	2026-04-18 04:28:04.894827+00	\N	\N	2026-04-18 04:28:04.88343+00	2026-04-18 04:28:04.894827+00	1	f
531	4	2026-04-17	2	9f3fb0f9-16f8-45e2-9c87-f2defd253c2f	2026-04-18 04:28:05.616298+00	\N	9f3fb0f9-16f8-45e2-9c87-f2defd253c2f	2026-04-18 04:28:05.616297+00	\N	\N	2026-04-18 04:28:05.603125+00	2026-04-18 04:28:05.616297+00	1	f
548	5	2026-04-26	2	9f3fb0f9-16f8-45e2-9c87-f2defd253c2f	2026-04-26 19:20:17.419173+00	\N	9f3fb0f9-16f8-45e2-9c87-f2defd253c2f	2026-04-26 19:20:17.419173+00	\N	\N	2026-04-26 19:20:17.38514+00	2026-04-26 19:20:17.419172+00	1	f
550	3	2026-04-26	2	9f3fb0f9-16f8-45e2-9c87-f2defd253c2f	2026-04-26 19:20:20.881743+00	\N	9f3fb0f9-16f8-45e2-9c87-f2defd253c2f	2026-04-26 19:20:20.881743+00	\N	\N	2026-04-26 19:20:20.8689+00	2026-04-26 19:20:20.881743+00	1	f
553	9	2026-04-26	2	9f3fb0f9-16f8-45e2-9c87-f2defd253c2f	2026-04-26 19:20:33.215261+00	\N	9f3fb0f9-16f8-45e2-9c87-f2defd253c2f	2026-04-26 19:20:33.215261+00	\N	\N	2026-04-26 19:20:33.20334+00	2026-04-26 19:20:33.21526+00	1	f
567	13	2026-05-03	2	9f3fb0f9-16f8-45e2-9c87-f2defd253c2f	2026-05-03 20:43:27.701376+00	\N	9f3fb0f9-16f8-45e2-9c87-f2defd253c2f	2026-05-03 20:43:27.701376+00	\N	\N	2026-05-03 20:43:27.66787+00	2026-05-03 20:43:27.701376+00	1	f
579	10	2026-05-04	2	9f3fb0f9-16f8-45e2-9c87-f2defd253c2f	2026-05-05 00:51:05.017829+00	\N	9f3fb0f9-16f8-45e2-9c87-f2defd253c2f	2026-05-05 00:51:05.017829+00	\N	\N	2026-05-05 00:51:04.986013+00	2026-05-05 00:51:05.017828+00	1	f
581	6	2026-05-04	2	9f3fb0f9-16f8-45e2-9c87-f2defd253c2f	2026-05-05 00:51:05.999541+00	\N	9f3fb0f9-16f8-45e2-9c87-f2defd253c2f	2026-05-05 00:51:05.999541+00	\N	\N	2026-05-05 00:51:05.986383+00	2026-05-05 00:51:05.999541+00	1	f
582	12	2026-05-04	2	9f3fb0f9-16f8-45e2-9c87-f2defd253c2f	2026-05-05 00:51:08.114064+00	\N	9f3fb0f9-16f8-45e2-9c87-f2defd253c2f	2026-05-05 00:51:08.114064+00	\N	\N	2026-05-05 00:51:08.101717+00	2026-05-05 00:51:08.114064+00	1	f
583	20	2026-05-04	2	9f3fb0f9-16f8-45e2-9c87-f2defd253c2f	2026-05-05 00:51:08.573646+00	\N	9f3fb0f9-16f8-45e2-9c87-f2defd253c2f	2026-05-05 00:51:08.573646+00	\N	\N	2026-05-05 00:51:08.561961+00	2026-05-05 00:51:08.573646+00	1	f
584	19	2026-05-04	2	9f3fb0f9-16f8-45e2-9c87-f2defd253c2f	2026-05-05 00:51:09.615412+00	\N	9f3fb0f9-16f8-45e2-9c87-f2defd253c2f	2026-05-05 00:51:09.615412+00	\N	\N	2026-05-05 00:51:09.604401+00	2026-05-05 00:51:09.615412+00	1	f
605	7	2026-05-09	2	9f3fb0f9-16f8-45e2-9c87-f2defd253c2f	2026-05-10 04:31:19.209062+00	\N	9f3fb0f9-16f8-45e2-9c87-f2defd253c2f	2026-05-10 04:31:19.209062+00	\N	\N	2026-05-10 04:31:19.176324+00	2026-05-10 04:31:19.209061+00	1	f
607	2	2026-05-09	2	9f3fb0f9-16f8-45e2-9c87-f2defd253c2f	2026-05-10 04:31:20.951965+00	\N	9f3fb0f9-16f8-45e2-9c87-f2defd253c2f	2026-05-10 04:31:20.951965+00	\N	\N	2026-05-10 04:31:20.940242+00	2026-05-10 04:31:20.951965+00	1	f
608	4	2026-05-09	2	9f3fb0f9-16f8-45e2-9c87-f2defd253c2f	2026-05-10 04:31:21.795388+00	\N	9f3fb0f9-16f8-45e2-9c87-f2defd253c2f	2026-05-10 04:31:21.795388+00	\N	\N	2026-05-10 04:31:21.785372+00	2026-05-10 04:31:21.795388+00	1	f
610	11	2026-05-09	2	9f3fb0f9-16f8-45e2-9c87-f2defd253c2f	2026-05-10 04:31:27.870968+00	\N	9f3fb0f9-16f8-45e2-9c87-f2defd253c2f	2026-05-10 04:31:27.870968+00	\N	\N	2026-05-10 04:31:27.85996+00	2026-05-10 04:31:27.870968+00	1	f
623	4	2026-05-10	2	9f3fb0f9-16f8-45e2-9c87-f2defd253c2f	2026-05-11 00:09:49.867533+00	\N	9f3fb0f9-16f8-45e2-9c87-f2defd253c2f	2026-05-11 00:09:49.867533+00	\N	\N	2026-05-11 00:09:49.855606+00	2026-05-11 00:09:49.867532+00	1	f
624	5	2026-05-10	2	9f3fb0f9-16f8-45e2-9c87-f2defd253c2f	2026-05-11 00:09:53.203641+00	\N	9f3fb0f9-16f8-45e2-9c87-f2defd253c2f	2026-05-11 00:09:53.203641+00	\N	\N	2026-05-11 00:09:53.192177+00	2026-05-11 00:09:53.20364+00	1	f
625	11	2026-05-10	2	9f3fb0f9-16f8-45e2-9c87-f2defd253c2f	2026-05-11 00:09:53.526926+00	\N	9f3fb0f9-16f8-45e2-9c87-f2defd253c2f	2026-05-11 00:09:53.526926+00	\N	\N	2026-05-11 00:09:53.51434+00	2026-05-11 00:09:53.526926+00	1	f
626	9	2026-05-10	2	9f3fb0f9-16f8-45e2-9c87-f2defd253c2f	2026-05-11 00:09:53.999018+00	\N	9f3fb0f9-16f8-45e2-9c87-f2defd253c2f	2026-05-11 00:09:53.999018+00	\N	\N	2026-05-11 00:09:53.986601+00	2026-05-11 00:09:53.999017+00	1	f
627	6	2026-05-10	2	9f3fb0f9-16f8-45e2-9c87-f2defd253c2f	2026-05-11 00:09:54.528873+00	\N	9f3fb0f9-16f8-45e2-9c87-f2defd253c2f	2026-05-11 00:09:54.528873+00	\N	\N	2026-05-11 00:09:54.51724+00	2026-05-11 00:09:54.528873+00	1	f
628	12	2026-05-10	2	9f3fb0f9-16f8-45e2-9c87-f2defd253c2f	2026-05-11 00:09:57.282552+00	\N	9f3fb0f9-16f8-45e2-9c87-f2defd253c2f	2026-05-11 00:09:57.282552+00	\N	\N	2026-05-11 00:09:57.26963+00	2026-05-11 00:09:57.282552+00	1	f
456	14	2026-03-30	2	9f3fb0f9-16f8-45e2-9c87-f2defd253c2f	2026-03-30 12:06:21.846238+00	\N	9f3fb0f9-16f8-45e2-9c87-f2defd253c2f	2026-03-30 12:06:21.846238+00	\N	\N	2026-03-30 12:06:21.814559+00	2026-03-30 12:06:21.846238+00	1	f
633	8	2026-05-11	2	9f3fb0f9-16f8-45e2-9c87-f2defd253c2f	2026-05-11 23:01:03.763589+00	\N	9f3fb0f9-16f8-45e2-9c87-f2defd253c2f	2026-05-11 23:01:03.763589+00	\N	\N	2026-05-11 23:01:03.75181+00	2026-05-11 23:01:03.763589+00	1	f
461	4	2026-03-30	2	9f3fb0f9-16f8-45e2-9c87-f2defd253c2f	2026-03-30 12:06:30.875052+00	\N	9f3fb0f9-16f8-45e2-9c87-f2defd253c2f	2026-03-30 12:06:30.875052+00	\N	\N	2026-03-30 12:06:30.86179+00	2026-03-30 12:06:30.875051+00	1	f
936	17	2026-06-20	0	b7705804-33b5-41e5-bdfb-58763d87e2f0	2026-06-20 20:35:23.936891+00	\N	b7705804-33b5-41e5-bdfb-58763d87e2f0	2026-06-20 20:34:14.580301+00	\N	\N	2026-06-20 20:34:03.282963+00	2026-06-20 20:35:33.92125+00	4	t
462	5	2026-03-30	2	9f3fb0f9-16f8-45e2-9c87-f2defd253c2f	2026-03-30 12:06:32.944946+00	\N	9f3fb0f9-16f8-45e2-9c87-f2defd253c2f	2026-03-30 12:06:32.944945+00	\N	\N	2026-03-30 12:06:32.933579+00	2026-03-30 12:06:32.944945+00	1	f
937	16	2026-06-20	0	\N	\N	\N	\N	\N	\N	\N	2026-06-21 03:46:55.312026+00	2026-06-21 03:59:51.93683+00	2	t
549	17	2026-04-26	2	9f3fb0f9-16f8-45e2-9c87-f2defd253c2f	2026-04-26 19:20:19.851898+00	\N	9f3fb0f9-16f8-45e2-9c87-f2defd253c2f	2026-04-26 19:20:19.851898+00	\N	\N	2026-04-26 19:20:19.838919+00	2026-04-26 19:20:19.851898+00	1	t
636	5	2026-05-11	2	9f3fb0f9-16f8-45e2-9c87-f2defd253c2f	2026-05-11 23:01:14.77736+00	\N	9f3fb0f9-16f8-45e2-9c87-f2defd253c2f	2026-05-11 23:01:14.77736+00	\N	\N	2026-05-11 23:01:14.76427+00	2026-05-11 23:01:14.77736+00	1	f
487	1	2026-04-06	2	9f3fb0f9-16f8-45e2-9c87-f2defd253c2f	2026-04-06 20:20:50.950073+00	\N	9f3fb0f9-16f8-45e2-9c87-f2defd253c2f	2026-04-06 20:20:50.950073+00	\N	\N	2026-04-06 20:20:50.937186+00	2026-04-06 20:20:50.950072+00	1	f
637	10	2026-05-11	2	9f3fb0f9-16f8-45e2-9c87-f2defd253c2f	2026-05-11 23:01:19.182254+00	\N	9f3fb0f9-16f8-45e2-9c87-f2defd253c2f	2026-05-11 23:01:19.182254+00	\N	\N	2026-05-11 23:01:19.170911+00	2026-05-11 23:01:19.182254+00	1	f
490	2	2026-04-06	2	9f3fb0f9-16f8-45e2-9c87-f2defd253c2f	2026-04-06 20:20:55.521841+00	\N	9f3fb0f9-16f8-45e2-9c87-f2defd253c2f	2026-04-06 20:20:55.521841+00	\N	\N	2026-04-06 20:20:55.508627+00	2026-04-06 20:20:55.52184+00	1	f
638	9	2026-05-11	2	9f3fb0f9-16f8-45e2-9c87-f2defd253c2f	2026-05-11 23:01:20.36215+00	\N	9f3fb0f9-16f8-45e2-9c87-f2defd253c2f	2026-05-11 23:01:20.36215+00	\N	\N	2026-05-11 23:01:20.348328+00	2026-05-11 23:01:20.36215+00	1	f
524	2	2026-04-17	2	9f3fb0f9-16f8-45e2-9c87-f2defd253c2f	2026-04-18 04:27:57.223121+00	\N	9f3fb0f9-16f8-45e2-9c87-f2defd253c2f	2026-04-18 04:27:57.22312+00	\N	\N	2026-04-18 04:27:57.209964+00	2026-04-18 04:27:57.22312+00	1	f
645	1	2026-05-19	2	9f3fb0f9-16f8-45e2-9c87-f2defd253c2f	2026-05-20 04:54:13.370609+00	\N	9f3fb0f9-16f8-45e2-9c87-f2defd253c2f	2026-05-20 04:54:13.370609+00	\N	\N	2026-05-20 04:54:13.335253+00	2026-05-20 04:54:13.370609+00	1	f
525	19	2026-04-17	2	9f3fb0f9-16f8-45e2-9c87-f2defd253c2f	2026-04-18 04:28:02.71113+00	\N	9f3fb0f9-16f8-45e2-9c87-f2defd253c2f	2026-04-18 04:28:02.71113+00	\N	\N	2026-04-18 04:28:02.695992+00	2026-04-18 04:28:02.711129+00	1	f
526	20	2026-04-17	2	9f3fb0f9-16f8-45e2-9c87-f2defd253c2f	2026-04-18 04:28:03.152072+00	\N	9f3fb0f9-16f8-45e2-9c87-f2defd253c2f	2026-04-18 04:28:03.152072+00	\N	\N	2026-04-18 04:28:03.140903+00	2026-04-18 04:28:03.152072+00	1	f
646	7	2026-05-19	2	9f3fb0f9-16f8-45e2-9c87-f2defd253c2f	2026-05-20 04:54:15.177836+00	\N	9f3fb0f9-16f8-45e2-9c87-f2defd253c2f	2026-05-20 04:54:15.177836+00	\N	\N	2026-05-20 04:54:15.165093+00	2026-05-20 04:54:15.177836+00	1	f
647	8	2026-05-19	2	9f3fb0f9-16f8-45e2-9c87-f2defd253c2f	2026-05-20 04:54:15.626028+00	\N	9f3fb0f9-16f8-45e2-9c87-f2defd253c2f	2026-05-20 04:54:15.626027+00	\N	\N	2026-05-20 04:54:15.612836+00	2026-05-20 04:54:15.626027+00	1	f
551	15	2026-04-26	2	9f3fb0f9-16f8-45e2-9c87-f2defd253c2f	2026-04-26 19:20:25.495869+00	\N	9f3fb0f9-16f8-45e2-9c87-f2defd253c2f	2026-04-26 19:20:25.495868+00	\N	\N	2026-04-26 19:20:25.483337+00	2026-04-26 19:20:25.495868+00	1	f
552	11	2026-04-26	2	9f3fb0f9-16f8-45e2-9c87-f2defd253c2f	2026-04-26 19:20:32.699441+00	\N	9f3fb0f9-16f8-45e2-9c87-f2defd253c2f	2026-04-26 19:20:32.699441+00	\N	\N	2026-04-26 19:20:32.6871+00	2026-04-26 19:20:32.699441+00	1	f
648	2	2026-05-19	2	9f3fb0f9-16f8-45e2-9c87-f2defd253c2f	2026-05-20 04:54:16.937692+00	\N	9f3fb0f9-16f8-45e2-9c87-f2defd253c2f	2026-05-20 04:54:16.937692+00	\N	\N	2026-05-20 04:54:16.927581+00	2026-05-20 04:54:16.937691+00	1	f
568	12	2026-05-03	2	9f3fb0f9-16f8-45e2-9c87-f2defd253c2f	2026-05-03 20:43:40.168023+00	\N	9f3fb0f9-16f8-45e2-9c87-f2defd253c2f	2026-05-03 20:43:40.168023+00	\N	\N	2026-05-03 20:43:40.151506+00	2026-05-03 20:43:40.168022+00	1	f
649	4	2026-05-19	2	9f3fb0f9-16f8-45e2-9c87-f2defd253c2f	2026-05-20 04:54:17.337889+00	\N	9f3fb0f9-16f8-45e2-9c87-f2defd253c2f	2026-05-20 04:54:17.337889+00	\N	\N	2026-05-20 04:54:17.326912+00	2026-05-20 04:54:17.337889+00	1	f
580	9	2026-05-04	2	9f3fb0f9-16f8-45e2-9c87-f2defd253c2f	2026-05-05 00:51:05.463257+00	\N	9f3fb0f9-16f8-45e2-9c87-f2defd253c2f	2026-05-05 00:51:05.463257+00	\N	\N	2026-05-05 00:51:05.451342+00	2026-05-05 00:51:05.463257+00	1	f
606	8	2026-05-09	2	9f3fb0f9-16f8-45e2-9c87-f2defd253c2f	2026-05-10 04:31:20.6168+00	\N	9f3fb0f9-16f8-45e2-9c87-f2defd253c2f	2026-05-10 04:31:20.6168+00	\N	\N	2026-05-10 04:31:20.604723+00	2026-05-10 04:31:20.6168+00	1	f
609	5	2026-05-09	2	9f3fb0f9-16f8-45e2-9c87-f2defd253c2f	2026-05-10 04:31:22.197188+00	\N	9f3fb0f9-16f8-45e2-9c87-f2defd253c2f	2026-05-10 04:31:22.197188+00	\N	\N	2026-05-10 04:31:22.18544+00	2026-05-10 04:31:22.197188+00	1	f
611	9	2026-05-09	2	9f3fb0f9-16f8-45e2-9c87-f2defd253c2f	2026-05-10 04:31:28.240529+00	\N	9f3fb0f9-16f8-45e2-9c87-f2defd253c2f	2026-05-10 04:31:28.240529+00	\N	\N	2026-05-10 04:31:28.229094+00	2026-05-10 04:31:28.240529+00	1	f
42	17	2026-01-07	0	9f3fb0f9-16f8-45e2-9c87-f2defd253c2f	2026-01-07 23:07:51.117548+00	\N	9f3fb0f9-16f8-45e2-9c87-f2defd253c2f	2026-01-07 23:07:51.117547+00	\N	\N	2026-01-07 23:07:51.08564+00	2026-01-07 23:09:39.42403+00	2	t
33	18	2026-01-05	4	\N	\N	Cool! I’ll do it. Steaks	\N	\N	Need help with this	2026-01-05 18:28:04.526638+00	2026-01-05 18:28:04.516742+00	2026-01-05 18:28:24.879236+00	2	t
34	17	2026-01-05	2	9f3fb0f9-16f8-45e2-9c87-f2defd253c2f	2026-01-05 20:39:20.777553+00	\N	9f3fb0f9-16f8-45e2-9c87-f2defd253c2f	2026-01-05 20:39:20.777552+00	\N	\N	2026-01-05 18:30:43.076919+00	2026-01-05 20:39:20.777552+00	3	t
457	1	2026-03-30	2	9f3fb0f9-16f8-45e2-9c87-f2defd253c2f	2026-03-30 12:06:25.280096+00	\N	9f3fb0f9-16f8-45e2-9c87-f2defd253c2f	2026-03-30 12:06:25.280096+00	\N	\N	2026-03-30 12:06:25.265878+00	2026-03-30 12:06:25.280096+00	1	f
320	18	2026-03-17	2	9f3fb0f9-16f8-45e2-9c87-f2defd253c2f	2026-03-18 00:12:54.978551+00	\N	9f3fb0f9-16f8-45e2-9c87-f2defd253c2f	2026-03-18 00:12:54.97855+00	\N	\N	2026-03-18 00:12:54.94014+00	2026-03-18 00:12:54.97855+00	1	t
247	16	2026-03-08	2	9f3fb0f9-16f8-45e2-9c87-f2defd253c2f	2026-03-08 19:26:51.960033+00	\N	9f3fb0f9-16f8-45e2-9c87-f2defd253c2f	2026-03-08 19:26:51.960033+00	\N	\N	2026-03-08 19:26:51.924379+00	2026-03-08 19:26:51.960032+00	1	t
928	18	2026-06-20	0	\N	\N	\N	\N	\N	\N	\N	2026-06-20 19:08:19.61357+00	2026-06-20 19:08:44.345888+00	2	t
458	7	2026-03-30	2	9f3fb0f9-16f8-45e2-9c87-f2defd253c2f	2026-03-30 12:06:26.687531+00	\N	9f3fb0f9-16f8-45e2-9c87-f2defd253c2f	2026-03-30 12:06:26.68753+00	\N	\N	2026-03-30 12:06:26.675897+00	2026-03-30 12:06:26.68753+00	1	f
373	16	2026-03-22	2	9f3fb0f9-16f8-45e2-9c87-f2defd253c2f	2026-03-22 18:58:44.00271+00	\N	9f3fb0f9-16f8-45e2-9c87-f2defd253c2f	2026-03-22 18:58:44.00271+00	\N	\N	2026-03-22 18:58:43.967195+00	2026-03-22 18:58:44.002709+00	1	t
106	17	2026-02-16	2	9f3fb0f9-16f8-45e2-9c87-f2defd253c2f	2026-02-16 22:11:24.781964+00	\N	9f3fb0f9-16f8-45e2-9c87-f2defd253c2f	2026-02-16 22:11:24.781964+00	\N	\N	2026-02-16 22:11:24.74807+00	2026-02-16 22:11:24.781964+00	1	t
250	18	2026-03-09	0	9f3fb0f9-16f8-45e2-9c87-f2defd253c2f	2026-03-10 02:26:17.866635+00	\N	9f3fb0f9-16f8-45e2-9c87-f2defd253c2f	2026-03-10 02:26:17.866635+00	\N	\N	2026-03-10 02:26:17.833106+00	2026-03-10 02:29:00.0849+00	2	t
922	18	2026-06-19	0	9f3fb0f9-16f8-45e2-9c87-f2defd253c2f	2026-06-20 02:31:08.110831+00	\N	b7705804-33b5-41e5-bdfb-58763d87e2f0	2026-06-20 04:11:12.58237+00	Need help with this	2026-06-20 02:31:58.840892+00	2026-06-20 02:31:08.079176+00	2026-06-20 04:11:43.692274+00	7	t
374	17	2026-03-22	2	9f3fb0f9-16f8-45e2-9c87-f2defd253c2f	2026-03-22 18:58:50.665075+00	\N	9f3fb0f9-16f8-45e2-9c87-f2defd253c2f	2026-03-22 18:58:50.665075+00	\N	\N	2026-03-22 18:58:50.652568+00	2026-03-22 18:58:50.665075+00	1	t
459	8	2026-03-30	2	9f3fb0f9-16f8-45e2-9c87-f2defd253c2f	2026-03-30 12:06:27.37111+00	\N	9f3fb0f9-16f8-45e2-9c87-f2defd253c2f	2026-03-30 12:06:27.37111+00	\N	\N	2026-03-30 12:06:27.361669+00	2026-03-30 12:06:27.37111+00	1	f
454	17	2026-03-28	2	9f3fb0f9-16f8-45e2-9c87-f2defd253c2f	2026-03-28 20:14:47.904096+00	\N	9f3fb0f9-16f8-45e2-9c87-f2defd253c2f	2026-03-28 20:14:47.904096+00	\N	\N	2026-03-28 20:14:47.889181+00	2026-03-28 20:14:47.904096+00	1	t
486	17	2026-04-06	2	9f3fb0f9-16f8-45e2-9c87-f2defd253c2f	2026-04-06 20:20:48.203613+00	\N	9f3fb0f9-16f8-45e2-9c87-f2defd253c2f	2026-04-06 20:20:48.203613+00	\N	\N	2026-04-06 20:20:48.167497+00	2026-04-06 20:20:48.203613+00	1	t
629	17	2026-05-11	2	9f3fb0f9-16f8-45e2-9c87-f2defd253c2f	2026-05-11 23:00:56.135091+00	\N	9f3fb0f9-16f8-45e2-9c87-f2defd253c2f	2026-05-11 23:00:56.13509+00	\N	\N	2026-05-11 23:00:56.100608+00	2026-05-11 23:00:56.13509+00	1	t
460	2	2026-03-30	2	9f3fb0f9-16f8-45e2-9c87-f2defd253c2f	2026-03-30 12:06:28.100762+00	\N	9f3fb0f9-16f8-45e2-9c87-f2defd253c2f	2026-03-30 12:06:28.100762+00	\N	\N	2026-03-30 12:06:28.090641+00	2026-03-30 12:06:28.100762+00	1	f
495	16	2026-04-06	2	9f3fb0f9-16f8-45e2-9c87-f2defd253c2f	2026-04-06 22:39:09.474375+00	\N	9f3fb0f9-16f8-45e2-9c87-f2defd253c2f	2026-04-06 22:39:09.474375+00	\N	\N	2026-04-06 22:39:09.437592+00	2026-04-06 22:39:09.474375+00	1	t
499	17	2026-04-10	2	9f3fb0f9-16f8-45e2-9c87-f2defd253c2f	2026-04-11 00:37:43.65254+00	\N	9f3fb0f9-16f8-45e2-9c87-f2defd253c2f	2026-04-11 00:37:43.652419+00	\N	\N	2026-04-11 00:37:43.337945+00	2026-04-11 00:37:43.652251+00	1	t
532	16	2026-04-22	2	9f3fb0f9-16f8-45e2-9c87-f2defd253c2f	2026-04-23 00:56:39.338932+00	\N	9f3fb0f9-16f8-45e2-9c87-f2defd253c2f	2026-04-23 00:56:39.338932+00	\N	\N	2026-04-23 00:56:39.303419+00	2026-04-23 00:56:39.338931+00	1	t
554	16	2026-04-26	2	9f3fb0f9-16f8-45e2-9c87-f2defd253c2f	2026-04-26 22:55:33.523412+00	\N	9f3fb0f9-16f8-45e2-9c87-f2defd253c2f	2026-04-26 22:55:33.523412+00	\N	\N	2026-04-26 22:55:33.48984+00	2026-04-26 22:55:33.523412+00	1	t
214	17	2026-03-04	2	b7705804-33b5-41e5-bdfb-58763d87e2f0	2026-03-08 00:35:29.280346+00	\N	b7705804-33b5-41e5-bdfb-58763d87e2f0	2026-03-08 00:35:29.280346+00	\N	\N	2026-03-08 00:35:29.271152+00	2026-03-08 00:35:29.280346+00	1	t
500	7	2026-04-10	2	9f3fb0f9-16f8-45e2-9c87-f2defd253c2f	2026-04-11 00:37:44.288383+00	\N	9f3fb0f9-16f8-45e2-9c87-f2defd253c2f	2026-04-11 00:37:44.288383+00	\N	\N	2026-04-11 00:37:44.270529+00	2026-04-11 00:37:44.28838+00	1	f
503	8	2026-04-10	2	9f3fb0f9-16f8-45e2-9c87-f2defd253c2f	2026-04-11 00:37:51.546899+00	\N	9f3fb0f9-16f8-45e2-9c87-f2defd253c2f	2026-04-11 00:37:51.546897+00	\N	\N	2026-04-11 00:37:51.5311+00	2026-04-11 00:37:51.546896+00	1	f
504	4	2026-04-10	2	9f3fb0f9-16f8-45e2-9c87-f2defd253c2f	2026-04-11 00:37:52.712601+00	\N	9f3fb0f9-16f8-45e2-9c87-f2defd253c2f	2026-04-11 00:37:52.7126+00	\N	\N	2026-04-11 00:37:52.698794+00	2026-04-11 00:37:52.712599+00	1	f
505	5	2026-04-10	2	9f3fb0f9-16f8-45e2-9c87-f2defd253c2f	2026-04-11 00:37:53.044697+00	\N	9f3fb0f9-16f8-45e2-9c87-f2defd253c2f	2026-04-11 00:37:53.044695+00	\N	\N	2026-04-11 00:37:53.032342+00	2026-04-11 00:37:53.044694+00	1	f
506	10	2026-04-10	2	9f3fb0f9-16f8-45e2-9c87-f2defd253c2f	2026-04-11 00:37:58.167162+00	\N	9f3fb0f9-16f8-45e2-9c87-f2defd253c2f	2026-04-11 00:37:58.167161+00	\N	\N	2026-04-11 00:37:58.152818+00	2026-04-11 00:37:58.167159+00	1	f
507	9	2026-04-10	2	9f3fb0f9-16f8-45e2-9c87-f2defd253c2f	2026-04-11 00:37:58.823801+00	\N	9f3fb0f9-16f8-45e2-9c87-f2defd253c2f	2026-04-11 00:37:58.8238+00	\N	\N	2026-04-11 00:37:58.812878+00	2026-04-11 00:37:58.823798+00	1	f
533	1	2026-04-22	2	9f3fb0f9-16f8-45e2-9c87-f2defd253c2f	2026-04-23 00:56:41.471377+00	\N	9f3fb0f9-16f8-45e2-9c87-f2defd253c2f	2026-04-23 00:56:41.471377+00	\N	\N	2026-04-23 00:56:41.457482+00	2026-04-23 00:56:41.471377+00	1	f
534	7	2026-04-22	2	9f3fb0f9-16f8-45e2-9c87-f2defd253c2f	2026-04-23 00:56:41.75624+00	\N	9f3fb0f9-16f8-45e2-9c87-f2defd253c2f	2026-04-23 00:56:41.75624+00	\N	\N	2026-04-23 00:56:41.744951+00	2026-04-23 00:56:41.75624+00	1	f
535	8	2026-04-22	2	9f3fb0f9-16f8-45e2-9c87-f2defd253c2f	2026-04-23 00:56:45.050155+00	\N	9f3fb0f9-16f8-45e2-9c87-f2defd253c2f	2026-04-23 00:56:45.050155+00	\N	\N	2026-04-23 00:56:45.036967+00	2026-04-23 00:56:45.050154+00	1	f
537	4	2026-04-22	2	9f3fb0f9-16f8-45e2-9c87-f2defd253c2f	2026-04-23 00:56:45.72402+00	\N	9f3fb0f9-16f8-45e2-9c87-f2defd253c2f	2026-04-23 00:56:45.72402+00	\N	\N	2026-04-23 00:56:45.713083+00	2026-04-23 00:56:45.724019+00	1	f
538	5	2026-04-22	2	9f3fb0f9-16f8-45e2-9c87-f2defd253c2f	2026-04-23 00:56:46.178914+00	\N	9f3fb0f9-16f8-45e2-9c87-f2defd253c2f	2026-04-23 00:56:46.178914+00	\N	\N	2026-04-23 00:56:46.166896+00	2026-04-23 00:56:46.178914+00	1	f
539	10	2026-04-22	2	9f3fb0f9-16f8-45e2-9c87-f2defd253c2f	2026-04-23 00:56:47.665438+00	\N	9f3fb0f9-16f8-45e2-9c87-f2defd253c2f	2026-04-23 00:56:47.665438+00	\N	\N	2026-04-23 00:56:47.653414+00	2026-04-23 00:56:47.665438+00	1	f
540	9	2026-04-22	2	9f3fb0f9-16f8-45e2-9c87-f2defd253c2f	2026-04-23 00:56:55.009792+00	\N	9f3fb0f9-16f8-45e2-9c87-f2defd253c2f	2026-04-23 00:56:55.009792+00	\N	\N	2026-04-23 00:56:54.996109+00	2026-04-23 00:56:55.009792+00	1	f
541	12	2026-04-22	2	9f3fb0f9-16f8-45e2-9c87-f2defd253c2f	2026-04-23 00:56:59.025056+00	\N	9f3fb0f9-16f8-45e2-9c87-f2defd253c2f	2026-04-23 00:56:59.025056+00	\N	\N	2026-04-23 00:56:59.011895+00	2026-04-23 00:56:59.025055+00	1	f
542	20	2026-04-22	2	9f3fb0f9-16f8-45e2-9c87-f2defd253c2f	2026-04-23 00:57:00.513148+00	\N	9f3fb0f9-16f8-45e2-9c87-f2defd253c2f	2026-04-23 00:57:00.513147+00	\N	\N	2026-04-23 00:57:00.501937+00	2026-04-23 00:57:00.513147+00	1	f
555	6	2026-04-26	2	9f3fb0f9-16f8-45e2-9c87-f2defd253c2f	2026-04-26 22:55:49.741064+00	\N	9f3fb0f9-16f8-45e2-9c87-f2defd253c2f	2026-04-26 22:55:49.741064+00	\N	\N	2026-04-26 22:55:49.724983+00	2026-04-26 22:55:49.741063+00	1	f
556	12	2026-04-26	2	9f3fb0f9-16f8-45e2-9c87-f2defd253c2f	2026-04-26 22:55:50.824879+00	\N	9f3fb0f9-16f8-45e2-9c87-f2defd253c2f	2026-04-26 22:55:50.824879+00	\N	\N	2026-04-26 22:55:50.814845+00	2026-04-26 22:55:50.824879+00	1	f
569	6	2026-05-03	2	9f3fb0f9-16f8-45e2-9c87-f2defd253c2f	2026-05-04 01:09:15.082583+00	\N	9f3fb0f9-16f8-45e2-9c87-f2defd253c2f	2026-05-04 01:09:15.082583+00	\N	\N	2026-05-04 01:09:15.050587+00	2026-05-04 01:09:15.082583+00	1	f
571	20	2026-05-03	2	9f3fb0f9-16f8-45e2-9c87-f2defd253c2f	2026-05-04 01:09:31.55179+00	\N	9f3fb0f9-16f8-45e2-9c87-f2defd253c2f	2026-05-04 01:09:31.55179+00	\N	\N	2026-05-04 01:09:31.539669+00	2026-05-04 01:09:31.55179+00	1	f
585	1	2026-05-06	2	9f3fb0f9-16f8-45e2-9c87-f2defd253c2f	2026-05-06 21:00:19.765631+00	\N	9f3fb0f9-16f8-45e2-9c87-f2defd253c2f	2026-05-06 21:00:19.765631+00	\N	\N	2026-05-06 21:00:19.729835+00	2026-05-06 21:00:19.765631+00	1	f
215	17	2026-03-06	2	b7705804-33b5-41e5-bdfb-58763d87e2f0	2026-03-08 00:35:33.957142+00	\N	b7705804-33b5-41e5-bdfb-58763d87e2f0	2026-03-08 00:35:33.957142+00	\N	\N	2026-03-08 00:35:33.946387+00	2026-03-08 00:35:33.957142+00	1	t
639	1	2026-05-17	2	9f3fb0f9-16f8-45e2-9c87-f2defd253c2f	2026-05-17 13:54:50.846116+00	\N	9f3fb0f9-16f8-45e2-9c87-f2defd253c2f	2026-05-17 13:54:50.846116+00	\N	\N	2026-05-17 13:54:50.812066+00	2026-05-17 13:54:50.846116+00	1	f
778	18	2026-06-10	2	9f3fb0f9-16f8-45e2-9c87-f2defd253c2f	2026-06-10 23:38:44.946951+00	\N	9f3fb0f9-16f8-45e2-9c87-f2defd253c2f	2026-06-10 23:38:44.946951+00	\N	\N	2026-06-10 23:38:44.933424+00	2026-06-10 23:38:44.94695+00	1	t
463	1	2026-04-03	2	9f3fb0f9-16f8-45e2-9c87-f2defd253c2f	2026-04-04 00:39:58.102328+00	\N	9f3fb0f9-16f8-45e2-9c87-f2defd253c2f	2026-04-04 00:39:58.102328+00	\N	\N	2026-04-04 00:39:58.067791+00	2026-04-04 00:39:58.102327+00	1	f
464	7	2026-04-03	2	9f3fb0f9-16f8-45e2-9c87-f2defd253c2f	2026-04-04 00:40:00.674283+00	\N	9f3fb0f9-16f8-45e2-9c87-f2defd253c2f	2026-04-04 00:40:00.674283+00	\N	\N	2026-04-04 00:40:00.662526+00	2026-04-04 00:40:00.674282+00	1	f
641	8	2026-05-17	2	9f3fb0f9-16f8-45e2-9c87-f2defd253c2f	2026-05-17 13:54:52.892368+00	\N	9f3fb0f9-16f8-45e2-9c87-f2defd253c2f	2026-05-17 13:54:52.892368+00	\N	\N	2026-05-17 13:54:52.880917+00	2026-05-17 13:54:52.892368+00	1	f
465	8	2026-04-03	2	9f3fb0f9-16f8-45e2-9c87-f2defd253c2f	2026-04-04 00:40:00.991748+00	\N	9f3fb0f9-16f8-45e2-9c87-f2defd253c2f	2026-04-04 00:40:00.991748+00	\N	\N	2026-04-04 00:40:00.980319+00	2026-04-04 00:40:00.991747+00	1	f
466	2	2026-04-03	2	9f3fb0f9-16f8-45e2-9c87-f2defd253c2f	2026-04-04 00:40:01.394547+00	\N	9f3fb0f9-16f8-45e2-9c87-f2defd253c2f	2026-04-04 00:40:01.394546+00	\N	\N	2026-04-04 00:40:01.382902+00	2026-04-04 00:40:01.394546+00	1	f
644	5	2026-05-17	2	9f3fb0f9-16f8-45e2-9c87-f2defd253c2f	2026-05-17 13:54:56.454229+00	\N	9f3fb0f9-16f8-45e2-9c87-f2defd253c2f	2026-05-17 13:54:56.454229+00	\N	\N	2026-05-17 13:54:56.442503+00	2026-05-17 13:54:56.454229+00	1	f
467	4	2026-04-03	2	9f3fb0f9-16f8-45e2-9c87-f2defd253c2f	2026-04-04 00:40:01.862479+00	\N	9f3fb0f9-16f8-45e2-9c87-f2defd253c2f	2026-04-04 00:40:01.862479+00	\N	\N	2026-04-04 00:40:01.8507+00	2026-04-04 00:40:01.862479+00	1	f
471	6	2026-04-03	2	9f3fb0f9-16f8-45e2-9c87-f2defd253c2f	2026-04-04 00:40:08.4996+00	\N	9f3fb0f9-16f8-45e2-9c87-f2defd253c2f	2026-04-04 00:40:08.4996+00	\N	\N	2026-04-04 00:40:08.488823+00	2026-04-04 00:40:08.4996+00	1	f
650	5	2026-05-19	2	9f3fb0f9-16f8-45e2-9c87-f2defd253c2f	2026-05-20 04:54:17.952961+00	\N	9f3fb0f9-16f8-45e2-9c87-f2defd253c2f	2026-05-20 04:54:17.952961+00	\N	\N	2026-05-20 04:54:17.941373+00	2026-05-20 04:54:17.95296+00	1	f
496	6	2026-04-06	2	9f3fb0f9-16f8-45e2-9c87-f2defd253c2f	2026-04-07 02:25:34.124809+00	\N	9f3fb0f9-16f8-45e2-9c87-f2defd253c2f	2026-04-07 02:25:34.124809+00	\N	\N	2026-04-07 02:25:34.090853+00	2026-04-07 02:25:34.124809+00	1	f
498	12	2026-04-06	2	9f3fb0f9-16f8-45e2-9c87-f2defd253c2f	2026-04-07 02:25:38.782714+00	\N	9f3fb0f9-16f8-45e2-9c87-f2defd253c2f	2026-04-07 02:25:38.782714+00	\N	\N	2026-04-07 02:25:38.772179+00	2026-04-07 02:25:38.782714+00	1	f
651	10	2026-05-19	2	9f3fb0f9-16f8-45e2-9c87-f2defd253c2f	2026-05-20 04:54:18.654822+00	\N	9f3fb0f9-16f8-45e2-9c87-f2defd253c2f	2026-05-20 04:54:18.654822+00	\N	\N	2026-05-20 04:54:18.643339+00	2026-05-20 04:54:18.654822+00	1	f
501	2	2026-04-10	2	9f3fb0f9-16f8-45e2-9c87-f2defd253c2f	2026-04-11 00:37:45.19911+00	\N	9f3fb0f9-16f8-45e2-9c87-f2defd253c2f	2026-04-11 00:37:45.19911+00	\N	\N	2026-04-11 00:37:45.18491+00	2026-04-11 00:37:45.199109+00	1	f
502	1	2026-04-10	2	9f3fb0f9-16f8-45e2-9c87-f2defd253c2f	2026-04-11 00:37:50.387906+00	\N	9f3fb0f9-16f8-45e2-9c87-f2defd253c2f	2026-04-11 00:37:50.387905+00	\N	\N	2026-04-11 00:37:50.375623+00	2026-04-11 00:37:50.387904+00	1	f
652	9	2026-05-19	2	9f3fb0f9-16f8-45e2-9c87-f2defd253c2f	2026-05-20 04:54:19.443005+00	\N	9f3fb0f9-16f8-45e2-9c87-f2defd253c2f	2026-05-20 04:54:19.443005+00	\N	\N	2026-05-20 04:54:19.431604+00	2026-05-20 04:54:19.443005+00	1	f
508	6	2026-04-10	2	9f3fb0f9-16f8-45e2-9c87-f2defd253c2f	2026-04-11 00:38:01.874461+00	\N	9f3fb0f9-16f8-45e2-9c87-f2defd253c2f	2026-04-11 00:38:01.874461+00	\N	\N	2026-04-11 00:38:01.861267+00	2026-04-11 00:38:01.874459+00	1	f
536	2	2026-04-22	2	9f3fb0f9-16f8-45e2-9c87-f2defd253c2f	2026-04-23 00:56:45.353115+00	\N	9f3fb0f9-16f8-45e2-9c87-f2defd253c2f	2026-04-23 00:56:45.353115+00	\N	\N	2026-04-23 00:56:45.340593+00	2026-04-23 00:56:45.353115+00	1	f
557	20	2026-04-26	2	9f3fb0f9-16f8-45e2-9c87-f2defd253c2f	2026-04-26 22:55:52.62921+00	\N	9f3fb0f9-16f8-45e2-9c87-f2defd253c2f	2026-04-26 22:55:52.62921+00	\N	\N	2026-04-26 22:55:52.615786+00	2026-04-26 22:55:52.62921+00	1	f
558	19	2026-04-26	2	9f3fb0f9-16f8-45e2-9c87-f2defd253c2f	2026-04-26 22:55:53.009935+00	\N	9f3fb0f9-16f8-45e2-9c87-f2defd253c2f	2026-04-26 22:55:53.009935+00	\N	\N	2026-04-26 22:55:52.998514+00	2026-04-26 22:55:53.009935+00	1	f
570	9	2026-05-03	5	\N	\N	\N	\N	\N	Need help with this	2026-05-04 01:09:27.264315+00	2026-05-04 01:09:27.207932+00	2026-05-04 01:09:27.264399+00	1	f
572	19	2026-05-03	2	9f3fb0f9-16f8-45e2-9c87-f2defd253c2f	2026-05-04 01:09:36.137517+00	\N	9f3fb0f9-16f8-45e2-9c87-f2defd253c2f	2026-05-04 01:09:36.137517+00	\N	\N	2026-05-04 01:09:36.123233+00	2026-05-04 01:09:36.137516+00	1	f
586	7	2026-05-06	2	9f3fb0f9-16f8-45e2-9c87-f2defd253c2f	2026-05-06 21:00:21.10271+00	\N	9f3fb0f9-16f8-45e2-9c87-f2defd253c2f	2026-05-06 21:00:21.10271+00	\N	\N	2026-05-06 21:00:21.090296+00	2026-05-06 21:00:21.10271+00	1	f
587	8	2026-05-06	2	9f3fb0f9-16f8-45e2-9c87-f2defd253c2f	2026-05-06 21:00:21.498404+00	\N	9f3fb0f9-16f8-45e2-9c87-f2defd253c2f	2026-05-06 21:00:21.498404+00	\N	\N	2026-05-06 21:00:21.486941+00	2026-05-06 21:00:21.498403+00	1	f
588	2	2026-05-06	2	9f3fb0f9-16f8-45e2-9c87-f2defd253c2f	2026-05-06 21:00:22.21969+00	\N	9f3fb0f9-16f8-45e2-9c87-f2defd253c2f	2026-05-06 21:00:22.21969+00	\N	\N	2026-05-06 21:00:22.206694+00	2026-05-06 21:00:22.21969+00	1	f
589	4	2026-05-06	2	9f3fb0f9-16f8-45e2-9c87-f2defd253c2f	2026-05-06 21:00:22.700591+00	\N	9f3fb0f9-16f8-45e2-9c87-f2defd253c2f	2026-05-06 21:00:22.700591+00	\N	\N	2026-05-06 21:00:22.68867+00	2026-05-06 21:00:22.700591+00	1	f
590	5	2026-05-06	2	9f3fb0f9-16f8-45e2-9c87-f2defd253c2f	2026-05-06 21:00:26.341549+00	\N	9f3fb0f9-16f8-45e2-9c87-f2defd253c2f	2026-05-06 21:00:26.341549+00	\N	\N	2026-05-06 21:00:26.328314+00	2026-05-06 21:00:26.341549+00	1	f
591	10	2026-05-06	2	9f3fb0f9-16f8-45e2-9c87-f2defd253c2f	2026-05-06 21:00:26.742874+00	\N	9f3fb0f9-16f8-45e2-9c87-f2defd253c2f	2026-05-06 21:00:26.742874+00	\N	\N	2026-05-06 21:00:26.730828+00	2026-05-06 21:00:26.742874+00	1	f
592	9	2026-05-06	2	9f3fb0f9-16f8-45e2-9c87-f2defd253c2f	2026-05-06 21:00:27.091636+00	\N	9f3fb0f9-16f8-45e2-9c87-f2defd253c2f	2026-05-06 21:00:27.091636+00	\N	\N	2026-05-06 21:00:27.079046+00	2026-05-06 21:00:27.091636+00	1	f
593	6	2026-05-06	2	9f3fb0f9-16f8-45e2-9c87-f2defd253c2f	2026-05-06 21:00:27.833037+00	\N	9f3fb0f9-16f8-45e2-9c87-f2defd253c2f	2026-05-06 21:00:27.833036+00	\N	\N	2026-05-06 21:00:27.821714+00	2026-05-06 21:00:27.833036+00	1	f
612	6	2026-05-09	2	9f3fb0f9-16f8-45e2-9c87-f2defd253c2f	2026-05-10 04:31:28.658502+00	\N	9f3fb0f9-16f8-45e2-9c87-f2defd253c2f	2026-05-10 04:31:28.658502+00	\N	\N	2026-05-10 04:31:28.644795+00	2026-05-10 04:31:28.658502+00	1	f
613	20	2026-05-09	2	9f3fb0f9-16f8-45e2-9c87-f2defd253c2f	2026-05-10 04:31:29.700957+00	\N	9f3fb0f9-16f8-45e2-9c87-f2defd253c2f	2026-05-10 04:31:29.700957+00	\N	\N	2026-05-10 04:31:29.691488+00	2026-05-10 04:31:29.700956+00	1	f
614	19	2026-05-09	2	9f3fb0f9-16f8-45e2-9c87-f2defd253c2f	2026-05-10 04:31:30.314703+00	\N	9f3fb0f9-16f8-45e2-9c87-f2defd253c2f	2026-05-10 04:31:30.314703+00	\N	\N	2026-05-10 04:31:30.302275+00	2026-05-10 04:31:30.314703+00	1	f
615	3	2026-05-09	2	9f3fb0f9-16f8-45e2-9c87-f2defd253c2f	2026-05-10 04:31:33.137079+00	\N	9f3fb0f9-16f8-45e2-9c87-f2defd253c2f	2026-05-10 04:31:33.137079+00	\N	\N	2026-05-10 04:31:33.124757+00	2026-05-10 04:31:33.137079+00	1	f
846	7	2026-06-15	2	9f3fb0f9-16f8-45e2-9c87-f2defd253c2f	2026-06-15 17:04:26.156944+00	\N	9f3fb0f9-16f8-45e2-9c87-f2defd253c2f	2026-06-15 17:04:26.156944+00	\N	\N	2026-06-15 17:04:26.120206+00	2026-06-15 17:04:26.156943+00	1	f
938	12	2026-06-15	4	\N	\N	\N	\N	\N	\N	\N	2026-06-21 05:46:45.20954+00	2026-06-21 05:46:45.382966+00	1	f
468	5	2026-04-03	2	9f3fb0f9-16f8-45e2-9c87-f2defd253c2f	2026-04-04 00:40:03.38556+00	\N	9f3fb0f9-16f8-45e2-9c87-f2defd253c2f	2026-04-04 00:40:03.38556+00	\N	\N	2026-04-04 00:40:03.373976+00	2026-04-04 00:40:03.38556+00	1	f
640	7	2026-05-17	2	9f3fb0f9-16f8-45e2-9c87-f2defd253c2f	2026-05-17 13:54:51.664589+00	\N	9f3fb0f9-16f8-45e2-9c87-f2defd253c2f	2026-05-17 13:54:51.664589+00	\N	\N	2026-05-17 13:54:51.651548+00	2026-05-17 13:54:51.664588+00	1	f
940	16	2026-06-15	4	\N	\N	\N	\N	\N	\N	\N	2026-06-21 05:47:00.228545+00	2026-06-21 05:47:00.239139+00	1	t
469	10	2026-04-03	2	9f3fb0f9-16f8-45e2-9c87-f2defd253c2f	2026-04-04 00:40:04.046076+00	\N	9f3fb0f9-16f8-45e2-9c87-f2defd253c2f	2026-04-04 00:40:04.046075+00	\N	\N	2026-04-04 00:40:04.035225+00	2026-04-04 00:40:04.046075+00	1	f
942	16	2026-06-16	4	\N	\N	\N	\N	\N	\N	\N	2026-06-21 05:47:09.32362+00	2026-06-21 05:47:09.333235+00	1	t
470	9	2026-04-03	2	9f3fb0f9-16f8-45e2-9c87-f2defd253c2f	2026-04-04 00:40:07.89343+00	\N	9f3fb0f9-16f8-45e2-9c87-f2defd253c2f	2026-04-04 00:40:07.89343+00	\N	\N	2026-04-04 00:40:07.880731+00	2026-04-04 00:40:07.89343+00	1	f
943	18	2026-06-16	4	\N	\N	\N	\N	\N	\N	\N	2026-06-21 05:47:12.68049+00	2026-06-21 05:47:12.689752+00	1	t
642	2	2026-05-17	2	9f3fb0f9-16f8-45e2-9c87-f2defd253c2f	2026-05-17 13:54:54.651235+00	\N	9f3fb0f9-16f8-45e2-9c87-f2defd253c2f	2026-05-17 13:54:54.651235+00	\N	\N	2026-05-17 13:54:54.641718+00	2026-05-17 13:54:54.651235+00	1	f
497	20	2026-04-06	2	9f3fb0f9-16f8-45e2-9c87-f2defd253c2f	2026-04-07 02:25:35.03582+00	\N	9f3fb0f9-16f8-45e2-9c87-f2defd253c2f	2026-04-07 02:25:35.035819+00	\N	\N	2026-04-07 02:25:35.022381+00	2026-04-07 02:25:35.035819+00	1	f
944	16	2026-06-14	4	\N	\N	\N	\N	\N	\N	\N	2026-06-21 05:47:38.40261+00	2026-06-21 05:47:38.411933+00	1	t
509	1	2026-04-14	2	9f3fb0f9-16f8-45e2-9c87-f2defd253c2f	2026-04-15 01:57:02.00402+00	\N	9f3fb0f9-16f8-45e2-9c87-f2defd253c2f	2026-04-15 01:57:02.004019+00	\N	\N	2026-04-15 01:57:01.969408+00	2026-04-15 01:57:02.004018+00	1	f
643	4	2026-05-17	2	9f3fb0f9-16f8-45e2-9c87-f2defd253c2f	2026-05-17 13:54:55.09042+00	\N	9f3fb0f9-16f8-45e2-9c87-f2defd253c2f	2026-05-17 13:54:55.09042+00	\N	\N	2026-05-17 13:54:55.080901+00	2026-05-17 13:54:55.09042+00	1	f
543	1	2026-04-26	2	9f3fb0f9-16f8-45e2-9c87-f2defd253c2f	2026-04-26 17:00:28.901234+00	\N	9f3fb0f9-16f8-45e2-9c87-f2defd253c2f	2026-04-26 17:00:28.901234+00	\N	\N	2026-04-26 17:00:28.867987+00	2026-04-26 17:00:28.901234+00	1	f
653	6	2026-05-19	2	9f3fb0f9-16f8-45e2-9c87-f2defd253c2f	2026-05-20 04:54:20.414791+00	\N	9f3fb0f9-16f8-45e2-9c87-f2defd253c2f	2026-05-20 04:54:20.414791+00	\N	\N	2026-05-20 04:54:20.403312+00	2026-05-20 04:54:20.414791+00	1	f
544	7	2026-04-26	2	9f3fb0f9-16f8-45e2-9c87-f2defd253c2f	2026-04-26 17:00:30.047551+00	\N	9f3fb0f9-16f8-45e2-9c87-f2defd253c2f	2026-04-26 17:00:30.047551+00	\N	\N	2026-04-26 17:00:30.034849+00	2026-04-26 17:00:30.047551+00	1	f
945	18	2026-06-14	4	\N	\N	\N	\N	\N	\N	\N	2026-06-21 05:47:41.823812+00	2026-06-21 05:47:41.832804+00	1	t
545	8	2026-04-26	2	9f3fb0f9-16f8-45e2-9c87-f2defd253c2f	2026-04-26 17:00:32.097563+00	\N	9f3fb0f9-16f8-45e2-9c87-f2defd253c2f	2026-04-26 17:00:32.097563+00	\N	\N	2026-04-26 17:00:32.084169+00	2026-04-26 17:00:32.097562+00	1	f
654	12	2026-05-19	2	9f3fb0f9-16f8-45e2-9c87-f2defd253c2f	2026-05-20 04:54:22.928887+00	\N	9f3fb0f9-16f8-45e2-9c87-f2defd253c2f	2026-05-20 04:54:22.928887+00	\N	\N	2026-05-20 04:54:22.917326+00	2026-05-20 04:54:22.928887+00	1	f
546	2	2026-04-26	2	9f3fb0f9-16f8-45e2-9c87-f2defd253c2f	2026-04-26 17:00:32.665744+00	\N	9f3fb0f9-16f8-45e2-9c87-f2defd253c2f	2026-04-26 17:00:32.665744+00	\N	\N	2026-04-26 17:00:32.654064+00	2026-04-26 17:00:32.665744+00	1	f
559	1	2026-05-03	2	9f3fb0f9-16f8-45e2-9c87-f2defd253c2f	2026-05-03 19:05:31.818775+00	\N	9f3fb0f9-16f8-45e2-9c87-f2defd253c2f	2026-05-03 19:05:31.818775+00	\N	\N	2026-05-03 19:05:31.787127+00	2026-05-03 19:05:31.818775+00	1	f
655	20	2026-05-19	2	9f3fb0f9-16f8-45e2-9c87-f2defd253c2f	2026-05-20 04:54:23.329821+00	\N	9f3fb0f9-16f8-45e2-9c87-f2defd253c2f	2026-05-20 04:54:23.329821+00	\N	\N	2026-05-20 04:54:23.319031+00	2026-05-20 04:54:23.329821+00	1	f
560	7	2026-05-03	2	9f3fb0f9-16f8-45e2-9c87-f2defd253c2f	2026-05-03 19:05:34.06791+00	\N	9f3fb0f9-16f8-45e2-9c87-f2defd253c2f	2026-05-03 19:05:34.06791+00	\N	\N	2026-05-03 19:05:34.054691+00	2026-05-03 19:05:34.06791+00	1	f
656	19	2026-05-19	2	9f3fb0f9-16f8-45e2-9c87-f2defd253c2f	2026-05-20 04:54:24.218165+00	\N	9f3fb0f9-16f8-45e2-9c87-f2defd253c2f	2026-05-20 04:54:24.218165+00	\N	\N	2026-05-20 04:54:24.207495+00	2026-05-20 04:54:24.218165+00	1	f
562	2	2026-05-03	2	9f3fb0f9-16f8-45e2-9c87-f2defd253c2f	2026-05-03 19:05:35.032365+00	\N	9f3fb0f9-16f8-45e2-9c87-f2defd253c2f	2026-05-03 19:05:35.032365+00	\N	\N	2026-05-03 19:05:35.021797+00	2026-05-03 19:05:35.032365+00	1	f
657	1	2026-05-20	2	9f3fb0f9-16f8-45e2-9c87-f2defd253c2f	2026-05-21 00:59:26.993468+00	\N	9f3fb0f9-16f8-45e2-9c87-f2defd253c2f	2026-05-21 00:59:26.993468+00	\N	\N	2026-05-21 00:59:26.959912+00	2026-05-21 00:59:26.993468+00	1	f
563	4	2026-05-03	2	9f3fb0f9-16f8-45e2-9c87-f2defd253c2f	2026-05-03 19:05:38.979875+00	\N	9f3fb0f9-16f8-45e2-9c87-f2defd253c2f	2026-05-03 19:05:38.979875+00	\N	\N	2026-05-03 19:05:38.968583+00	2026-05-03 19:05:38.979874+00	1	f
565	11	2026-05-03	2	9f3fb0f9-16f8-45e2-9c87-f2defd253c2f	2026-05-03 19:05:40.473942+00	\N	9f3fb0f9-16f8-45e2-9c87-f2defd253c2f	2026-05-03 19:05:40.473942+00	\N	\N	2026-05-03 19:05:40.462849+00	2026-05-03 19:05:40.473942+00	1	f
658	7	2026-05-20	2	9f3fb0f9-16f8-45e2-9c87-f2defd253c2f	2026-05-21 00:59:27.391118+00	\N	9f3fb0f9-16f8-45e2-9c87-f2defd253c2f	2026-05-21 00:59:27.391118+00	\N	\N	2026-05-21 00:59:27.38047+00	2026-05-21 00:59:27.391118+00	1	f
573	1	2026-05-04	2	9f3fb0f9-16f8-45e2-9c87-f2defd253c2f	2026-05-04 22:21:23.036553+00	\N	9f3fb0f9-16f8-45e2-9c87-f2defd253c2f	2026-05-04 22:21:23.036553+00	\N	\N	2026-05-04 22:21:23.00058+00	2026-05-04 22:21:23.036553+00	1	f
575	8	2026-05-04	2	9f3fb0f9-16f8-45e2-9c87-f2defd253c2f	2026-05-04 22:21:25.345046+00	\N	9f3fb0f9-16f8-45e2-9c87-f2defd253c2f	2026-05-04 22:21:25.345046+00	\N	\N	2026-05-04 22:21:25.334715+00	2026-05-04 22:21:25.345045+00	1	f
659	8	2026-05-20	2	9f3fb0f9-16f8-45e2-9c87-f2defd253c2f	2026-05-21 00:59:28.47228+00	\N	9f3fb0f9-16f8-45e2-9c87-f2defd253c2f	2026-05-21 00:59:28.47228+00	\N	\N	2026-05-21 00:59:28.46127+00	2026-05-21 00:59:28.47228+00	1	f
576	2	2026-05-04	2	9f3fb0f9-16f8-45e2-9c87-f2defd253c2f	2026-05-04 22:21:25.642436+00	\N	9f3fb0f9-16f8-45e2-9c87-f2defd253c2f	2026-05-04 22:21:25.642436+00	\N	\N	2026-05-04 22:21:25.631163+00	2026-05-04 22:21:25.642436+00	1	f
594	1	2026-05-07	2	9f3fb0f9-16f8-45e2-9c87-f2defd253c2f	2026-05-08 02:29:26.655655+00	\N	9f3fb0f9-16f8-45e2-9c87-f2defd253c2f	2026-05-08 02:29:26.655655+00	\N	\N	2026-05-08 02:29:26.621254+00	2026-05-08 02:29:26.655655+00	1	f
660	2	2026-05-20	2	9f3fb0f9-16f8-45e2-9c87-f2defd253c2f	2026-05-21 00:59:29.261067+00	\N	9f3fb0f9-16f8-45e2-9c87-f2defd253c2f	2026-05-21 00:59:29.261067+00	\N	\N	2026-05-21 00:59:29.24931+00	2026-05-21 00:59:29.261066+00	1	f
595	7	2026-05-07	2	9f3fb0f9-16f8-45e2-9c87-f2defd253c2f	2026-05-08 02:29:26.948686+00	\N	9f3fb0f9-16f8-45e2-9c87-f2defd253c2f	2026-05-08 02:29:26.948686+00	\N	\N	2026-05-08 02:29:26.934114+00	2026-05-08 02:29:26.948686+00	1	f
661	4	2026-05-20	2	9f3fb0f9-16f8-45e2-9c87-f2defd253c2f	2026-05-21 00:59:29.69171+00	\N	9f3fb0f9-16f8-45e2-9c87-f2defd253c2f	2026-05-21 00:59:29.69171+00	\N	\N	2026-05-21 00:59:29.681198+00	2026-05-21 00:59:29.691709+00	1	f
596	8	2026-05-07	2	9f3fb0f9-16f8-45e2-9c87-f2defd253c2f	2026-05-08 02:29:28.796895+00	\N	9f3fb0f9-16f8-45e2-9c87-f2defd253c2f	2026-05-08 02:29:28.796895+00	\N	\N	2026-05-08 02:29:28.783939+00	2026-05-08 02:29:28.796895+00	1	f
662	5	2026-05-20	2	9f3fb0f9-16f8-45e2-9c87-f2defd253c2f	2026-05-21 00:59:33.112924+00	\N	9f3fb0f9-16f8-45e2-9c87-f2defd253c2f	2026-05-21 00:59:33.112924+00	\N	\N	2026-05-21 00:59:33.100134+00	2026-05-21 00:59:33.112924+00	1	f
598	4	2026-05-07	2	9f3fb0f9-16f8-45e2-9c87-f2defd253c2f	2026-05-08 02:29:29.747899+00	\N	9f3fb0f9-16f8-45e2-9c87-f2defd253c2f	2026-05-08 02:29:29.747899+00	\N	\N	2026-05-08 02:29:29.736322+00	2026-05-08 02:29:29.747899+00	1	f
601	9	2026-05-07	2	9f3fb0f9-16f8-45e2-9c87-f2defd253c2f	2026-05-08 02:29:33.354516+00	\N	9f3fb0f9-16f8-45e2-9c87-f2defd253c2f	2026-05-08 02:29:33.354516+00	\N	\N	2026-05-08 02:29:33.342516+00	2026-05-08 02:29:33.354516+00	1	f
603	12	2026-05-07	2	9f3fb0f9-16f8-45e2-9c87-f2defd253c2f	2026-05-08 02:29:34.089253+00	\N	9f3fb0f9-16f8-45e2-9c87-f2defd253c2f	2026-05-08 02:29:34.089253+00	\N	\N	2026-05-08 02:29:34.077363+00	2026-05-08 02:29:34.089252+00	1	f
616	15	2026-05-08	2	9f161d20-a69b-453a-aa9e-31cb6f4e62af	2026-05-10 18:53:45.36072+00	\N	9f161d20-a69b-453a-aa9e-31cb6f4e62af	2026-05-10 18:53:45.36072+00	\N	\N	2026-05-10 18:53:45.32691+00	2026-05-10 18:53:45.36072+00	1	f
473	17	2026-04-05	2	9f3fb0f9-16f8-45e2-9c87-f2defd253c2f	2026-04-06 04:13:53.787959+00	\N	9f3fb0f9-16f8-45e2-9c87-f2defd253c2f	2026-04-06 04:13:53.787959+00	\N	\N	2026-04-06 04:13:53.774154+00	2026-04-06 04:13:53.787959+00	1	t
618	17	2026-05-10	2	9f3fb0f9-16f8-45e2-9c87-f2defd253c2f	2026-05-11 00:09:45.26605+00	\N	9f3fb0f9-16f8-45e2-9c87-f2defd253c2f	2026-05-11 00:09:45.26605+00	\N	\N	2026-05-11 00:09:45.251168+00	2026-05-11 00:09:45.26605+00	1	t
472	3	2026-04-05	2	9f3fb0f9-16f8-45e2-9c87-f2defd253c2f	2026-04-06 04:13:49.602545+00	\N	9f3fb0f9-16f8-45e2-9c87-f2defd253c2f	2026-04-06 04:13:49.602545+00	\N	\N	2026-04-06 04:13:49.572239+00	2026-04-06 04:13:49.602544+00	1	f
474	1	2026-04-05	2	9f3fb0f9-16f8-45e2-9c87-f2defd253c2f	2026-04-06 04:14:01.58662+00	\N	9f3fb0f9-16f8-45e2-9c87-f2defd253c2f	2026-04-06 04:14:01.58662+00	\N	\N	2026-04-06 04:14:01.574978+00	2026-04-06 04:14:01.58662+00	1	f
939	18	2026-06-15	4	\N	\N	\N	\N	\N	\N	\N	2026-06-21 05:46:56.580168+00	2026-06-21 05:46:56.592715+00	1	t
475	7	2026-04-05	2	9f3fb0f9-16f8-45e2-9c87-f2defd253c2f	2026-04-06 04:14:01.956003+00	\N	9f3fb0f9-16f8-45e2-9c87-f2defd253c2f	2026-04-06 04:14:01.956003+00	\N	\N	2026-04-06 04:14:01.944272+00	2026-04-06 04:14:01.956003+00	1	f
476	8	2026-04-05	2	9f3fb0f9-16f8-45e2-9c87-f2defd253c2f	2026-04-06 04:14:03.753087+00	\N	9f3fb0f9-16f8-45e2-9c87-f2defd253c2f	2026-04-06 04:14:03.753087+00	\N	\N	2026-04-06 04:14:03.742882+00	2026-04-06 04:14:03.753087+00	1	f
941	17	2026-06-16	4	\N	\N	\N	\N	\N	\N	\N	2026-06-21 05:47:06.693234+00	2026-06-21 05:47:06.702116+00	1	t
477	2	2026-04-05	2	9f3fb0f9-16f8-45e2-9c87-f2defd253c2f	2026-04-06 04:14:04.119128+00	\N	9f3fb0f9-16f8-45e2-9c87-f2defd253c2f	2026-04-06 04:14:04.119128+00	\N	\N	2026-04-06 04:14:04.108667+00	2026-04-06 04:14:04.119128+00	1	f
478	4	2026-04-05	2	9f3fb0f9-16f8-45e2-9c87-f2defd253c2f	2026-04-06 04:14:04.517706+00	\N	9f3fb0f9-16f8-45e2-9c87-f2defd253c2f	2026-04-06 04:14:04.517706+00	\N	\N	2026-04-06 04:14:04.506615+00	2026-04-06 04:14:04.517705+00	1	f
479	5	2026-04-05	2	9f3fb0f9-16f8-45e2-9c87-f2defd253c2f	2026-04-06 04:14:05.071927+00	\N	9f3fb0f9-16f8-45e2-9c87-f2defd253c2f	2026-04-06 04:14:05.071927+00	\N	\N	2026-04-06 04:14:05.05897+00	2026-04-06 04:14:05.071927+00	1	f
480	11	2026-04-05	2	9f3fb0f9-16f8-45e2-9c87-f2defd253c2f	2026-04-06 04:14:05.621321+00	\N	9f3fb0f9-16f8-45e2-9c87-f2defd253c2f	2026-04-06 04:14:05.621321+00	\N	\N	2026-04-06 04:14:05.610406+00	2026-04-06 04:14:05.621321+00	1	f
947	8	2026-06-21	2	9f3fb0f9-16f8-45e2-9c87-f2defd253c2f	2026-06-21 05:50:12.220498+00	\N	9f3fb0f9-16f8-45e2-9c87-f2defd253c2f	2026-06-21 05:50:12.220345+00	\N	\N	2026-06-21 05:50:12.203932+00	2026-06-21 05:50:12.220174+00	1	f
481	9	2026-04-05	2	9f3fb0f9-16f8-45e2-9c87-f2defd253c2f	2026-04-06 04:14:06.89799+00	\N	9f3fb0f9-16f8-45e2-9c87-f2defd253c2f	2026-04-06 04:14:06.89799+00	\N	\N	2026-04-06 04:14:06.887171+00	2026-04-06 04:14:06.89799+00	1	f
946	17	2026-06-21	0	9f3fb0f9-16f8-45e2-9c87-f2defd253c2f	2026-06-21 05:49:49.623509+00	\N	\N	\N	\N	\N	2026-06-21 05:49:49.608216+00	2026-06-21 05:50:14.735433+00	2	t
482	6	2026-04-05	2	9f3fb0f9-16f8-45e2-9c87-f2defd253c2f	2026-04-06 04:14:09.094665+00	\N	9f3fb0f9-16f8-45e2-9c87-f2defd253c2f	2026-04-06 04:14:09.094665+00	\N	\N	2026-04-06 04:14:09.084104+00	2026-04-06 04:14:09.094665+00	1	f
483	12	2026-04-05	2	9f3fb0f9-16f8-45e2-9c87-f2defd253c2f	2026-04-06 04:14:09.876355+00	\N	9f3fb0f9-16f8-45e2-9c87-f2defd253c2f	2026-04-06 04:14:09.876355+00	\N	\N	2026-04-06 04:14:09.864565+00	2026-04-06 04:14:09.876355+00	1	f
484	20	2026-04-05	2	9f3fb0f9-16f8-45e2-9c87-f2defd253c2f	2026-04-06 04:14:11.936836+00	\N	9f3fb0f9-16f8-45e2-9c87-f2defd253c2f	2026-04-06 04:14:11.936836+00	\N	\N	2026-04-06 04:14:11.923159+00	2026-04-06 04:14:11.936835+00	1	f
485	19	2026-04-05	2	9f3fb0f9-16f8-45e2-9c87-f2defd253c2f	2026-04-06 04:14:12.787794+00	\N	9f3fb0f9-16f8-45e2-9c87-f2defd253c2f	2026-04-06 04:14:12.787794+00	\N	\N	2026-04-06 04:14:12.774299+00	2026-04-06 04:14:12.787794+00	1	f
510	2	2026-04-14	2	9f3fb0f9-16f8-45e2-9c87-f2defd253c2f	2026-04-15 01:57:02.758112+00	\N	9f3fb0f9-16f8-45e2-9c87-f2defd253c2f	2026-04-15 01:57:02.758112+00	\N	\N	2026-04-15 01:57:02.746051+00	2026-04-15 01:57:02.758112+00	1	f
511	7	2026-04-14	2	9f3fb0f9-16f8-45e2-9c87-f2defd253c2f	2026-04-15 01:57:05.597935+00	\N	9f3fb0f9-16f8-45e2-9c87-f2defd253c2f	2026-04-15 01:57:05.597935+00	\N	\N	2026-04-15 01:57:05.585984+00	2026-04-15 01:57:05.597934+00	1	f
512	8	2026-04-14	2	9f3fb0f9-16f8-45e2-9c87-f2defd253c2f	2026-04-15 01:57:05.884099+00	\N	9f3fb0f9-16f8-45e2-9c87-f2defd253c2f	2026-04-15 01:57:05.884099+00	\N	\N	2026-04-15 01:57:05.872383+00	2026-04-15 01:57:05.884099+00	1	f
513	4	2026-04-14	2	9f3fb0f9-16f8-45e2-9c87-f2defd253c2f	2026-04-15 01:57:07.115557+00	\N	9f3fb0f9-16f8-45e2-9c87-f2defd253c2f	2026-04-15 01:57:07.115557+00	\N	\N	2026-04-15 01:57:07.103508+00	2026-04-15 01:57:07.115557+00	1	f
514	5	2026-04-14	2	9f3fb0f9-16f8-45e2-9c87-f2defd253c2f	2026-04-15 01:57:07.405177+00	\N	9f3fb0f9-16f8-45e2-9c87-f2defd253c2f	2026-04-15 01:57:07.405177+00	\N	\N	2026-04-15 01:57:07.394334+00	2026-04-15 01:57:07.405177+00	1	f
515	10	2026-04-14	2	9f3fb0f9-16f8-45e2-9c87-f2defd253c2f	2026-04-15 01:57:08.544269+00	\N	9f3fb0f9-16f8-45e2-9c87-f2defd253c2f	2026-04-15 01:57:08.544269+00	\N	\N	2026-04-15 01:57:08.531727+00	2026-04-15 01:57:08.544269+00	1	f
516	9	2026-04-14	2	9f3fb0f9-16f8-45e2-9c87-f2defd253c2f	2026-04-15 01:57:09.535393+00	\N	9f3fb0f9-16f8-45e2-9c87-f2defd253c2f	2026-04-15 01:57:09.535393+00	\N	\N	2026-04-15 01:57:09.524632+00	2026-04-15 01:57:09.535393+00	1	f
517	6	2026-04-14	2	9f3fb0f9-16f8-45e2-9c87-f2defd253c2f	2026-04-15 01:57:10.133503+00	\N	9f3fb0f9-16f8-45e2-9c87-f2defd253c2f	2026-04-15 01:57:10.133503+00	\N	\N	2026-04-15 01:57:10.122686+00	2026-04-15 01:57:10.133503+00	1	f
518	12	2026-04-14	2	9f3fb0f9-16f8-45e2-9c87-f2defd253c2f	2026-04-15 01:57:12.311713+00	\N	9f3fb0f9-16f8-45e2-9c87-f2defd253c2f	2026-04-15 01:57:12.311713+00	\N	\N	2026-04-15 01:57:12.299672+00	2026-04-15 01:57:12.311713+00	1	f
519	19	2026-04-14	2	9f3fb0f9-16f8-45e2-9c87-f2defd253c2f	2026-04-15 01:57:14.090808+00	\N	9f3fb0f9-16f8-45e2-9c87-f2defd253c2f	2026-04-15 01:57:14.090808+00	\N	\N	2026-04-15 01:57:14.078786+00	2026-04-15 01:57:14.090808+00	1	f
520	20	2026-04-14	2	9f3fb0f9-16f8-45e2-9c87-f2defd253c2f	2026-04-15 01:57:14.54287+00	\N	9f3fb0f9-16f8-45e2-9c87-f2defd253c2f	2026-04-15 01:57:14.54287+00	\N	\N	2026-04-15 01:57:14.530795+00	2026-04-15 01:57:14.54287+00	1	f
547	4	2026-04-26	2	9f3fb0f9-16f8-45e2-9c87-f2defd253c2f	2026-04-26 17:00:33.817088+00	\N	9f3fb0f9-16f8-45e2-9c87-f2defd253c2f	2026-04-26 17:00:33.817088+00	\N	\N	2026-04-26 17:00:33.803757+00	2026-04-26 17:00:33.817088+00	1	f
561	8	2026-05-03	2	9f3fb0f9-16f8-45e2-9c87-f2defd253c2f	2026-05-03 19:05:34.421085+00	\N	9f3fb0f9-16f8-45e2-9c87-f2defd253c2f	2026-05-03 19:05:34.421085+00	\N	\N	2026-05-03 19:05:34.408739+00	2026-05-03 19:05:34.421085+00	1	f
564	5	2026-05-03	2	9f3fb0f9-16f8-45e2-9c87-f2defd253c2f	2026-05-03 19:05:39.492715+00	\N	9f3fb0f9-16f8-45e2-9c87-f2defd253c2f	2026-05-03 19:05:39.492715+00	\N	\N	2026-05-03 19:05:39.481088+00	2026-05-03 19:05:39.492715+00	1	f
566	3	2026-05-03	2	9f3fb0f9-16f8-45e2-9c87-f2defd253c2f	2026-05-03 19:05:45.153834+00	\N	9f3fb0f9-16f8-45e2-9c87-f2defd253c2f	2026-05-03 19:05:45.153834+00	\N	\N	2026-05-03 19:05:45.141534+00	2026-05-03 19:05:45.153834+00	1	f
574	7	2026-05-04	2	9f3fb0f9-16f8-45e2-9c87-f2defd253c2f	2026-05-04 22:21:23.348785+00	\N	9f3fb0f9-16f8-45e2-9c87-f2defd253c2f	2026-05-04 22:21:23.348785+00	\N	\N	2026-05-04 22:21:23.3373+00	2026-05-04 22:21:23.348785+00	1	f
577	4	2026-05-04	2	9f3fb0f9-16f8-45e2-9c87-f2defd253c2f	2026-05-04 22:21:34.557092+00	\N	9f3fb0f9-16f8-45e2-9c87-f2defd253c2f	2026-05-04 22:21:34.557092+00	\N	\N	2026-05-04 22:21:34.545141+00	2026-05-04 22:21:34.557091+00	1	f
578	5	2026-05-04	2	9f3fb0f9-16f8-45e2-9c87-f2defd253c2f	2026-05-04 22:21:35.275204+00	\N	9f3fb0f9-16f8-45e2-9c87-f2defd253c2f	2026-05-04 22:21:35.275204+00	\N	\N	2026-05-04 22:21:35.263786+00	2026-05-04 22:21:35.275204+00	1	f
597	2	2026-05-07	2	9f3fb0f9-16f8-45e2-9c87-f2defd253c2f	2026-05-08 02:29:29.092075+00	\N	9f3fb0f9-16f8-45e2-9c87-f2defd253c2f	2026-05-08 02:29:29.092075+00	\N	\N	2026-05-08 02:29:29.078619+00	2026-05-08 02:29:29.092075+00	1	f
599	5	2026-05-07	2	9f3fb0f9-16f8-45e2-9c87-f2defd253c2f	2026-05-08 02:29:30.341726+00	\N	9f3fb0f9-16f8-45e2-9c87-f2defd253c2f	2026-05-08 02:29:30.341726+00	\N	\N	2026-05-08 02:29:30.331051+00	2026-05-08 02:29:30.341726+00	1	f
600	10	2026-05-07	2	9f3fb0f9-16f8-45e2-9c87-f2defd253c2f	2026-05-08 02:29:31.010411+00	\N	9f3fb0f9-16f8-45e2-9c87-f2defd253c2f	2026-05-08 02:29:31.010411+00	\N	\N	2026-05-08 02:29:30.998573+00	2026-05-08 02:29:31.010411+00	1	f
602	6	2026-05-07	2	9f3fb0f9-16f8-45e2-9c87-f2defd253c2f	2026-05-08 02:29:33.741567+00	\N	9f3fb0f9-16f8-45e2-9c87-f2defd253c2f	2026-05-08 02:29:33.741566+00	\N	\N	2026-05-08 02:29:33.730171+00	2026-05-08 02:29:33.741566+00	1	f
604	20	2026-05-07	2	9f3fb0f9-16f8-45e2-9c87-f2defd253c2f	2026-05-08 02:29:35.797118+00	\N	9f3fb0f9-16f8-45e2-9c87-f2defd253c2f	2026-05-08 02:29:35.797118+00	\N	\N	2026-05-08 02:29:35.786578+00	2026-05-08 02:29:35.797118+00	1	f
617	3	2026-05-10	2	9f3fb0f9-16f8-45e2-9c87-f2defd253c2f	2026-05-11 00:09:44.207638+00	\N	9f3fb0f9-16f8-45e2-9c87-f2defd253c2f	2026-05-11 00:09:44.207638+00	\N	\N	2026-05-11 00:09:44.173537+00	2026-05-11 00:09:44.207638+00	1	f
619	1	2026-05-10	2	9f3fb0f9-16f8-45e2-9c87-f2defd253c2f	2026-05-11 00:09:47.463062+00	\N	9f3fb0f9-16f8-45e2-9c87-f2defd253c2f	2026-05-11 00:09:47.463062+00	\N	\N	2026-05-11 00:09:47.450889+00	2026-05-11 00:09:47.463062+00	1	f
620	7	2026-05-10	2	9f3fb0f9-16f8-45e2-9c87-f2defd253c2f	2026-05-11 00:09:47.767761+00	\N	9f3fb0f9-16f8-45e2-9c87-f2defd253c2f	2026-05-11 00:09:47.767761+00	\N	\N	2026-05-11 00:09:47.757382+00	2026-05-11 00:09:47.767761+00	1	f
621	8	2026-05-10	2	9f3fb0f9-16f8-45e2-9c87-f2defd253c2f	2026-05-11 00:09:49.104771+00	\N	9f3fb0f9-16f8-45e2-9c87-f2defd253c2f	2026-05-11 00:09:49.104771+00	\N	\N	2026-05-11 00:09:49.092147+00	2026-05-11 00:09:49.104771+00	1	f
622	2	2026-05-10	2	9f3fb0f9-16f8-45e2-9c87-f2defd253c2f	2026-05-11 00:09:49.415187+00	\N	9f3fb0f9-16f8-45e2-9c87-f2defd253c2f	2026-05-11 00:09:49.415187+00	\N	\N	2026-05-11 00:09:49.40386+00	2026-05-11 00:09:49.415187+00	1	f
663	10	2026-05-20	2	9f3fb0f9-16f8-45e2-9c87-f2defd253c2f	2026-05-21 00:59:33.62228+00	\N	9f3fb0f9-16f8-45e2-9c87-f2defd253c2f	2026-05-21 00:59:33.62228+00	\N	\N	2026-05-21 00:59:33.611924+00	2026-05-21 00:59:33.62228+00	1	f
664	9	2026-05-20	2	9f3fb0f9-16f8-45e2-9c87-f2defd253c2f	2026-05-21 00:59:34.251871+00	\N	9f3fb0f9-16f8-45e2-9c87-f2defd253c2f	2026-05-21 00:59:34.251871+00	\N	\N	2026-05-21 00:59:34.240716+00	2026-05-21 00:59:34.251871+00	1	f
665	6	2026-05-20	2	9f3fb0f9-16f8-45e2-9c87-f2defd253c2f	2026-05-21 00:59:34.942628+00	\N	9f3fb0f9-16f8-45e2-9c87-f2defd253c2f	2026-05-21 00:59:34.942628+00	\N	\N	2026-05-21 00:59:34.930545+00	2026-05-21 00:59:34.942628+00	1	f
847	8	2026-06-15	2	9f3fb0f9-16f8-45e2-9c87-f2defd253c2f	2026-06-15 17:04:26.966993+00	\N	9f3fb0f9-16f8-45e2-9c87-f2defd253c2f	2026-06-15 17:04:26.966993+00	\N	\N	2026-06-15 17:04:26.952223+00	2026-06-15 17:04:26.966993+00	1	f
666	12	2026-05-20	2	9f3fb0f9-16f8-45e2-9c87-f2defd253c2f	2026-05-21 00:59:37.680432+00	\N	9f3fb0f9-16f8-45e2-9c87-f2defd253c2f	2026-05-21 00:59:37.680432+00	\N	\N	2026-05-21 00:59:37.669664+00	2026-05-21 00:59:37.680432+00	1	f
667	20	2026-05-20	2	9f3fb0f9-16f8-45e2-9c87-f2defd253c2f	2026-05-21 00:59:38.01118+00	\N	9f3fb0f9-16f8-45e2-9c87-f2defd253c2f	2026-05-21 00:59:38.01118+00	\N	\N	2026-05-21 00:59:38.00047+00	2026-05-21 00:59:38.01118+00	1	f
668	19	2026-05-20	2	9f3fb0f9-16f8-45e2-9c87-f2defd253c2f	2026-05-21 00:59:39.011231+00	\N	9f3fb0f9-16f8-45e2-9c87-f2defd253c2f	2026-05-21 00:59:39.011231+00	\N	\N	2026-05-21 00:59:39.000968+00	2026-05-21 00:59:39.01123+00	1	f
848	5	2026-06-15	2	9f3fb0f9-16f8-45e2-9c87-f2defd253c2f	2026-06-15 17:04:32.391583+00	\N	9f3fb0f9-16f8-45e2-9c87-f2defd253c2f	2026-06-15 17:04:32.391583+00	\N	\N	2026-06-15 17:04:32.376973+00	2026-06-15 17:04:32.391583+00	1	f
849	1	2026-06-15	2	9f3fb0f9-16f8-45e2-9c87-f2defd253c2f	2026-06-15 17:04:33.011776+00	\N	9f3fb0f9-16f8-45e2-9c87-f2defd253c2f	2026-06-15 17:04:33.011776+00	\N	\N	2026-06-15 17:04:33.000288+00	2026-06-15 17:04:33.011775+00	1	f
948	7	2026-06-21	2	9f3fb0f9-16f8-45e2-9c87-f2defd253c2f	2026-06-21 05:50:49.436932+00	\N	9f3fb0f9-16f8-45e2-9c87-f2defd253c2f	2026-06-21 05:50:49.436932+00	\N	\N	2026-06-21 05:50:49.400163+00	2026-06-21 05:50:49.436931+00	1	f
850	2	2026-06-15	2	9f3fb0f9-16f8-45e2-9c87-f2defd253c2f	2026-06-15 17:04:39.219751+00	\N	9f3fb0f9-16f8-45e2-9c87-f2defd253c2f	2026-06-15 17:04:39.21975+00	\N	\N	2026-06-15 17:04:39.205401+00	2026-06-15 17:04:39.21975+00	1	f
851	4	2026-06-15	2	9f3fb0f9-16f8-45e2-9c87-f2defd253c2f	2026-06-15 17:04:40.2607+00	\N	9f3fb0f9-16f8-45e2-9c87-f2defd253c2f	2026-06-15 17:04:40.2607+00	\N	\N	2026-06-15 17:04:40.248416+00	2026-06-15 17:04:40.2607+00	1	f
852	22	2026-06-15	2	9f3fb0f9-16f8-45e2-9c87-f2defd253c2f	2026-06-15 17:04:40.723061+00	\N	9f3fb0f9-16f8-45e2-9c87-f2defd253c2f	2026-06-15 17:04:40.723061+00	\N	\N	2026-06-15 17:04:40.710746+00	2026-06-15 17:04:40.723061+00	1	f
853	11	2026-06-15	2	9f3fb0f9-16f8-45e2-9c87-f2defd253c2f	2026-06-15 17:04:41.857737+00	\N	9f3fb0f9-16f8-45e2-9c87-f2defd253c2f	2026-06-15 17:04:41.857737+00	\N	\N	2026-06-15 17:04:41.844873+00	2026-06-15 17:04:41.857737+00	1	f
854	21	2026-06-15	2	9f3fb0f9-16f8-45e2-9c87-f2defd253c2f	2026-06-15 17:04:43.522672+00	\N	9f3fb0f9-16f8-45e2-9c87-f2defd253c2f	2026-06-15 17:04:43.522672+00	\N	\N	2026-06-15 17:04:43.511676+00	2026-06-15 17:04:43.522672+00	1	f
855	9	2026-06-15	2	9f3fb0f9-16f8-45e2-9c87-f2defd253c2f	2026-06-15 17:04:44.378309+00	\N	9f3fb0f9-16f8-45e2-9c87-f2defd253c2f	2026-06-15 17:04:44.378309+00	\N	\N	2026-06-15 17:04:44.366511+00	2026-06-15 17:04:44.378309+00	1	f
669	8	2026-06-01	2	9f3fb0f9-16f8-45e2-9c87-f2defd253c2f	2026-06-01 20:03:07.265894+00	\N	9f3fb0f9-16f8-45e2-9c87-f2defd253c2f	2026-06-01 20:03:07.265894+00	\N	\N	2026-06-01 20:03:07.234661+00	2026-06-01 20:03:07.265894+00	1	f
670	5	2026-06-01	2	9f3fb0f9-16f8-45e2-9c87-f2defd253c2f	2026-06-01 20:03:10.855005+00	\N	9f3fb0f9-16f8-45e2-9c87-f2defd253c2f	2026-06-01 20:03:10.855005+00	\N	\N	2026-06-01 20:03:10.840734+00	2026-06-01 20:03:10.855005+00	1	f
856	17	2026-06-15	2	9f3fb0f9-16f8-45e2-9c87-f2defd253c2f	2026-06-15 19:28:41.33583+00	\N	9f3fb0f9-16f8-45e2-9c87-f2defd253c2f	2026-06-15 19:28:41.33583+00	\N	\N	2026-06-15 19:28:41.3006+00	2026-06-15 19:28:41.33583+00	1	t
671	1	2026-06-01	2	9f3fb0f9-16f8-45e2-9c87-f2defd253c2f	2026-06-01 20:03:16.274523+00	\N	9f3fb0f9-16f8-45e2-9c87-f2defd253c2f	2026-06-01 20:03:16.274523+00	\N	\N	2026-06-01 20:03:16.262352+00	2026-06-01 20:03:16.274523+00	1	f
672	2	2026-06-01	2	9f3fb0f9-16f8-45e2-9c87-f2defd253c2f	2026-06-01 20:03:16.769008+00	\N	9f3fb0f9-16f8-45e2-9c87-f2defd253c2f	2026-06-01 20:03:16.769008+00	\N	\N	2026-06-01 20:03:16.757764+00	2026-06-01 20:03:16.769008+00	1	f
673	7	2026-06-01	2	9f3fb0f9-16f8-45e2-9c87-f2defd253c2f	2026-06-01 20:03:32.553531+00	\N	9f3fb0f9-16f8-45e2-9c87-f2defd253c2f	2026-06-01 20:03:32.553531+00	\N	\N	2026-06-01 20:03:32.541116+00	2026-06-01 20:03:32.553531+00	1	f
857	23	2026-06-15	2	9f3fb0f9-16f8-45e2-9c87-f2defd253c2f	2026-06-15 19:28:42.528793+00	\N	9f3fb0f9-16f8-45e2-9c87-f2defd253c2f	2026-06-15 19:28:42.528793+00	\N	\N	2026-06-15 19:28:42.511589+00	2026-06-15 19:28:42.528793+00	1	f
949	18	2026-06-21	4	9f3fb0f9-16f8-45e2-9c87-f2defd253c2f	2026-06-21 05:51:21.543448+00	\N	\N	\N	\N	\N	2026-06-21 05:51:21.528632+00	2026-06-21 21:24:49.659113+00	4	t
674	17	2026-06-01	2	9f3fb0f9-16f8-45e2-9c87-f2defd253c2f	2026-06-01 20:18:44.213542+00	\N	9f3fb0f9-16f8-45e2-9c87-f2defd253c2f	2026-06-01 20:18:44.213542+00	\N	\N	2026-06-01 20:18:44.175578+00	2026-06-01 20:18:44.213541+00	1	t
675	11	2026-06-01	2	9f3fb0f9-16f8-45e2-9c87-f2defd253c2f	2026-06-01 20:19:05.038884+00	\N	9f3fb0f9-16f8-45e2-9c87-f2defd253c2f	2026-06-01 20:19:05.038884+00	\N	\N	2026-06-01 20:19:05.025803+00	2026-06-01 20:19:05.038884+00	1	f
676	21	2026-06-01	2	9f3fb0f9-16f8-45e2-9c87-f2defd253c2f	2026-06-01 20:19:07.886401+00	\N	9f3fb0f9-16f8-45e2-9c87-f2defd253c2f	2026-06-01 20:19:07.886401+00	\N	\N	2026-06-01 20:19:07.87318+00	2026-06-01 20:19:07.886401+00	1	f
858	7	2026-06-16	2	9f3fb0f9-16f8-45e2-9c87-f2defd253c2f	2026-06-17 03:22:24.881165+00	\N	9f3fb0f9-16f8-45e2-9c87-f2defd253c2f	2026-06-17 03:22:24.881165+00	\N	\N	2026-06-17 03:22:24.849468+00	2026-06-17 03:22:24.881164+00	1	f
677	14	2026-06-01	2	9f3fb0f9-16f8-45e2-9c87-f2defd253c2f	2026-06-01 20:21:28.607823+00	\N	9f3fb0f9-16f8-45e2-9c87-f2defd253c2f	2026-06-01 20:21:28.607823+00	\N	\N	2026-06-01 20:21:28.594364+00	2026-06-01 20:21:28.607822+00	1	f
860	5	2026-06-16	2	9f3fb0f9-16f8-45e2-9c87-f2defd253c2f	2026-06-17 03:22:26.961052+00	\N	9f3fb0f9-16f8-45e2-9c87-f2defd253c2f	2026-06-17 03:22:26.961052+00	\N	\N	2026-06-17 03:22:26.947231+00	2026-06-17 03:22:26.961051+00	1	f
862	2	2026-06-16	2	9f3fb0f9-16f8-45e2-9c87-f2defd253c2f	2026-06-17 03:22:31.065808+00	\N	9f3fb0f9-16f8-45e2-9c87-f2defd253c2f	2026-06-17 03:22:31.065808+00	\N	\N	2026-06-17 03:22:31.055583+00	2026-06-17 03:22:31.065808+00	1	f
950	1	2026-06-21	0	\N	\N	\N	\N	\N	\N	\N	2026-06-21 15:44:53.981193+00	2026-06-21 15:45:37.971617+00	2	f
864	22	2026-06-16	2	9f3fb0f9-16f8-45e2-9c87-f2defd253c2f	2026-06-17 03:22:31.962292+00	\N	9f3fb0f9-16f8-45e2-9c87-f2defd253c2f	2026-06-17 03:22:31.962292+00	\N	\N	2026-06-17 03:22:31.95014+00	2026-06-17 03:22:31.962292+00	1	f
866	21	2026-06-16	2	9f3fb0f9-16f8-45e2-9c87-f2defd253c2f	2026-06-17 03:22:34.496413+00	\N	9f3fb0f9-16f8-45e2-9c87-f2defd253c2f	2026-06-17 03:22:34.496413+00	\N	\N	2026-06-17 03:22:34.482682+00	2026-06-17 03:22:34.496413+00	1	f
868	9	2026-06-16	2	9f3fb0f9-16f8-45e2-9c87-f2defd253c2f	2026-06-17 03:22:39.752414+00	\N	9f3fb0f9-16f8-45e2-9c87-f2defd253c2f	2026-06-17 03:22:39.752414+00	\N	\N	2026-06-17 03:22:39.738809+00	2026-06-17 03:22:39.752414+00	1	f
870	20	2026-06-16	2	9f3fb0f9-16f8-45e2-9c87-f2defd253c2f	2026-06-17 03:22:41.544114+00	\N	9f3fb0f9-16f8-45e2-9c87-f2defd253c2f	2026-06-17 03:22:41.544114+00	\N	\N	2026-06-17 03:22:41.532477+00	2026-06-17 03:22:41.544114+00	1	f
872	24	2026-06-16	2	9f3fb0f9-16f8-45e2-9c87-f2defd253c2f	2026-06-17 03:22:43.849175+00	\N	9f3fb0f9-16f8-45e2-9c87-f2defd253c2f	2026-06-17 03:22:43.849175+00	\N	\N	2026-06-17 03:22:43.834084+00	2026-06-17 03:22:43.849175+00	1	f
678	23	2026-06-01	2	9f3fb0f9-16f8-45e2-9c87-f2defd253c2f	2026-06-01 21:15:42.358506+00	\N	9f3fb0f9-16f8-45e2-9c87-f2defd253c2f	2026-06-01 21:15:42.358506+00	\N	\N	2026-06-01 21:15:42.32106+00	2026-06-01 21:15:42.358505+00	1	f
859	8	2026-06-16	2	9f3fb0f9-16f8-45e2-9c87-f2defd253c2f	2026-06-17 03:22:25.59639+00	\N	9f3fb0f9-16f8-45e2-9c87-f2defd253c2f	2026-06-17 03:22:25.59639+00	\N	\N	2026-06-17 03:22:25.580926+00	2026-06-17 03:22:25.59639+00	1	f
861	1	2026-06-16	2	9f3fb0f9-16f8-45e2-9c87-f2defd253c2f	2026-06-17 03:22:27.61636+00	\N	9f3fb0f9-16f8-45e2-9c87-f2defd253c2f	2026-06-17 03:22:27.61636+00	\N	\N	2026-06-17 03:22:27.605246+00	2026-06-17 03:22:27.616359+00	1	f
863	4	2026-06-16	2	9f3fb0f9-16f8-45e2-9c87-f2defd253c2f	2026-06-17 03:22:31.494961+00	\N	9f3fb0f9-16f8-45e2-9c87-f2defd253c2f	2026-06-17 03:22:31.494961+00	\N	\N	2026-06-17 03:22:31.480841+00	2026-06-17 03:22:31.494961+00	1	f
865	11	2026-06-16	2	9f3fb0f9-16f8-45e2-9c87-f2defd253c2f	2026-06-17 03:22:32.430907+00	\N	9f3fb0f9-16f8-45e2-9c87-f2defd253c2f	2026-06-17 03:22:32.430907+00	\N	\N	2026-06-17 03:22:32.418691+00	2026-06-17 03:22:32.430907+00	1	f
867	6	2026-06-16	2	9f3fb0f9-16f8-45e2-9c87-f2defd253c2f	2026-06-17 03:22:38.740327+00	\N	9f3fb0f9-16f8-45e2-9c87-f2defd253c2f	2026-06-17 03:22:38.740327+00	\N	\N	2026-06-17 03:22:38.725208+00	2026-06-17 03:22:38.740327+00	1	f
869	12	2026-06-16	2	9f3fb0f9-16f8-45e2-9c87-f2defd253c2f	2026-06-17 03:22:41.150101+00	\N	9f3fb0f9-16f8-45e2-9c87-f2defd253c2f	2026-06-17 03:22:41.150101+00	\N	\N	2026-06-17 03:22:41.137438+00	2026-06-17 03:22:41.150101+00	1	f
871	19	2026-06-16	2	9f3fb0f9-16f8-45e2-9c87-f2defd253c2f	2026-06-17 03:22:42.060616+00	\N	9f3fb0f9-16f8-45e2-9c87-f2defd253c2f	2026-06-17 03:22:42.060616+00	\N	\N	2026-06-17 03:22:42.048346+00	2026-06-17 03:22:42.060615+00	1	f
679	4	2026-06-01	2	9f3fb0f9-16f8-45e2-9c87-f2defd253c2f	2026-06-01 23:13:50.863874+00	\N	9f3fb0f9-16f8-45e2-9c87-f2defd253c2f	2026-06-01 23:13:50.863873+00	\N	\N	2026-06-01 23:13:50.832203+00	2026-06-01 23:13:50.863873+00	1	f
680	22	2026-06-01	2	9f3fb0f9-16f8-45e2-9c87-f2defd253c2f	2026-06-01 23:13:52.049424+00	\N	9f3fb0f9-16f8-45e2-9c87-f2defd253c2f	2026-06-01 23:13:52.049424+00	\N	\N	2026-06-01 23:13:52.035076+00	2026-06-01 23:13:52.049424+00	1	f
873	8	2026-06-17	2	9f3fb0f9-16f8-45e2-9c87-f2defd253c2f	2026-06-17 20:46:43.393292+00	\N	9f3fb0f9-16f8-45e2-9c87-f2defd253c2f	2026-06-17 20:46:43.393292+00	\N	\N	2026-06-17 20:46:43.357988+00	2026-06-17 20:46:43.393291+00	1	f
874	5	2026-06-17	2	9f3fb0f9-16f8-45e2-9c87-f2defd253c2f	2026-06-17 20:46:43.954943+00	\N	9f3fb0f9-16f8-45e2-9c87-f2defd253c2f	2026-06-17 20:46:43.954943+00	\N	\N	2026-06-17 20:46:43.93988+00	2026-06-17 20:46:43.954943+00	1	f
875	1	2026-06-17	2	9f3fb0f9-16f8-45e2-9c87-f2defd253c2f	2026-06-17 20:46:46.565602+00	\N	9f3fb0f9-16f8-45e2-9c87-f2defd253c2f	2026-06-17 20:46:46.565602+00	\N	\N	2026-06-17 20:46:46.552429+00	2026-06-17 20:46:46.565602+00	1	f
876	2	2026-06-17	2	9f3fb0f9-16f8-45e2-9c87-f2defd253c2f	2026-06-17 20:46:48.270423+00	\N	9f3fb0f9-16f8-45e2-9c87-f2defd253c2f	2026-06-17 20:46:48.270423+00	\N	\N	2026-06-17 20:46:48.258545+00	2026-06-17 20:46:48.270423+00	1	f
878	22	2026-06-17	2	9f3fb0f9-16f8-45e2-9c87-f2defd253c2f	2026-06-17 20:46:52.168512+00	\N	9f3fb0f9-16f8-45e2-9c87-f2defd253c2f	2026-06-17 20:46:52.168512+00	\N	\N	2026-06-17 20:46:52.156886+00	2026-06-17 20:46:52.168512+00	1	f
879	11	2026-06-17	2	9f3fb0f9-16f8-45e2-9c87-f2defd253c2f	2026-06-17 20:46:53.53741+00	\N	9f3fb0f9-16f8-45e2-9c87-f2defd253c2f	2026-06-17 20:46:53.53741+00	\N	\N	2026-06-17 20:46:53.527631+00	2026-06-17 20:46:53.53741+00	1	f
882	7	2026-06-17	2	9f3fb0f9-16f8-45e2-9c87-f2defd253c2f	2026-06-17 20:46:59.919896+00	\N	9f3fb0f9-16f8-45e2-9c87-f2defd253c2f	2026-06-17 20:46:59.919896+00	\N	\N	2026-06-17 20:46:59.907973+00	2026-06-17 20:46:59.919896+00	1	f
681	8	2026-06-02	2	9f3fb0f9-16f8-45e2-9c87-f2defd253c2f	2026-06-02 22:20:29.916787+00	\N	9f3fb0f9-16f8-45e2-9c87-f2defd253c2f	2026-06-02 22:20:29.916787+00	\N	\N	2026-06-02 22:20:29.882939+00	2026-06-02 22:20:29.916786+00	1	f
682	5	2026-06-02	2	9f3fb0f9-16f8-45e2-9c87-f2defd253c2f	2026-06-02 22:20:31.305402+00	\N	9f3fb0f9-16f8-45e2-9c87-f2defd253c2f	2026-06-02 22:20:31.305402+00	\N	\N	2026-06-02 22:20:31.292892+00	2026-06-02 22:20:31.305402+00	1	f
683	1	2026-06-02	2	9f3fb0f9-16f8-45e2-9c87-f2defd253c2f	2026-06-02 22:20:35.441958+00	\N	9f3fb0f9-16f8-45e2-9c87-f2defd253c2f	2026-06-02 22:20:35.441958+00	\N	\N	2026-06-02 22:20:35.429801+00	2026-06-02 22:20:35.441958+00	1	f
684	2	2026-06-02	2	9f3fb0f9-16f8-45e2-9c87-f2defd253c2f	2026-06-02 22:20:37.140489+00	\N	9f3fb0f9-16f8-45e2-9c87-f2defd253c2f	2026-06-02 22:20:37.140489+00	\N	\N	2026-06-02 22:20:37.127748+00	2026-06-02 22:20:37.140489+00	1	f
685	4	2026-06-02	2	9f3fb0f9-16f8-45e2-9c87-f2defd253c2f	2026-06-02 22:20:40.719185+00	\N	9f3fb0f9-16f8-45e2-9c87-f2defd253c2f	2026-06-02 22:20:40.719185+00	\N	\N	2026-06-02 22:20:40.706675+00	2026-06-02 22:20:40.719184+00	1	f
686	22	2026-06-02	2	9f3fb0f9-16f8-45e2-9c87-f2defd253c2f	2026-06-02 22:20:45.685001+00	\N	9f3fb0f9-16f8-45e2-9c87-f2defd253c2f	2026-06-02 22:20:45.685001+00	\N	\N	2026-06-02 22:20:45.672677+00	2026-06-02 22:20:45.685001+00	1	f
877	4	2026-06-17	2	9f3fb0f9-16f8-45e2-9c87-f2defd253c2f	2026-06-17 20:46:51.592887+00	\N	9f3fb0f9-16f8-45e2-9c87-f2defd253c2f	2026-06-17 20:46:51.592887+00	\N	\N	2026-06-17 20:46:51.579976+00	2026-06-17 20:46:51.592887+00	1	f
687	21	2026-06-02	2	9f3fb0f9-16f8-45e2-9c87-f2defd253c2f	2026-06-02 22:20:47.936035+00	\N	9f3fb0f9-16f8-45e2-9c87-f2defd253c2f	2026-06-02 22:20:47.936035+00	\N	\N	2026-06-02 22:20:47.923549+00	2026-06-02 22:20:47.936034+00	1	f
688	6	2026-06-02	2	9f3fb0f9-16f8-45e2-9c87-f2defd253c2f	2026-06-02 22:21:34.110855+00	\N	9f3fb0f9-16f8-45e2-9c87-f2defd253c2f	2026-06-02 22:21:34.110855+00	\N	\N	2026-06-02 22:21:34.099884+00	2026-06-02 22:21:34.110855+00	1	f
880	21	2026-06-17	2	9f3fb0f9-16f8-45e2-9c87-f2defd253c2f	2026-06-17 20:46:54.080962+00	\N	9f3fb0f9-16f8-45e2-9c87-f2defd253c2f	2026-06-17 20:46:54.080962+00	\N	\N	2026-06-17 20:46:54.069171+00	2026-06-17 20:46:54.080962+00	1	f
881	9	2026-06-17	2	9f3fb0f9-16f8-45e2-9c87-f2defd253c2f	2026-06-17 20:46:55.729701+00	\N	9f3fb0f9-16f8-45e2-9c87-f2defd253c2f	2026-06-17 20:46:55.729701+00	\N	\N	2026-06-17 20:46:55.719193+00	2026-06-17 20:46:55.729701+00	1	f
689	11	2026-06-02	2	9f3fb0f9-16f8-45e2-9c87-f2defd253c2f	2026-06-03 04:46:06.517369+00	\N	9f3fb0f9-16f8-45e2-9c87-f2defd253c2f	2026-06-03 04:46:06.517369+00	\N	\N	2026-06-03 04:46:06.483042+00	2026-06-03 04:46:06.517368+00	1	f
690	9	2026-06-02	2	9f3fb0f9-16f8-45e2-9c87-f2defd253c2f	2026-06-03 04:46:09.67589+00	\N	9f3fb0f9-16f8-45e2-9c87-f2defd253c2f	2026-06-03 04:46:09.67589+00	\N	\N	2026-06-03 04:46:09.662965+00	2026-06-03 04:46:09.675889+00	1	f
691	12	2026-06-02	2	9f3fb0f9-16f8-45e2-9c87-f2defd253c2f	2026-06-03 04:46:11.482083+00	\N	9f3fb0f9-16f8-45e2-9c87-f2defd253c2f	2026-06-03 04:46:11.482083+00	\N	\N	2026-06-03 04:46:11.469593+00	2026-06-03 04:46:11.482083+00	1	f
883	6	2026-06-17	2	9f3fb0f9-16f8-45e2-9c87-f2defd253c2f	2026-06-18 03:23:16.954263+00	\N	9f3fb0f9-16f8-45e2-9c87-f2defd253c2f	2026-06-18 03:23:16.954263+00	\N	\N	2026-06-18 03:23:16.920156+00	2026-06-18 03:23:16.954263+00	1	f
692	20	2026-06-02	2	9f3fb0f9-16f8-45e2-9c87-f2defd253c2f	2026-06-03 04:46:11.948763+00	\N	9f3fb0f9-16f8-45e2-9c87-f2defd253c2f	2026-06-03 04:46:11.948763+00	\N	\N	2026-06-03 04:46:11.93646+00	2026-06-03 04:46:11.948763+00	1	f
693	19	2026-06-02	2	9f3fb0f9-16f8-45e2-9c87-f2defd253c2f	2026-06-03 04:46:15.056935+00	\N	9f3fb0f9-16f8-45e2-9c87-f2defd253c2f	2026-06-03 04:46:15.056935+00	\N	\N	2026-06-03 04:46:15.0446+00	2026-06-03 04:46:15.056935+00	1	f
884	12	2026-06-17	2	9f3fb0f9-16f8-45e2-9c87-f2defd253c2f	2026-06-18 03:23:17.31911+00	\N	9f3fb0f9-16f8-45e2-9c87-f2defd253c2f	2026-06-18 03:23:17.31911+00	\N	\N	2026-06-18 03:23:17.304113+00	2026-06-18 03:23:17.31911+00	1	f
886	19	2026-06-17	2	9f3fb0f9-16f8-45e2-9c87-f2defd253c2f	2026-06-18 03:23:19.488946+00	\N	9f3fb0f9-16f8-45e2-9c87-f2defd253c2f	2026-06-18 03:23:19.488946+00	\N	\N	2026-06-18 03:23:19.475496+00	2026-06-18 03:23:19.488946+00	1	f
694	7	2026-06-03	2	9f3fb0f9-16f8-45e2-9c87-f2defd253c2f	2026-06-03 22:55:19.525529+00	\N	9f3fb0f9-16f8-45e2-9c87-f2defd253c2f	2026-06-03 22:55:19.525529+00	\N	\N	2026-06-03 22:55:19.49146+00	2026-06-03 22:55:19.525528+00	1	f
695	8	2026-06-03	2	9f3fb0f9-16f8-45e2-9c87-f2defd253c2f	2026-06-03 22:55:20.68738+00	\N	9f3fb0f9-16f8-45e2-9c87-f2defd253c2f	2026-06-03 22:55:20.68738+00	\N	\N	2026-06-03 22:55:20.673748+00	2026-06-03 22:55:20.68738+00	1	f
696	5	2026-06-03	2	9f3fb0f9-16f8-45e2-9c87-f2defd253c2f	2026-06-03 22:55:22.898906+00	\N	9f3fb0f9-16f8-45e2-9c87-f2defd253c2f	2026-06-03 22:55:22.898906+00	\N	\N	2026-06-03 22:55:22.884913+00	2026-06-03 22:55:22.898906+00	1	f
885	20	2026-06-17	2	9f3fb0f9-16f8-45e2-9c87-f2defd253c2f	2026-06-18 03:23:17.714771+00	\N	9f3fb0f9-16f8-45e2-9c87-f2defd253c2f	2026-06-18 03:23:17.714771+00	\N	\N	2026-06-18 03:23:17.702037+00	2026-06-18 03:23:17.714771+00	1	f
697	1	2026-06-03	2	9f3fb0f9-16f8-45e2-9c87-f2defd253c2f	2026-06-03 22:55:26.225044+00	\N	9f3fb0f9-16f8-45e2-9c87-f2defd253c2f	2026-06-03 22:55:26.225044+00	\N	\N	2026-06-03 22:55:26.212885+00	2026-06-03 22:55:26.225044+00	1	f
698	2	2026-06-03	2	9f3fb0f9-16f8-45e2-9c87-f2defd253c2f	2026-06-03 22:55:27.080965+00	\N	9f3fb0f9-16f8-45e2-9c87-f2defd253c2f	2026-06-03 22:55:27.080965+00	\N	\N	2026-06-03 22:55:27.068748+00	2026-06-03 22:55:27.080965+00	1	f
887	25	2026-06-17	2	9f3fb0f9-16f8-45e2-9c87-f2defd253c2f	2026-06-18 03:23:25.51054+00	\N	9f3fb0f9-16f8-45e2-9c87-f2defd253c2f	2026-06-18 03:23:25.51054+00	\N	\N	2026-06-18 03:23:25.496018+00	2026-06-18 03:23:25.51054+00	1	f
699	4	2026-06-03	2	9f3fb0f9-16f8-45e2-9c87-f2defd253c2f	2026-06-03 22:55:28.566128+00	\N	9f3fb0f9-16f8-45e2-9c87-f2defd253c2f	2026-06-03 22:55:28.566128+00	\N	\N	2026-06-03 22:55:28.553875+00	2026-06-03 22:55:28.566128+00	1	f
700	11	2026-06-03	2	9f3fb0f9-16f8-45e2-9c87-f2defd253c2f	2026-06-03 22:55:31.239648+00	\N	9f3fb0f9-16f8-45e2-9c87-f2defd253c2f	2026-06-03 22:55:31.239648+00	\N	\N	2026-06-03 22:55:31.227428+00	2026-06-03 22:55:31.239647+00	1	f
701	21	2026-06-03	2	9f3fb0f9-16f8-45e2-9c87-f2defd253c2f	2026-06-03 22:55:33.543943+00	\N	9f3fb0f9-16f8-45e2-9c87-f2defd253c2f	2026-06-03 22:55:33.543943+00	\N	\N	2026-06-03 22:55:33.530412+00	2026-06-03 22:55:33.543943+00	1	f
702	9	2026-06-03	2	9f3fb0f9-16f8-45e2-9c87-f2defd253c2f	2026-06-03 22:55:37.621434+00	\N	9f3fb0f9-16f8-45e2-9c87-f2defd253c2f	2026-06-03 22:55:37.621434+00	\N	\N	2026-06-03 22:55:37.609833+00	2026-06-03 22:55:37.621433+00	1	f
703	25	2026-06-03	2	9f3fb0f9-16f8-45e2-9c87-f2defd253c2f	2026-06-03 22:55:47.83699+00	\N	9f3fb0f9-16f8-45e2-9c87-f2defd253c2f	2026-06-03 22:55:47.83699+00	\N	\N	2026-06-03 22:55:47.824199+00	2026-06-03 22:55:47.836989+00	1	f
704	6	2026-06-03	2	9f3fb0f9-16f8-45e2-9c87-f2defd253c2f	2026-06-03 22:56:06.076398+00	\N	9f3fb0f9-16f8-45e2-9c87-f2defd253c2f	2026-06-03 22:56:06.076398+00	\N	\N	2026-06-03 22:56:06.064111+00	2026-06-03 22:56:06.076398+00	1	f
705	12	2026-06-03	2	9f3fb0f9-16f8-45e2-9c87-f2defd253c2f	2026-06-04 01:32:59.760919+00	\N	9f3fb0f9-16f8-45e2-9c87-f2defd253c2f	2026-06-04 01:32:59.760919+00	\N	\N	2026-06-04 01:32:59.726515+00	2026-06-04 01:32:59.760919+00	1	f
706	20	2026-06-03	2	9f3fb0f9-16f8-45e2-9c87-f2defd253c2f	2026-06-04 01:33:00.587024+00	\N	9f3fb0f9-16f8-45e2-9c87-f2defd253c2f	2026-06-04 01:33:00.587024+00	\N	\N	2026-06-04 01:33:00.571619+00	2026-06-04 01:33:00.587024+00	1	f
707	19	2026-06-03	2	9f3fb0f9-16f8-45e2-9c87-f2defd253c2f	2026-06-04 01:33:02.504504+00	\N	9f3fb0f9-16f8-45e2-9c87-f2defd253c2f	2026-06-04 01:33:02.504504+00	\N	\N	2026-06-04 01:33:02.492491+00	2026-06-04 01:33:02.504504+00	1	f
709	17	2026-06-03	2	9f3fb0f9-16f8-45e2-9c87-f2defd253c2f	2026-06-04 01:33:09.653669+00	\N	9f3fb0f9-16f8-45e2-9c87-f2defd253c2f	2026-06-04 01:33:09.653669+00	\N	\N	2026-06-04 01:33:09.641117+00	2026-06-04 01:33:09.653669+00	1	t
708	22	2026-06-03	2	9f3fb0f9-16f8-45e2-9c87-f2defd253c2f	2026-06-04 01:33:04.499981+00	\N	9f3fb0f9-16f8-45e2-9c87-f2defd253c2f	2026-06-04 01:33:04.499981+00	\N	\N	2026-06-04 01:33:04.487638+00	2026-06-04 01:33:04.499981+00	1	f
888	14	2026-06-15	2	9f161d20-a69b-453a-aa9e-31cb6f4e62af	2026-06-19 19:33:58.209992+00	\N	9f161d20-a69b-453a-aa9e-31cb6f4e62af	2026-06-19 19:33:58.209704+00	\N	\N	2026-06-19 19:33:57.994812+00	2026-06-19 19:33:58.209409+00	1	f
893	7	2026-06-18	2	9f161d20-a69b-453a-aa9e-31cb6f4e62af	2026-06-19 19:34:38.463224+00	\N	9f161d20-a69b-453a-aa9e-31cb6f4e62af	2026-06-19 19:34:38.463223+00	\N	\N	2026-06-19 19:34:38.449387+00	2026-06-19 19:34:38.463221+00	1	f
899	22	2026-06-18	2	9f161d20-a69b-453a-aa9e-31cb6f4e62af	2026-06-19 19:34:52.597135+00	\N	9f161d20-a69b-453a-aa9e-31cb6f4e62af	2026-06-19 19:34:52.597135+00	\N	\N	2026-06-19 19:34:52.584584+00	2026-06-19 19:34:52.597135+00	1	f
902	9	2026-06-18	2	9f161d20-a69b-453a-aa9e-31cb6f4e62af	2026-06-19 19:34:56.996399+00	\N	9f161d20-a69b-453a-aa9e-31cb6f4e62af	2026-06-19 19:34:56.996399+00	\N	\N	2026-06-19 19:34:56.984986+00	2026-06-19 19:34:56.996399+00	1	f
903	6	2026-06-18	2	9f161d20-a69b-453a-aa9e-31cb6f4e62af	2026-06-19 19:34:58.521936+00	\N	9f161d20-a69b-453a-aa9e-31cb6f4e62af	2026-06-19 19:34:58.521936+00	\N	\N	2026-06-19 19:34:58.509773+00	2026-06-19 19:34:58.521935+00	1	f
906	19	2026-06-18	2	9f161d20-a69b-453a-aa9e-31cb6f4e62af	2026-06-19 19:35:01.305718+00	\N	9f161d20-a69b-453a-aa9e-31cb6f4e62af	2026-06-19 19:35:01.305718+00	\N	\N	2026-06-19 19:35:01.296519+00	2026-06-19 19:35:01.305718+00	1	f
710	7	2026-06-04	2	9f3fb0f9-16f8-45e2-9c87-f2defd253c2f	2026-06-04 19:53:20.483694+00	\N	9f3fb0f9-16f8-45e2-9c87-f2defd253c2f	2026-06-04 19:53:20.483694+00	\N	\N	2026-06-04 19:53:20.450904+00	2026-06-04 19:53:20.483694+00	1	f
711	8	2026-06-04	2	9f3fb0f9-16f8-45e2-9c87-f2defd253c2f	2026-06-04 19:53:21.590657+00	\N	9f3fb0f9-16f8-45e2-9c87-f2defd253c2f	2026-06-04 19:53:21.590657+00	\N	\N	2026-06-04 19:53:21.578625+00	2026-06-04 19:53:21.590656+00	1	f
712	5	2026-06-04	2	9f3fb0f9-16f8-45e2-9c87-f2defd253c2f	2026-06-04 19:53:25.677396+00	\N	9f3fb0f9-16f8-45e2-9c87-f2defd253c2f	2026-06-04 19:53:25.677396+00	\N	\N	2026-06-04 19:53:25.663431+00	2026-06-04 19:53:25.677396+00	1	f
889	6	2026-06-15	2	9f161d20-a69b-453a-aa9e-31cb6f4e62af	2026-06-19 19:34:03.209264+00	\N	9f161d20-a69b-453a-aa9e-31cb6f4e62af	2026-06-19 19:34:03.209263+00	\N	\N	2026-06-19 19:34:03.185767+00	2026-06-19 19:34:03.209262+00	1	f
713	1	2026-06-04	2	9f3fb0f9-16f8-45e2-9c87-f2defd253c2f	2026-06-04 19:53:29.893813+00	\N	9f3fb0f9-16f8-45e2-9c87-f2defd253c2f	2026-06-04 19:53:29.893813+00	\N	\N	2026-06-04 19:53:29.883043+00	2026-06-04 19:53:29.893813+00	1	f
714	2	2026-06-04	2	9f3fb0f9-16f8-45e2-9c87-f2defd253c2f	2026-06-04 19:53:31.261175+00	\N	9f3fb0f9-16f8-45e2-9c87-f2defd253c2f	2026-06-04 19:53:31.261175+00	\N	\N	2026-06-04 19:53:31.248157+00	2026-06-04 19:53:31.261175+00	1	f
891	19	2026-06-15	2	9f161d20-a69b-453a-aa9e-31cb6f4e62af	2026-06-19 19:34:05.358856+00	\N	9f161d20-a69b-453a-aa9e-31cb6f4e62af	2026-06-19 19:34:05.358855+00	\N	\N	2026-06-19 19:34:05.346796+00	2026-06-19 19:34:05.358853+00	1	f
715	4	2026-06-04	2	9f3fb0f9-16f8-45e2-9c87-f2defd253c2f	2026-06-04 19:53:32.391959+00	\N	9f3fb0f9-16f8-45e2-9c87-f2defd253c2f	2026-06-04 19:53:32.391959+00	\N	\N	2026-06-04 19:53:32.380363+00	2026-06-04 19:53:32.391959+00	1	f
716	21	2026-06-04	2	9f3fb0f9-16f8-45e2-9c87-f2defd253c2f	2026-06-04 19:53:38.45644+00	\N	9f3fb0f9-16f8-45e2-9c87-f2defd253c2f	2026-06-04 19:53:38.45644+00	\N	\N	2026-06-04 19:53:38.44394+00	2026-06-04 19:53:38.45644+00	1	f
717	11	2026-06-04	2	9f3fb0f9-16f8-45e2-9c87-f2defd253c2f	2026-06-04 19:53:38.892597+00	\N	9f3fb0f9-16f8-45e2-9c87-f2defd253c2f	2026-06-04 19:53:38.892597+00	\N	\N	2026-06-04 19:53:38.882646+00	2026-06-04 19:53:38.892597+00	1	f
897	2	2026-06-18	2	9f161d20-a69b-453a-aa9e-31cb6f4e62af	2026-06-19 19:34:49.086958+00	\N	9f161d20-a69b-453a-aa9e-31cb6f4e62af	2026-06-19 19:34:49.086957+00	\N	\N	2026-06-19 19:34:49.074424+00	2026-06-19 19:34:49.086956+00	1	f
898	4	2026-06-18	2	9f161d20-a69b-453a-aa9e-31cb6f4e62af	2026-06-19 19:34:50.477485+00	\N	9f161d20-a69b-453a-aa9e-31cb6f4e62af	2026-06-19 19:34:50.477484+00	\N	\N	2026-06-19 19:34:50.46514+00	2026-06-19 19:34:50.477483+00	1	f
900	11	2026-06-18	2	9f161d20-a69b-453a-aa9e-31cb6f4e62af	2026-06-19 19:34:54.148892+00	\N	9f161d20-a69b-453a-aa9e-31cb6f4e62af	2026-06-19 19:34:54.148892+00	\N	\N	2026-06-19 19:34:54.137212+00	2026-06-19 19:34:54.148891+00	1	f
904	12	2026-06-18	2	9f161d20-a69b-453a-aa9e-31cb6f4e62af	2026-06-19 19:34:59.981091+00	\N	9f161d20-a69b-453a-aa9e-31cb6f4e62af	2026-06-19 19:34:59.981091+00	\N	\N	2026-06-19 19:34:59.969081+00	2026-06-19 19:34:59.981091+00	1	f
905	20	2026-06-18	2	9f161d20-a69b-453a-aa9e-31cb6f4e62af	2026-06-19 19:35:00.711663+00	\N	9f161d20-a69b-453a-aa9e-31cb6f4e62af	2026-06-19 19:35:00.711663+00	\N	\N	2026-06-19 19:35:00.700484+00	2026-06-19 19:35:00.711662+00	1	f
718	22	2026-06-04	2	9f3fb0f9-16f8-45e2-9c87-f2defd253c2f	2026-06-05 02:18:43.69582+00	\N	9f3fb0f9-16f8-45e2-9c87-f2defd253c2f	2026-06-05 02:18:43.69582+00	\N	\N	2026-06-05 02:18:43.659218+00	2026-06-05 02:18:43.695819+00	1	f
719	9	2026-06-04	2	9f3fb0f9-16f8-45e2-9c87-f2defd253c2f	2026-06-05 02:18:46.800108+00	\N	9f3fb0f9-16f8-45e2-9c87-f2defd253c2f	2026-06-05 02:18:46.800108+00	\N	\N	2026-06-05 02:18:46.787231+00	2026-06-05 02:18:46.800107+00	1	f
720	6	2026-06-04	2	9f3fb0f9-16f8-45e2-9c87-f2defd253c2f	2026-06-05 02:18:47.142198+00	\N	9f3fb0f9-16f8-45e2-9c87-f2defd253c2f	2026-06-05 02:18:47.142198+00	\N	\N	2026-06-05 02:18:47.130438+00	2026-06-05 02:18:47.142198+00	1	f
721	20	2026-06-04	2	9f3fb0f9-16f8-45e2-9c87-f2defd253c2f	2026-06-05 02:18:49.661737+00	\N	9f3fb0f9-16f8-45e2-9c87-f2defd253c2f	2026-06-05 02:18:49.661737+00	\N	\N	2026-06-05 02:18:49.64959+00	2026-06-05 02:18:49.661736+00	1	f
890	20	2026-06-15	2	9f161d20-a69b-453a-aa9e-31cb6f4e62af	2026-06-19 19:34:04.772861+00	\N	9f161d20-a69b-453a-aa9e-31cb6f4e62af	2026-06-19 19:34:04.77286+00	\N	\N	2026-06-19 19:34:04.753608+00	2026-06-19 19:34:04.772859+00	1	f
722	19	2026-06-04	2	9f3fb0f9-16f8-45e2-9c87-f2defd253c2f	2026-06-05 02:18:51.328383+00	\N	9f3fb0f9-16f8-45e2-9c87-f2defd253c2f	2026-06-05 02:18:51.328383+00	\N	\N	2026-06-05 02:18:51.316767+00	2026-06-05 02:18:51.328383+00	1	f
723	12	2026-06-04	2	9f3fb0f9-16f8-45e2-9c87-f2defd253c2f	2026-06-05 02:18:51.811592+00	\N	9f3fb0f9-16f8-45e2-9c87-f2defd253c2f	2026-06-05 02:18:51.811592+00	\N	\N	2026-06-05 02:18:51.798125+00	2026-06-05 02:18:51.811592+00	1	f
892	27	2026-06-18	2	9f161d20-a69b-453a-aa9e-31cb6f4e62af	2026-06-19 19:34:36.106963+00	\N	9f161d20-a69b-453a-aa9e-31cb6f4e62af	2026-06-19 19:34:36.106962+00	\N	\N	2026-06-19 19:34:36.094343+00	2026-06-19 19:34:36.10696+00	1	f
894	8	2026-06-18	2	9f161d20-a69b-453a-aa9e-31cb6f4e62af	2026-06-19 19:34:40.006957+00	\N	9f161d20-a69b-453a-aa9e-31cb6f4e62af	2026-06-19 19:34:40.006956+00	\N	\N	2026-06-19 19:34:39.992545+00	2026-06-19 19:34:40.006954+00	1	f
895	5	2026-06-18	2	9f161d20-a69b-453a-aa9e-31cb6f4e62af	2026-06-19 19:34:42.114291+00	\N	9f161d20-a69b-453a-aa9e-31cb6f4e62af	2026-06-19 19:34:42.114287+00	\N	\N	2026-06-19 19:34:42.100292+00	2026-06-19 19:34:42.114285+00	1	f
896	1	2026-06-18	2	9f161d20-a69b-453a-aa9e-31cb6f4e62af	2026-06-19 19:34:47.826997+00	\N	9f161d20-a69b-453a-aa9e-31cb6f4e62af	2026-06-19 19:34:47.826996+00	\N	\N	2026-06-19 19:34:47.815264+00	2026-06-19 19:34:47.826995+00	1	f
901	21	2026-06-18	2	9f161d20-a69b-453a-aa9e-31cb6f4e62af	2026-06-19 19:34:55.795133+00	\N	9f161d20-a69b-453a-aa9e-31cb6f4e62af	2026-06-19 19:34:55.795133+00	\N	\N	2026-06-19 19:34:55.783441+00	2026-06-19 19:34:55.795132+00	1	f
907	7	2026-06-19	2	9f161d20-a69b-453a-aa9e-31cb6f4e62af	2026-06-19 19:38:26.81694+00	\N	9f161d20-a69b-453a-aa9e-31cb6f4e62af	2026-06-19 19:38:26.81694+00	\N	\N	2026-06-19 19:38:26.804542+00	2026-06-19 19:38:26.816939+00	1	f
724	8	2026-06-05	2	9f3fb0f9-16f8-45e2-9c87-f2defd253c2f	2026-06-05 13:18:27.83436+00	\N	9f3fb0f9-16f8-45e2-9c87-f2defd253c2f	2026-06-05 13:18:27.83436+00	\N	\N	2026-06-05 13:18:27.79993+00	2026-06-05 13:18:27.83436+00	1	f
725	7	2026-06-05	2	9f3fb0f9-16f8-45e2-9c87-f2defd253c2f	2026-06-05 13:18:29.754052+00	\N	9f3fb0f9-16f8-45e2-9c87-f2defd253c2f	2026-06-05 13:18:29.754052+00	\N	\N	2026-06-05 13:18:29.741252+00	2026-06-05 13:18:29.754052+00	1	f
726	5	2026-06-05	2	9f3fb0f9-16f8-45e2-9c87-f2defd253c2f	2026-06-05 13:18:31.455696+00	\N	9f3fb0f9-16f8-45e2-9c87-f2defd253c2f	2026-06-05 13:18:31.455696+00	\N	\N	2026-06-05 13:18:31.441256+00	2026-06-05 13:18:31.455696+00	1	f
727	1	2026-06-05	2	9f3fb0f9-16f8-45e2-9c87-f2defd253c2f	2026-06-05 13:18:33.466699+00	\N	9f3fb0f9-16f8-45e2-9c87-f2defd253c2f	2026-06-05 13:18:33.466699+00	\N	\N	2026-06-05 13:18:33.455032+00	2026-06-05 13:18:33.466699+00	1	f
728	2	2026-06-05	2	9f3fb0f9-16f8-45e2-9c87-f2defd253c2f	2026-06-05 13:18:34.12043+00	\N	9f3fb0f9-16f8-45e2-9c87-f2defd253c2f	2026-06-05 13:18:34.12043+00	\N	\N	2026-06-05 13:18:34.108648+00	2026-06-05 13:18:34.12043+00	1	f
729	4	2026-06-05	2	9f3fb0f9-16f8-45e2-9c87-f2defd253c2f	2026-06-05 13:18:35.364205+00	\N	9f3fb0f9-16f8-45e2-9c87-f2defd253c2f	2026-06-05 13:18:35.364205+00	\N	\N	2026-06-05 13:18:35.351892+00	2026-06-05 13:18:35.364205+00	1	f
730	17	2026-06-05	2	9f3fb0f9-16f8-45e2-9c87-f2defd253c2f	2026-06-05 23:11:33.122795+00	\N	9f3fb0f9-16f8-45e2-9c87-f2defd253c2f	2026-06-05 23:11:33.122795+00	\N	\N	2026-06-05 23:11:33.090268+00	2026-06-05 23:11:33.122795+00	1	t
731	22	2026-06-05	2	9f3fb0f9-16f8-45e2-9c87-f2defd253c2f	2026-06-05 23:11:43.932125+00	\N	9f3fb0f9-16f8-45e2-9c87-f2defd253c2f	2026-06-05 23:11:43.932125+00	\N	\N	2026-06-05 23:11:43.916993+00	2026-06-05 23:11:43.932125+00	1	f
732	11	2026-06-05	2	9f3fb0f9-16f8-45e2-9c87-f2defd253c2f	2026-06-05 23:11:44.836975+00	\N	9f3fb0f9-16f8-45e2-9c87-f2defd253c2f	2026-06-05 23:11:44.836975+00	\N	\N	2026-06-05 23:11:44.823633+00	2026-06-05 23:11:44.836975+00	1	f
733	21	2026-06-05	2	9f3fb0f9-16f8-45e2-9c87-f2defd253c2f	2026-06-05 23:11:47.37349+00	\N	9f3fb0f9-16f8-45e2-9c87-f2defd253c2f	2026-06-05 23:11:47.37349+00	\N	\N	2026-06-05 23:11:47.360526+00	2026-06-05 23:11:47.37349+00	1	f
734	9	2026-06-05	2	9f3fb0f9-16f8-45e2-9c87-f2defd253c2f	2026-06-05 23:11:49.1774+00	\N	9f3fb0f9-16f8-45e2-9c87-f2defd253c2f	2026-06-05 23:11:49.1774+00	\N	\N	2026-06-05 23:11:49.164509+00	2026-06-05 23:11:49.177399+00	1	f
735	6	2026-06-05	2	9f3fb0f9-16f8-45e2-9c87-f2defd253c2f	2026-06-05 23:11:49.689148+00	\N	9f3fb0f9-16f8-45e2-9c87-f2defd253c2f	2026-06-05 23:11:49.689148+00	\N	\N	2026-06-05 23:11:49.677496+00	2026-06-05 23:11:49.689148+00	1	f
736	7	2026-06-07	2	9f3fb0f9-16f8-45e2-9c87-f2defd253c2f	2026-06-08 02:53:04.565488+00	\N	9f3fb0f9-16f8-45e2-9c87-f2defd253c2f	2026-06-08 02:53:04.565488+00	\N	\N	2026-06-08 02:53:04.531943+00	2026-06-08 02:53:04.565487+00	1	f
737	8	2026-06-07	2	9f3fb0f9-16f8-45e2-9c87-f2defd253c2f	2026-06-08 02:53:05.085501+00	\N	9f3fb0f9-16f8-45e2-9c87-f2defd253c2f	2026-06-08 02:53:05.085501+00	\N	\N	2026-06-08 02:53:05.072799+00	2026-06-08 02:53:05.085501+00	1	f
738	5	2026-06-07	2	9f3fb0f9-16f8-45e2-9c87-f2defd253c2f	2026-06-08 02:53:07.500976+00	\N	9f3fb0f9-16f8-45e2-9c87-f2defd253c2f	2026-06-08 02:53:07.500976+00	\N	\N	2026-06-08 02:53:07.488357+00	2026-06-08 02:53:07.500976+00	1	f
739	1	2026-06-07	2	9f3fb0f9-16f8-45e2-9c87-f2defd253c2f	2026-06-08 02:53:09.326224+00	\N	9f3fb0f9-16f8-45e2-9c87-f2defd253c2f	2026-06-08 02:53:09.326224+00	\N	\N	2026-06-08 02:53:09.314902+00	2026-06-08 02:53:09.326224+00	1	f
740	2	2026-06-07	2	9f3fb0f9-16f8-45e2-9c87-f2defd253c2f	2026-06-08 02:53:09.792148+00	\N	9f3fb0f9-16f8-45e2-9c87-f2defd253c2f	2026-06-08 02:53:09.792148+00	\N	\N	2026-06-08 02:53:09.779635+00	2026-06-08 02:53:09.792148+00	1	f
741	4	2026-06-07	2	9f3fb0f9-16f8-45e2-9c87-f2defd253c2f	2026-06-08 02:53:10.435822+00	\N	9f3fb0f9-16f8-45e2-9c87-f2defd253c2f	2026-06-08 02:53:10.435822+00	\N	\N	2026-06-08 02:53:10.423003+00	2026-06-08 02:53:10.435822+00	1	f
742	13	2026-06-07	2	9f3fb0f9-16f8-45e2-9c87-f2defd253c2f	2026-06-08 02:53:13.753623+00	\N	9f3fb0f9-16f8-45e2-9c87-f2defd253c2f	2026-06-08 02:53:13.753623+00	\N	\N	2026-06-08 02:53:13.743681+00	2026-06-08 02:53:13.753623+00	1	f
743	9	2026-06-07	2	9f3fb0f9-16f8-45e2-9c87-f2defd253c2f	2026-06-08 02:53:14.685626+00	\N	9f3fb0f9-16f8-45e2-9c87-f2defd253c2f	2026-06-08 02:53:14.685626+00	\N	\N	2026-06-08 02:53:14.673756+00	2026-06-08 02:53:14.685626+00	1	f
744	6	2026-06-07	2	9f3fb0f9-16f8-45e2-9c87-f2defd253c2f	2026-06-08 02:53:16.142244+00	\N	9f3fb0f9-16f8-45e2-9c87-f2defd253c2f	2026-06-08 02:53:16.142244+00	\N	\N	2026-06-08 02:53:16.128505+00	2026-06-08 02:53:16.142243+00	1	f
745	12	2026-06-07	2	9f3fb0f9-16f8-45e2-9c87-f2defd253c2f	2026-06-08 02:53:18.547319+00	\N	9f3fb0f9-16f8-45e2-9c87-f2defd253c2f	2026-06-08 02:53:18.547319+00	\N	\N	2026-06-08 02:53:18.5352+00	2026-06-08 02:53:18.547319+00	1	f
746	20	2026-06-07	2	9f3fb0f9-16f8-45e2-9c87-f2defd253c2f	2026-06-08 02:53:19.67424+00	\N	9f3fb0f9-16f8-45e2-9c87-f2defd253c2f	2026-06-08 02:53:19.67424+00	\N	\N	2026-06-08 02:53:19.663807+00	2026-06-08 02:53:19.67424+00	1	f
747	19	2026-06-07	2	9f3fb0f9-16f8-45e2-9c87-f2defd253c2f	2026-06-08 02:53:20.174743+00	\N	9f3fb0f9-16f8-45e2-9c87-f2defd253c2f	2026-06-08 02:53:20.174743+00	\N	\N	2026-06-08 02:53:20.163868+00	2026-06-08 02:53:20.174743+00	1	f
748	7	2026-06-08	2	9f3fb0f9-16f8-45e2-9c87-f2defd253c2f	2026-06-08 21:35:47.206806+00	\N	9f3fb0f9-16f8-45e2-9c87-f2defd253c2f	2026-06-08 21:35:47.206806+00	\N	\N	2026-06-08 21:35:47.173862+00	2026-06-08 21:35:47.206805+00	1	f
186	17	2026-03-03	2	b7705804-33b5-41e5-bdfb-58763d87e2f0	2026-03-08 00:34:44.864836+00	\N	b7705804-33b5-41e5-bdfb-58763d87e2f0	2026-03-08 00:34:44.864836+00	\N	\N	2026-03-08 00:34:44.853831+00	2026-03-08 00:34:44.864836+00	1	t
749	8	2026-06-08	2	9f3fb0f9-16f8-45e2-9c87-f2defd253c2f	2026-06-08 21:35:48.019435+00	\N	9f3fb0f9-16f8-45e2-9c87-f2defd253c2f	2026-06-08 21:35:48.019435+00	\N	\N	2026-06-08 21:35:48.005707+00	2026-06-08 21:35:48.019434+00	1	f
750	5	2026-06-08	2	9f3fb0f9-16f8-45e2-9c87-f2defd253c2f	2026-06-08 21:35:49.904298+00	\N	9f3fb0f9-16f8-45e2-9c87-f2defd253c2f	2026-06-08 21:35:49.904298+00	\N	\N	2026-06-08 21:35:49.889609+00	2026-06-08 21:35:49.904298+00	1	f
751	1	2026-06-08	2	9f3fb0f9-16f8-45e2-9c87-f2defd253c2f	2026-06-08 21:35:52.262118+00	\N	9f3fb0f9-16f8-45e2-9c87-f2defd253c2f	2026-06-08 21:35:52.262118+00	\N	\N	2026-06-08 21:35:52.249252+00	2026-06-08 21:35:52.262118+00	1	f
752	2	2026-06-08	2	9f3fb0f9-16f8-45e2-9c87-f2defd253c2f	2026-06-08 21:35:55.003284+00	\N	9f3fb0f9-16f8-45e2-9c87-f2defd253c2f	2026-06-08 21:35:55.003284+00	\N	\N	2026-06-08 21:35:54.988872+00	2026-06-08 21:35:55.003283+00	1	f
753	4	2026-06-08	2	9f3fb0f9-16f8-45e2-9c87-f2defd253c2f	2026-06-08 21:36:01.931419+00	\N	9f3fb0f9-16f8-45e2-9c87-f2defd253c2f	2026-06-08 21:36:01.931419+00	\N	\N	2026-06-08 21:36:01.917222+00	2026-06-08 21:36:01.931419+00	1	f
754	22	2026-06-08	2	9f3fb0f9-16f8-45e2-9c87-f2defd253c2f	2026-06-08 21:36:02.961654+00	\N	9f3fb0f9-16f8-45e2-9c87-f2defd253c2f	2026-06-08 21:36:02.961654+00	\N	\N	2026-06-08 21:36:02.948557+00	2026-06-08 21:36:02.961654+00	1	f
755	11	2026-06-08	2	9f3fb0f9-16f8-45e2-9c87-f2defd253c2f	2026-06-08 21:36:03.539719+00	\N	9f3fb0f9-16f8-45e2-9c87-f2defd253c2f	2026-06-08 21:36:03.539719+00	\N	\N	2026-06-08 21:36:03.527066+00	2026-06-08 21:36:03.539719+00	1	f
756	21	2026-06-08	2	9f3fb0f9-16f8-45e2-9c87-f2defd253c2f	2026-06-08 21:36:06.172018+00	\N	9f3fb0f9-16f8-45e2-9c87-f2defd253c2f	2026-06-08 21:36:06.172018+00	\N	\N	2026-06-08 21:36:06.15995+00	2026-06-08 21:36:06.172018+00	1	f
177	1	2026-03-03	2	b7705804-33b5-41e5-bdfb-58763d87e2f0	2026-03-08 00:34:35.285934+00	\N	b7705804-33b5-41e5-bdfb-58763d87e2f0	2026-03-08 00:34:35.285934+00	\N	\N	2026-03-08 00:34:35.256445+00	2026-03-08 00:34:35.285934+00	1	f
179	8	2026-03-03	2	b7705804-33b5-41e5-bdfb-58763d87e2f0	2026-03-08 00:34:36.322085+00	\N	b7705804-33b5-41e5-bdfb-58763d87e2f0	2026-03-08 00:34:36.322085+00	\N	\N	2026-03-08 00:34:36.312929+00	2026-03-08 00:34:36.322085+00	1	f
183	10	2026-03-03	2	b7705804-33b5-41e5-bdfb-58763d87e2f0	2026-03-08 00:34:39.377864+00	\N	b7705804-33b5-41e5-bdfb-58763d87e2f0	2026-03-08 00:34:39.377864+00	\N	\N	2026-03-08 00:34:39.363222+00	2026-03-08 00:34:39.377864+00	1	f
187	20	2026-03-03	2	b7705804-33b5-41e5-bdfb-58763d87e2f0	2026-03-08 00:34:54.634591+00	\N	b7705804-33b5-41e5-bdfb-58763d87e2f0	2026-03-08 00:34:54.634591+00	\N	\N	2026-03-08 00:34:54.623795+00	2026-03-08 00:34:54.634591+00	1	f
190	1	2026-03-04	2	b7705804-33b5-41e5-bdfb-58763d87e2f0	2026-03-08 00:35:00.68337+00	\N	b7705804-33b5-41e5-bdfb-58763d87e2f0	2026-03-08 00:35:00.68337+00	\N	\N	2026-03-08 00:35:00.672488+00	2026-03-08 00:35:00.68337+00	1	f
192	8	2026-03-04	2	b7705804-33b5-41e5-bdfb-58763d87e2f0	2026-03-08 00:35:01.629394+00	\N	b7705804-33b5-41e5-bdfb-58763d87e2f0	2026-03-08 00:35:01.629394+00	\N	\N	2026-03-08 00:35:01.618829+00	2026-03-08 00:35:01.629394+00	1	f
197	9	2026-03-04	2	b7705804-33b5-41e5-bdfb-58763d87e2f0	2026-03-08 00:35:06.742027+00	\N	b7705804-33b5-41e5-bdfb-58763d87e2f0	2026-03-08 00:35:06.742027+00	\N	\N	2026-03-08 00:35:06.732037+00	2026-03-08 00:35:06.742027+00	1	f
200	20	2026-03-04	2	b7705804-33b5-41e5-bdfb-58763d87e2f0	2026-03-08 00:35:09.053485+00	\N	b7705804-33b5-41e5-bdfb-58763d87e2f0	2026-03-08 00:35:09.053485+00	\N	\N	2026-03-08 00:35:09.043425+00	2026-03-08 00:35:09.053485+00	1	f
208	10	2026-03-05	2	b7705804-33b5-41e5-bdfb-58763d87e2f0	2026-03-08 00:35:15.225591+00	\N	b7705804-33b5-41e5-bdfb-58763d87e2f0	2026-03-08 00:35:15.225591+00	\N	\N	2026-03-08 00:35:15.215616+00	2026-03-08 00:35:15.22559+00	1	f
209	9	2026-03-05	2	b7705804-33b5-41e5-bdfb-58763d87e2f0	2026-03-08 00:35:15.749731+00	\N	b7705804-33b5-41e5-bdfb-58763d87e2f0	2026-03-08 00:35:15.749731+00	\N	\N	2026-03-08 00:35:15.739743+00	2026-03-08 00:35:15.749731+00	1	f
212	20	2026-03-05	2	b7705804-33b5-41e5-bdfb-58763d87e2f0	2026-03-08 00:35:18.374801+00	\N	b7705804-33b5-41e5-bdfb-58763d87e2f0	2026-03-08 00:35:18.374801+00	\N	\N	2026-03-08 00:35:18.362904+00	2026-03-08 00:35:18.374801+00	1	f
216	1	2026-03-06	2	b7705804-33b5-41e5-bdfb-58763d87e2f0	2026-03-08 00:35:34.34123+00	\N	b7705804-33b5-41e5-bdfb-58763d87e2f0	2026-03-08 00:35:34.34123+00	\N	\N	2026-03-08 00:35:34.331515+00	2026-03-08 00:35:34.34123+00	1	f
217	7	2026-03-06	2	b7705804-33b5-41e5-bdfb-58763d87e2f0	2026-03-08 00:35:34.826588+00	\N	b7705804-33b5-41e5-bdfb-58763d87e2f0	2026-03-08 00:35:34.826588+00	\N	\N	2026-03-08 00:35:34.817398+00	2026-03-08 00:35:34.826588+00	1	f
221	5	2026-03-06	2	b7705804-33b5-41e5-bdfb-58763d87e2f0	2026-03-08 00:35:36.933731+00	\N	b7705804-33b5-41e5-bdfb-58763d87e2f0	2026-03-08 00:35:36.933731+00	\N	\N	2026-03-08 00:35:36.923093+00	2026-03-08 00:35:36.933731+00	1	f
223	9	2026-03-06	2	b7705804-33b5-41e5-bdfb-58763d87e2f0	2026-03-08 00:35:38.057281+00	\N	b7705804-33b5-41e5-bdfb-58763d87e2f0	2026-03-08 00:35:38.057281+00	\N	\N	2026-03-08 00:35:38.047064+00	2026-03-08 00:35:38.057281+00	1	f
757	6	2026-06-08	2	9f3fb0f9-16f8-45e2-9c87-f2defd253c2f	2026-06-09 04:35:14.323218+00	\N	9f3fb0f9-16f8-45e2-9c87-f2defd253c2f	2026-06-09 04:35:14.323218+00	\N	\N	2026-06-09 04:35:14.288328+00	2026-06-09 04:35:14.323218+00	1	f
225	20	2026-03-06	2	b7705804-33b5-41e5-bdfb-58763d87e2f0	2026-03-08 00:35:39.142278+00	\N	b7705804-33b5-41e5-bdfb-58763d87e2f0	2026-03-08 00:35:39.142278+00	\N	\N	2026-03-08 00:35:39.131827+00	2026-03-08 00:35:39.142278+00	1	f
758	19	2026-06-08	2	9f3fb0f9-16f8-45e2-9c87-f2defd253c2f	2026-06-09 04:35:16.100054+00	\N	9f3fb0f9-16f8-45e2-9c87-f2defd253c2f	2026-06-09 04:35:16.100054+00	\N	\N	2026-06-09 04:35:16.08813+00	2026-06-09 04:35:16.100054+00	1	f
759	20	2026-06-08	2	9f3fb0f9-16f8-45e2-9c87-f2defd253c2f	2026-06-09 04:35:16.6207+00	\N	9f3fb0f9-16f8-45e2-9c87-f2defd253c2f	2026-06-09 04:35:16.6207+00	\N	\N	2026-06-09 04:35:16.607015+00	2026-06-09 04:35:16.6207+00	1	f
760	12	2026-06-08	2	9f3fb0f9-16f8-45e2-9c87-f2defd253c2f	2026-06-09 04:35:17.116196+00	\N	9f3fb0f9-16f8-45e2-9c87-f2defd253c2f	2026-06-09 04:35:17.116196+00	\N	\N	2026-06-09 04:35:17.103869+00	2026-06-09 04:35:17.116195+00	1	f
226	19	2026-03-06	2	b7705804-33b5-41e5-bdfb-58763d87e2f0	2026-03-08 00:35:39.638813+00	\N	b7705804-33b5-41e5-bdfb-58763d87e2f0	2026-03-08 00:35:39.638813+00	\N	\N	2026-03-08 00:35:39.63064+00	2026-03-08 00:35:39.638813+00	1	f
761	9	2026-06-08	2	9f3fb0f9-16f8-45e2-9c87-f2defd253c2f	2026-06-09 04:35:18.374617+00	\N	9f3fb0f9-16f8-45e2-9c87-f2defd253c2f	2026-06-09 04:35:18.374617+00	\N	\N	2026-06-09 04:35:18.362125+00	2026-06-09 04:35:18.374617+00	1	f
235	4	2026-03-07	2	b7705804-33b5-41e5-bdfb-58763d87e2f0	2026-03-08 00:35:59.219549+00	\N	b7705804-33b5-41e5-bdfb-58763d87e2f0	2026-03-08 00:35:59.219549+00	\N	\N	2026-03-08 00:35:59.208916+00	2026-03-08 00:35:59.219549+00	1	f
178	7	2026-03-03	2	b7705804-33b5-41e5-bdfb-58763d87e2f0	2026-03-08 00:34:35.750488+00	\N	b7705804-33b5-41e5-bdfb-58763d87e2f0	2026-03-08 00:34:35.750488+00	\N	\N	2026-03-08 00:34:35.7395+00	2026-03-08 00:34:35.750488+00	1	f
180	2	2026-03-03	2	b7705804-33b5-41e5-bdfb-58763d87e2f0	2026-03-08 00:34:36.850371+00	\N	b7705804-33b5-41e5-bdfb-58763d87e2f0	2026-03-08 00:34:36.850371+00	\N	\N	2026-03-08 00:34:36.839849+00	2026-03-08 00:34:36.85037+00	1	f
181	4	2026-03-03	2	b7705804-33b5-41e5-bdfb-58763d87e2f0	2026-03-08 00:34:37.400755+00	\N	b7705804-33b5-41e5-bdfb-58763d87e2f0	2026-03-08 00:34:37.400755+00	\N	\N	2026-03-08 00:34:37.391402+00	2026-03-08 00:34:37.400755+00	1	f
184	9	2026-03-03	2	b7705804-33b5-41e5-bdfb-58763d87e2f0	2026-03-08 00:34:40.04702+00	\N	b7705804-33b5-41e5-bdfb-58763d87e2f0	2026-03-08 00:34:40.04702+00	\N	\N	2026-03-08 00:34:40.03292+00	2026-03-08 00:34:40.04702+00	1	f
188	19	2026-03-03	2	b7705804-33b5-41e5-bdfb-58763d87e2f0	2026-03-08 00:34:55.261115+00	\N	b7705804-33b5-41e5-bdfb-58763d87e2f0	2026-03-08 00:34:55.261115+00	\N	\N	2026-03-08 00:34:55.250139+00	2026-03-08 00:34:55.261115+00	1	f
191	7	2026-03-04	2	b7705804-33b5-41e5-bdfb-58763d87e2f0	2026-03-08 00:35:01.143398+00	\N	b7705804-33b5-41e5-bdfb-58763d87e2f0	2026-03-08 00:35:01.143398+00	\N	\N	2026-03-08 00:35:01.134346+00	2026-03-08 00:35:01.143398+00	1	f
194	4	2026-03-04	0	b7705804-33b5-41e5-bdfb-58763d87e2f0	2026-03-08 00:35:03.026155+00	\N	b7705804-33b5-41e5-bdfb-58763d87e2f0	2026-03-08 00:35:03.026155+00	\N	\N	2026-03-08 00:35:03.01594+00	2026-03-08 00:35:04.234296+00	2	f
196	10	2026-03-04	2	b7705804-33b5-41e5-bdfb-58763d87e2f0	2026-03-08 00:35:05.943305+00	\N	b7705804-33b5-41e5-bdfb-58763d87e2f0	2026-03-08 00:35:05.943304+00	\N	\N	2026-03-08 00:35:05.933739+00	2026-03-08 00:35:05.943304+00	1	f
198	6	2026-03-04	2	b7705804-33b5-41e5-bdfb-58763d87e2f0	2026-03-08 00:35:07.175376+00	\N	b7705804-33b5-41e5-bdfb-58763d87e2f0	2026-03-08 00:35:07.175376+00	\N	\N	2026-03-08 00:35:07.165857+00	2026-03-08 00:35:07.175376+00	1	f
205	2	2026-03-05	2	b7705804-33b5-41e5-bdfb-58763d87e2f0	2026-03-08 00:35:13.779266+00	\N	b7705804-33b5-41e5-bdfb-58763d87e2f0	2026-03-08 00:35:13.779266+00	\N	\N	2026-03-08 00:35:13.768112+00	2026-03-08 00:35:13.779266+00	1	f
206	4	2026-03-05	2	b7705804-33b5-41e5-bdfb-58763d87e2f0	2026-03-08 00:35:14.215661+00	\N	b7705804-33b5-41e5-bdfb-58763d87e2f0	2026-03-08 00:35:14.215661+00	\N	\N	2026-03-08 00:35:14.205728+00	2026-03-08 00:35:14.21566+00	1	f
207	5	2026-03-05	2	b7705804-33b5-41e5-bdfb-58763d87e2f0	2026-03-08 00:35:14.707938+00	\N	b7705804-33b5-41e5-bdfb-58763d87e2f0	2026-03-08 00:35:14.707938+00	\N	\N	2026-03-08 00:35:14.697858+00	2026-03-08 00:35:14.707938+00	1	f
219	2	2026-03-06	2	b7705804-33b5-41e5-bdfb-58763d87e2f0	2026-03-08 00:35:35.714274+00	\N	b7705804-33b5-41e5-bdfb-58763d87e2f0	2026-03-08 00:35:35.714274+00	\N	\N	2026-03-08 00:35:35.704024+00	2026-03-08 00:35:35.714274+00	1	f
182	5	2026-03-03	2	b7705804-33b5-41e5-bdfb-58763d87e2f0	2026-03-08 00:34:38.746515+00	\N	b7705804-33b5-41e5-bdfb-58763d87e2f0	2026-03-08 00:34:38.746515+00	\N	\N	2026-03-08 00:34:38.733875+00	2026-03-08 00:34:38.746515+00	1	f
185	6	2026-03-03	2	b7705804-33b5-41e5-bdfb-58763d87e2f0	2026-03-08 00:34:42.419753+00	\N	b7705804-33b5-41e5-bdfb-58763d87e2f0	2026-03-08 00:34:42.419753+00	\N	\N	2026-03-08 00:34:42.408277+00	2026-03-08 00:34:42.419752+00	1	f
193	2	2026-03-04	2	b7705804-33b5-41e5-bdfb-58763d87e2f0	2026-03-08 00:35:02.361769+00	\N	b7705804-33b5-41e5-bdfb-58763d87e2f0	2026-03-08 00:35:02.361768+00	\N	\N	2026-03-08 00:35:02.351831+00	2026-03-08 00:35:02.361768+00	1	f
195	5	2026-03-04	2	b7705804-33b5-41e5-bdfb-58763d87e2f0	2026-03-08 00:35:05.056371+00	\N	b7705804-33b5-41e5-bdfb-58763d87e2f0	2026-03-08 00:35:05.056371+00	\N	\N	2026-03-08 00:35:05.04597+00	2026-03-08 00:35:05.05637+00	1	f
201	19	2026-03-04	2	b7705804-33b5-41e5-bdfb-58763d87e2f0	2026-03-08 00:35:09.488597+00	\N	b7705804-33b5-41e5-bdfb-58763d87e2f0	2026-03-08 00:35:09.488597+00	\N	\N	2026-03-08 00:35:09.478169+00	2026-03-08 00:35:09.488597+00	1	f
202	1	2026-03-05	2	b7705804-33b5-41e5-bdfb-58763d87e2f0	2026-03-08 00:35:12.48769+00	\N	b7705804-33b5-41e5-bdfb-58763d87e2f0	2026-03-08 00:35:12.48769+00	\N	\N	2026-03-08 00:35:12.476006+00	2026-03-08 00:35:12.487689+00	1	f
204	8	2026-03-05	2	b7705804-33b5-41e5-bdfb-58763d87e2f0	2026-03-08 00:35:13.335573+00	\N	b7705804-33b5-41e5-bdfb-58763d87e2f0	2026-03-08 00:35:13.335573+00	\N	\N	2026-03-08 00:35:13.325989+00	2026-03-08 00:35:13.335572+00	1	f
218	8	2026-03-06	2	b7705804-33b5-41e5-bdfb-58763d87e2f0	2026-03-08 00:35:35.268728+00	\N	b7705804-33b5-41e5-bdfb-58763d87e2f0	2026-03-08 00:35:35.268728+00	\N	\N	2026-03-08 00:35:35.258008+00	2026-03-08 00:35:35.268728+00	1	f
220	4	2026-03-06	2	b7705804-33b5-41e5-bdfb-58763d87e2f0	2026-03-08 00:35:36.330267+00	\N	b7705804-33b5-41e5-bdfb-58763d87e2f0	2026-03-08 00:35:36.330267+00	\N	\N	2026-03-08 00:35:36.319632+00	2026-03-08 00:35:36.330267+00	1	f
222	10	2026-03-06	2	b7705804-33b5-41e5-bdfb-58763d87e2f0	2026-03-08 00:35:37.370844+00	\N	b7705804-33b5-41e5-bdfb-58763d87e2f0	2026-03-08 00:35:37.370844+00	\N	\N	2026-03-08 00:35:37.359626+00	2026-03-08 00:35:37.370844+00	1	f
224	6	2026-03-06	2	b7705804-33b5-41e5-bdfb-58763d87e2f0	2026-03-08 00:35:38.474306+00	\N	b7705804-33b5-41e5-bdfb-58763d87e2f0	2026-03-08 00:35:38.474306+00	\N	\N	2026-03-08 00:35:38.464965+00	2026-03-08 00:35:38.474306+00	1	f
189	12	2026-03-03	2	b7705804-33b5-41e5-bdfb-58763d87e2f0	2026-03-08 00:34:57.586257+00	\N	b7705804-33b5-41e5-bdfb-58763d87e2f0	2026-03-08 00:34:57.586257+00	\N	\N	2026-03-08 00:34:57.57442+00	2026-03-08 00:34:57.586257+00	1	f
199	12	2026-03-04	2	b7705804-33b5-41e5-bdfb-58763d87e2f0	2026-03-08 00:35:08.186919+00	\N	b7705804-33b5-41e5-bdfb-58763d87e2f0	2026-03-08 00:35:08.186919+00	\N	\N	2026-03-08 00:35:08.17608+00	2026-03-08 00:35:08.186918+00	1	f
203	7	2026-03-05	2	b7705804-33b5-41e5-bdfb-58763d87e2f0	2026-03-08 00:35:12.940364+00	\N	b7705804-33b5-41e5-bdfb-58763d87e2f0	2026-03-08 00:35:12.940364+00	\N	\N	2026-03-08 00:35:12.9298+00	2026-03-08 00:35:12.940364+00	1	f
210	6	2026-03-05	2	b7705804-33b5-41e5-bdfb-58763d87e2f0	2026-03-08 00:35:16.222967+00	\N	b7705804-33b5-41e5-bdfb-58763d87e2f0	2026-03-08 00:35:16.222967+00	\N	\N	2026-03-08 00:35:16.212175+00	2026-03-08 00:35:16.222967+00	1	f
211	12	2026-03-05	2	b7705804-33b5-41e5-bdfb-58763d87e2f0	2026-03-08 00:35:16.855116+00	\N	b7705804-33b5-41e5-bdfb-58763d87e2f0	2026-03-08 00:35:16.855116+00	\N	\N	2026-03-08 00:35:16.843923+00	2026-03-08 00:35:16.855115+00	1	f
213	19	2026-03-05	2	b7705804-33b5-41e5-bdfb-58763d87e2f0	2026-03-08 00:35:18.930294+00	\N	b7705804-33b5-41e5-bdfb-58763d87e2f0	2026-03-08 00:35:18.930294+00	\N	\N	2026-03-08 00:35:18.920791+00	2026-03-08 00:35:18.930294+00	1	f
331	8	2026-03-18	2	b7705804-33b5-41e5-bdfb-58763d87e2f0	2026-03-18 18:10:55.972396+00	\N	b7705804-33b5-41e5-bdfb-58763d87e2f0	2026-03-18 18:10:55.972396+00	\N	\N	2026-03-18 18:10:55.954573+00	2026-03-18 18:10:55.972396+00	1	f
332	7	2026-03-18	2	b7705804-33b5-41e5-bdfb-58763d87e2f0	2026-03-18 18:10:57.238847+00	\N	b7705804-33b5-41e5-bdfb-58763d87e2f0	2026-03-18 18:10:57.238847+00	\N	\N	2026-03-18 18:10:57.227238+00	2026-03-18 18:10:57.238847+00	1	f
334	4	2026-03-18	2	b7705804-33b5-41e5-bdfb-58763d87e2f0	2026-03-18 18:11:03.037515+00	\N	b7705804-33b5-41e5-bdfb-58763d87e2f0	2026-03-18 18:11:03.037515+00	\N	\N	2026-03-18 18:11:03.026612+00	2026-03-18 18:11:03.037514+00	1	f
335	5	2026-03-18	2	b7705804-33b5-41e5-bdfb-58763d87e2f0	2026-03-18 18:11:03.724621+00	\N	b7705804-33b5-41e5-bdfb-58763d87e2f0	2026-03-18 18:11:03.724621+00	\N	\N	2026-03-18 18:11:03.714265+00	2026-03-18 18:11:03.724621+00	1	f
227	1	2026-03-07	2	b7705804-33b5-41e5-bdfb-58763d87e2f0	2026-03-08 00:35:44.888279+00	\N	b7705804-33b5-41e5-bdfb-58763d87e2f0	2026-03-08 00:35:44.888279+00	\N	\N	2026-03-08 00:35:44.876438+00	2026-03-08 00:35:44.888278+00	1	f
228	7	2026-03-07	2	b7705804-33b5-41e5-bdfb-58763d87e2f0	2026-03-08 00:35:45.548483+00	\N	b7705804-33b5-41e5-bdfb-58763d87e2f0	2026-03-08 00:35:45.548483+00	\N	\N	2026-03-08 00:35:45.538261+00	2026-03-08 00:35:45.548483+00	1	f
229	8	2026-03-07	2	b7705804-33b5-41e5-bdfb-58763d87e2f0	2026-03-08 00:35:46.779387+00	\N	b7705804-33b5-41e5-bdfb-58763d87e2f0	2026-03-08 00:35:46.779387+00	\N	\N	2026-03-08 00:35:46.769179+00	2026-03-08 00:35:46.779387+00	1	f
762	7	2026-06-09	2	9f3fb0f9-16f8-45e2-9c87-f2defd253c2f	2026-06-09 22:48:31.056488+00	\N	9f3fb0f9-16f8-45e2-9c87-f2defd253c2f	2026-06-09 22:48:31.056487+00	\N	\N	2026-06-09 22:48:31.022799+00	2026-06-09 22:48:31.056487+00	1	f
230	20	2026-03-07	2	b7705804-33b5-41e5-bdfb-58763d87e2f0	2026-03-08 00:35:48.578481+00	\N	b7705804-33b5-41e5-bdfb-58763d87e2f0	2026-03-08 00:35:48.578481+00	\N	\N	2026-03-08 00:35:48.56442+00	2026-03-08 00:35:48.578481+00	1	f
763	8	2026-06-09	2	9f3fb0f9-16f8-45e2-9c87-f2defd253c2f	2026-06-09 22:48:32.012805+00	\N	9f3fb0f9-16f8-45e2-9c87-f2defd253c2f	2026-06-09 22:48:32.012805+00	\N	\N	2026-06-09 22:48:31.998049+00	2026-06-09 22:48:32.012805+00	1	f
233	11	2026-03-07	2	b7705804-33b5-41e5-bdfb-58763d87e2f0	2026-03-08 00:35:56.641483+00	\N	b7705804-33b5-41e5-bdfb-58763d87e2f0	2026-03-08 00:35:56.641483+00	\N	\N	2026-03-08 00:35:56.630466+00	2026-03-08 00:35:56.641482+00	1	f
764	5	2026-06-09	2	9f3fb0f9-16f8-45e2-9c87-f2defd253c2f	2026-06-09 22:48:38.793246+00	\N	9f3fb0f9-16f8-45e2-9c87-f2defd253c2f	2026-06-09 22:48:38.793245+00	\N	\N	2026-06-09 22:48:38.780817+00	2026-06-09 22:48:38.793245+00	1	f
765	1	2026-06-09	2	9f3fb0f9-16f8-45e2-9c87-f2defd253c2f	2026-06-09 22:48:40.987989+00	\N	9f3fb0f9-16f8-45e2-9c87-f2defd253c2f	2026-06-09 22:48:40.987989+00	\N	\N	2026-06-09 22:48:40.971721+00	2026-06-09 22:48:40.987989+00	1	f
322	9	2026-03-16	2	b7705804-33b5-41e5-bdfb-58763d87e2f0	2026-03-18 00:44:20.10956+00	\N	b7705804-33b5-41e5-bdfb-58763d87e2f0	2026-03-18 00:44:20.10956+00	\N	\N	2026-03-18 00:44:20.074846+00	2026-03-18 00:44:20.10956+00	1	f
766	2	2026-06-09	2	9f3fb0f9-16f8-45e2-9c87-f2defd253c2f	2026-06-09 22:48:42.859435+00	\N	9f3fb0f9-16f8-45e2-9c87-f2defd253c2f	2026-06-09 22:48:42.859435+00	\N	\N	2026-06-09 22:48:42.846499+00	2026-06-09 22:48:42.859435+00	1	f
767	4	2026-06-09	2	9f3fb0f9-16f8-45e2-9c87-f2defd253c2f	2026-06-09 22:48:43.741264+00	\N	9f3fb0f9-16f8-45e2-9c87-f2defd253c2f	2026-06-09 22:48:43.741264+00	\N	\N	2026-06-09 22:48:43.729829+00	2026-06-09 22:48:43.741264+00	1	f
325	20	2026-03-16	2	b7705804-33b5-41e5-bdfb-58763d87e2f0	2026-03-18 00:44:50.800795+00	\N	b7705804-33b5-41e5-bdfb-58763d87e2f0	2026-03-18 00:44:50.800795+00	\N	\N	2026-03-18 00:44:50.789026+00	2026-03-18 00:44:50.800795+00	1	f
768	22	2026-06-09	2	9f3fb0f9-16f8-45e2-9c87-f2defd253c2f	2026-06-09 22:48:47.58812+00	\N	9f3fb0f9-16f8-45e2-9c87-f2defd253c2f	2026-06-09 22:48:47.58812+00	\N	\N	2026-06-09 22:48:47.573187+00	2026-06-09 22:48:47.58812+00	1	f
769	11	2026-06-09	2	9f3fb0f9-16f8-45e2-9c87-f2defd253c2f	2026-06-09 22:48:48.115909+00	\N	9f3fb0f9-16f8-45e2-9c87-f2defd253c2f	2026-06-09 22:48:48.115908+00	\N	\N	2026-06-09 22:48:48.104536+00	2026-06-09 22:48:48.115908+00	1	f
770	21	2026-06-09	2	9f3fb0f9-16f8-45e2-9c87-f2defd253c2f	2026-06-09 22:48:48.580588+00	\N	9f3fb0f9-16f8-45e2-9c87-f2defd253c2f	2026-06-09 22:48:48.580588+00	\N	\N	2026-06-09 22:48:48.569537+00	2026-06-09 22:48:48.580588+00	1	f
771	9	2026-06-09	2	9f3fb0f9-16f8-45e2-9c87-f2defd253c2f	2026-06-09 22:48:52.360983+00	\N	9f3fb0f9-16f8-45e2-9c87-f2defd253c2f	2026-06-09 22:48:52.360982+00	\N	\N	2026-06-09 22:48:52.348139+00	2026-06-09 22:48:52.360982+00	1	f
772	6	2026-06-09	2	9f3fb0f9-16f8-45e2-9c87-f2defd253c2f	2026-06-09 22:48:53.439514+00	\N	9f3fb0f9-16f8-45e2-9c87-f2defd253c2f	2026-06-09 22:48:53.439514+00	\N	\N	2026-06-09 22:48:53.426884+00	2026-06-09 22:48:53.439513+00	1	f
773	12	2026-06-09	2	9f3fb0f9-16f8-45e2-9c87-f2defd253c2f	2026-06-09 22:48:54.972023+00	\N	9f3fb0f9-16f8-45e2-9c87-f2defd253c2f	2026-06-09 22:48:54.972023+00	\N	\N	2026-06-09 22:48:54.95865+00	2026-06-09 22:48:54.972023+00	1	f
774	20	2026-06-09	2	9f3fb0f9-16f8-45e2-9c87-f2defd253c2f	2026-06-09 22:48:57.271081+00	\N	9f3fb0f9-16f8-45e2-9c87-f2defd253c2f	2026-06-09 22:48:57.271081+00	\N	\N	2026-06-09 22:48:57.258656+00	2026-06-09 22:48:57.271081+00	1	f
326	19	2026-03-16	2	b7705804-33b5-41e5-bdfb-58763d87e2f0	2026-03-18 00:44:51.462331+00	\N	b7705804-33b5-41e5-bdfb-58763d87e2f0	2026-03-18 00:44:51.462331+00	\N	\N	2026-03-18 00:44:51.451744+00	2026-03-18 00:44:51.462331+00	1	f
775	19	2026-06-09	2	9f3fb0f9-16f8-45e2-9c87-f2defd253c2f	2026-06-09 22:48:58.971522+00	\N	9f3fb0f9-16f8-45e2-9c87-f2defd253c2f	2026-06-09 22:48:58.971522+00	\N	\N	2026-06-09 22:48:58.958712+00	2026-06-09 22:48:58.971522+00	1	f
231	19	2026-03-07	0	b7705804-33b5-41e5-bdfb-58763d87e2f0	2026-03-08 00:35:49.718976+00	\N	b7705804-33b5-41e5-bdfb-58763d87e2f0	2026-03-08 00:35:49.718976+00	\N	\N	2026-03-08 00:35:49.708269+00	2026-03-08 00:35:50.789407+00	2	f
234	5	2026-03-07	2	b7705804-33b5-41e5-bdfb-58763d87e2f0	2026-03-08 00:35:57.558603+00	\N	b7705804-33b5-41e5-bdfb-58763d87e2f0	2026-03-08 00:35:57.558603+00	\N	\N	2026-03-08 00:35:57.548265+00	2026-03-08 00:35:57.558603+00	1	f
261	10	2026-03-09	2	b7705804-33b5-41e5-bdfb-58763d87e2f0	2026-03-10 02:29:14.822115+00	\N	b7705804-33b5-41e5-bdfb-58763d87e2f0	2026-03-10 02:29:14.822115+00	\N	\N	2026-03-10 02:29:14.812023+00	2026-03-10 02:29:14.822115+00	1	f
232	6	2026-03-07	2	b7705804-33b5-41e5-bdfb-58763d87e2f0	2026-03-08 00:35:52.006398+00	\N	b7705804-33b5-41e5-bdfb-58763d87e2f0	2026-03-08 00:35:52.006398+00	\N	\N	2026-03-08 00:35:51.995223+00	2026-03-08 00:35:52.006398+00	1	f
236	2	2026-03-07	2	b7705804-33b5-41e5-bdfb-58763d87e2f0	2026-03-08 00:35:59.628021+00	\N	b7705804-33b5-41e5-bdfb-58763d87e2f0	2026-03-08 00:35:59.628021+00	\N	\N	2026-03-08 00:35:59.618253+00	2026-03-08 00:35:59.628021+00	1	f
330	1	2026-03-18	2	b7705804-33b5-41e5-bdfb-58763d87e2f0	2026-03-18 18:10:54.709359+00	\N	b7705804-33b5-41e5-bdfb-58763d87e2f0	2026-03-18 18:10:54.709359+00	\N	\N	2026-03-18 18:10:54.676824+00	2026-03-18 18:10:54.709359+00	1	f
333	2	2026-03-18	2	b7705804-33b5-41e5-bdfb-58763d87e2f0	2026-03-18 18:11:01.45118+00	\N	b7705804-33b5-41e5-bdfb-58763d87e2f0	2026-03-18 18:11:01.45118+00	\N	\N	2026-03-18 18:11:01.439096+00	2026-03-18 18:11:01.451179+00	1	f
336	10	2026-03-18	2	b7705804-33b5-41e5-bdfb-58763d87e2f0	2026-03-18 18:11:07.107207+00	\N	b7705804-33b5-41e5-bdfb-58763d87e2f0	2026-03-18 18:11:07.107207+00	\N	\N	2026-03-18 18:11:07.095272+00	2026-03-18 18:11:07.107207+00	1	f
337	9	2026-03-18	2	b7705804-33b5-41e5-bdfb-58763d87e2f0	2026-03-18 18:11:07.671186+00	\N	b7705804-33b5-41e5-bdfb-58763d87e2f0	2026-03-18 18:11:07.671186+00	\N	\N	2026-03-18 18:11:07.662687+00	2026-03-18 18:11:07.671186+00	1	f
338	6	2026-03-18	2	b7705804-33b5-41e5-bdfb-58763d87e2f0	2026-03-18 18:11:09.255747+00	\N	b7705804-33b5-41e5-bdfb-58763d87e2f0	2026-03-18 18:11:09.255747+00	\N	\N	2026-03-18 18:11:09.245416+00	2026-03-18 18:11:09.255747+00	1	f
339	12	2026-03-18	2	b7705804-33b5-41e5-bdfb-58763d87e2f0	2026-03-18 18:11:09.964815+00	\N	b7705804-33b5-41e5-bdfb-58763d87e2f0	2026-03-18 18:11:09.964815+00	\N	\N	2026-03-18 18:11:09.954574+00	2026-03-18 18:11:09.964815+00	1	f
388	1	2026-03-24	2	b7705804-33b5-41e5-bdfb-58763d87e2f0	2026-03-28 17:16:23.437166+00	\N	b7705804-33b5-41e5-bdfb-58763d87e2f0	2026-03-28 17:16:23.436957+00	\N	\N	2026-03-28 17:16:23.143655+00	2026-03-28 17:16:23.436535+00	1	f
389	7	2026-03-24	2	b7705804-33b5-41e5-bdfb-58763d87e2f0	2026-03-28 17:16:24.206277+00	\N	b7705804-33b5-41e5-bdfb-58763d87e2f0	2026-03-28 17:16:24.206276+00	\N	\N	2026-03-28 17:16:24.1914+00	2026-03-28 17:16:24.206275+00	1	f
390	1	2026-03-23	2	b7705804-33b5-41e5-bdfb-58763d87e2f0	2026-03-28 17:16:35.004996+00	\N	b7705804-33b5-41e5-bdfb-58763d87e2f0	2026-03-28 17:16:35.004995+00	\N	\N	2026-03-28 17:16:34.990136+00	2026-03-28 17:16:35.004993+00	1	f
392	8	2026-03-23	2	b7705804-33b5-41e5-bdfb-58763d87e2f0	2026-03-28 17:16:36.178523+00	\N	b7705804-33b5-41e5-bdfb-58763d87e2f0	2026-03-28 17:16:36.178522+00	\N	\N	2026-03-28 17:16:36.167043+00	2026-03-28 17:16:36.17852+00	1	f
393	2	2026-03-23	2	b7705804-33b5-41e5-bdfb-58763d87e2f0	2026-03-28 17:16:37.317669+00	\N	b7705804-33b5-41e5-bdfb-58763d87e2f0	2026-03-28 17:16:37.317668+00	\N	\N	2026-03-28 17:16:37.30652+00	2026-03-28 17:16:37.317666+00	1	f
395	5	2026-03-23	2	b7705804-33b5-41e5-bdfb-58763d87e2f0	2026-03-28 17:16:39.577682+00	\N	b7705804-33b5-41e5-bdfb-58763d87e2f0	2026-03-28 17:16:39.577681+00	\N	\N	2026-03-28 17:16:39.56773+00	2026-03-28 17:16:39.577679+00	1	f
396	10	2026-03-23	2	b7705804-33b5-41e5-bdfb-58763d87e2f0	2026-03-28 17:16:40.079734+00	\N	b7705804-33b5-41e5-bdfb-58763d87e2f0	2026-03-28 17:16:40.079734+00	\N	\N	2026-03-28 17:16:40.069086+00	2026-03-28 17:16:40.079733+00	1	f
398	6	2026-03-23	2	b7705804-33b5-41e5-bdfb-58763d87e2f0	2026-03-28 17:16:43.527611+00	\N	b7705804-33b5-41e5-bdfb-58763d87e2f0	2026-03-28 17:16:43.527611+00	\N	\N	2026-03-28 17:16:43.515796+00	2026-03-28 17:16:43.52761+00	1	f
399	12	2026-03-23	2	b7705804-33b5-41e5-bdfb-58763d87e2f0	2026-03-28 17:16:45.754733+00	\N	b7705804-33b5-41e5-bdfb-58763d87e2f0	2026-03-28 17:16:45.754733+00	\N	\N	2026-03-28 17:16:45.742056+00	2026-03-28 17:16:45.754733+00	1	f
400	20	2026-03-23	2	b7705804-33b5-41e5-bdfb-58763d87e2f0	2026-03-28 17:16:47.408171+00	\N	b7705804-33b5-41e5-bdfb-58763d87e2f0	2026-03-28 17:16:47.408171+00	\N	\N	2026-03-28 17:16:47.395945+00	2026-03-28 17:16:47.408171+00	1	f
402	8	2026-03-24	2	b7705804-33b5-41e5-bdfb-58763d87e2f0	2026-03-28 17:16:52.638936+00	\N	b7705804-33b5-41e5-bdfb-58763d87e2f0	2026-03-28 17:16:52.638935+00	\N	\N	2026-03-28 17:16:52.624766+00	2026-03-28 17:16:52.638935+00	1	f
404	4	2026-03-24	2	b7705804-33b5-41e5-bdfb-58763d87e2f0	2026-03-28 17:16:53.494828+00	\N	b7705804-33b5-41e5-bdfb-58763d87e2f0	2026-03-28 17:16:53.494828+00	\N	\N	2026-03-28 17:16:53.484201+00	2026-03-28 17:16:53.494828+00	1	f
410	20	2026-03-24	2	b7705804-33b5-41e5-bdfb-58763d87e2f0	2026-03-28 17:16:57.16114+00	\N	b7705804-33b5-41e5-bdfb-58763d87e2f0	2026-03-28 17:16:57.16114+00	\N	\N	2026-03-28 17:16:57.147916+00	2026-03-28 17:16:57.161139+00	1	f
418	10	2026-03-25	2	b7705804-33b5-41e5-bdfb-58763d87e2f0	2026-03-28 17:17:10.280441+00	\N	b7705804-33b5-41e5-bdfb-58763d87e2f0	2026-03-28 17:17:10.280441+00	\N	\N	2026-03-28 17:17:10.26782+00	2026-03-28 17:17:10.280441+00	1	f
427	2	2026-03-26	2	b7705804-33b5-41e5-bdfb-58763d87e2f0	2026-03-28 17:17:16.80187+00	\N	b7705804-33b5-41e5-bdfb-58763d87e2f0	2026-03-28 17:17:16.80187+00	\N	\N	2026-03-28 17:17:16.791904+00	2026-03-28 17:17:16.80187+00	1	f
428	4	2026-03-26	2	b7705804-33b5-41e5-bdfb-58763d87e2f0	2026-03-28 17:17:17.300183+00	\N	b7705804-33b5-41e5-bdfb-58763d87e2f0	2026-03-28 17:17:17.300183+00	\N	\N	2026-03-28 17:17:17.290465+00	2026-03-28 17:17:17.300182+00	1	f
429	5	2026-03-26	2	b7705804-33b5-41e5-bdfb-58763d87e2f0	2026-03-28 17:17:17.808513+00	\N	b7705804-33b5-41e5-bdfb-58763d87e2f0	2026-03-28 17:17:17.808513+00	\N	\N	2026-03-28 17:17:17.798676+00	2026-03-28 17:17:17.808513+00	1	f
776	7	2026-06-10	2	9f3fb0f9-16f8-45e2-9c87-f2defd253c2f	2026-06-10 23:38:41.753343+00	\N	9f3fb0f9-16f8-45e2-9c87-f2defd253c2f	2026-06-10 23:38:41.753343+00	\N	\N	2026-06-10 23:38:41.717492+00	2026-06-10 23:38:41.753342+00	1	f
430	10	2026-03-26	2	b7705804-33b5-41e5-bdfb-58763d87e2f0	2026-03-28 17:17:18.662367+00	\N	b7705804-33b5-41e5-bdfb-58763d87e2f0	2026-03-28 17:17:18.662367+00	\N	\N	2026-03-28 17:17:18.651862+00	2026-03-28 17:17:18.662367+00	1	f
777	8	2026-06-10	2	9f3fb0f9-16f8-45e2-9c87-f2defd253c2f	2026-06-10 23:38:42.524279+00	\N	9f3fb0f9-16f8-45e2-9c87-f2defd253c2f	2026-06-10 23:38:42.524278+00	\N	\N	2026-06-10 23:38:42.512277+00	2026-06-10 23:38:42.524278+00	1	f
434	20	2026-03-26	2	b7705804-33b5-41e5-bdfb-58763d87e2f0	2026-03-28 17:17:21.842607+00	\N	b7705804-33b5-41e5-bdfb-58763d87e2f0	2026-03-28 17:17:21.842607+00	\N	\N	2026-03-28 17:17:21.832375+00	2026-03-28 17:17:21.842607+00	1	f
779	5	2026-06-10	2	9f3fb0f9-16f8-45e2-9c87-f2defd253c2f	2026-06-10 23:38:45.781177+00	\N	9f3fb0f9-16f8-45e2-9c87-f2defd253c2f	2026-06-10 23:38:45.781177+00	\N	\N	2026-06-10 23:38:45.768329+00	2026-06-10 23:38:45.781176+00	1	f
780	1	2026-06-10	2	9f3fb0f9-16f8-45e2-9c87-f2defd253c2f	2026-06-10 23:38:47.221579+00	\N	9f3fb0f9-16f8-45e2-9c87-f2defd253c2f	2026-06-10 23:38:47.221579+00	\N	\N	2026-06-10 23:38:47.205959+00	2026-06-10 23:38:47.221579+00	1	f
435	19	2026-03-26	2	b7705804-33b5-41e5-bdfb-58763d87e2f0	2026-03-28 17:17:22.283427+00	\N	b7705804-33b5-41e5-bdfb-58763d87e2f0	2026-03-28 17:17:22.283427+00	\N	\N	2026-03-28 17:17:22.272249+00	2026-03-28 17:17:22.283427+00	1	f
781	2	2026-06-10	2	9f3fb0f9-16f8-45e2-9c87-f2defd253c2f	2026-06-10 23:38:47.562063+00	\N	9f3fb0f9-16f8-45e2-9c87-f2defd253c2f	2026-06-10 23:38:47.562063+00	\N	\N	2026-06-10 23:38:47.550484+00	2026-06-10 23:38:47.562063+00	1	f
782	4	2026-06-10	2	9f3fb0f9-16f8-45e2-9c87-f2defd253c2f	2026-06-10 23:38:49.585934+00	\N	9f3fb0f9-16f8-45e2-9c87-f2defd253c2f	2026-06-10 23:38:49.585934+00	\N	\N	2026-06-10 23:38:49.576183+00	2026-06-10 23:38:49.585934+00	1	f
438	8	2026-03-27	2	b7705804-33b5-41e5-bdfb-58763d87e2f0	2026-03-28 17:17:26.511124+00	\N	b7705804-33b5-41e5-bdfb-58763d87e2f0	2026-03-28 17:17:26.511124+00	\N	\N	2026-03-28 17:17:26.499534+00	2026-03-28 17:17:26.511124+00	1	f
783	22	2026-06-10	2	9f3fb0f9-16f8-45e2-9c87-f2defd253c2f	2026-06-10 23:38:51.352454+00	\N	9f3fb0f9-16f8-45e2-9c87-f2defd253c2f	2026-06-10 23:38:51.352454+00	\N	\N	2026-06-10 23:38:51.339378+00	2026-06-10 23:38:51.352453+00	1	f
784	11	2026-06-10	2	9f3fb0f9-16f8-45e2-9c87-f2defd253c2f	2026-06-10 23:38:53.076571+00	\N	9f3fb0f9-16f8-45e2-9c87-f2defd253c2f	2026-06-10 23:38:53.07657+00	\N	\N	2026-06-10 23:38:53.065538+00	2026-06-10 23:38:53.07657+00	1	f
446	19	2026-03-27	2	b7705804-33b5-41e5-bdfb-58763d87e2f0	2026-03-28 17:17:32.03993+00	\N	b7705804-33b5-41e5-bdfb-58763d87e2f0	2026-03-28 17:17:32.03993+00	\N	\N	2026-03-28 17:17:32.028384+00	2026-03-28 17:17:32.03993+00	1	f
785	21	2026-06-10	2	9f3fb0f9-16f8-45e2-9c87-f2defd253c2f	2026-06-10 23:38:56.469289+00	\N	9f3fb0f9-16f8-45e2-9c87-f2defd253c2f	2026-06-10 23:38:56.469289+00	\N	\N	2026-06-10 23:38:56.456225+00	2026-06-10 23:38:56.469288+00	1	f
391	7	2026-03-23	2	b7705804-33b5-41e5-bdfb-58763d87e2f0	2026-03-28 17:16:35.494312+00	\N	b7705804-33b5-41e5-bdfb-58763d87e2f0	2026-03-28 17:16:35.494312+00	\N	\N	2026-03-28 17:16:35.481133+00	2026-03-28 17:16:35.494311+00	1	f
786	9	2026-06-10	2	9f3fb0f9-16f8-45e2-9c87-f2defd253c2f	2026-06-10 23:40:03.189495+00	\N	9f3fb0f9-16f8-45e2-9c87-f2defd253c2f	2026-06-10 23:40:03.189495+00	\N	\N	2026-06-10 23:40:03.178573+00	2026-06-10 23:40:03.189494+00	1	f
394	4	2026-03-23	2	b7705804-33b5-41e5-bdfb-58763d87e2f0	2026-03-28 17:16:38.891088+00	\N	b7705804-33b5-41e5-bdfb-58763d87e2f0	2026-03-28 17:16:38.891087+00	\N	\N	2026-03-28 17:16:38.879031+00	2026-03-28 17:16:38.891085+00	1	f
787	6	2026-06-10	2	9f3fb0f9-16f8-45e2-9c87-f2defd253c2f	2026-06-10 23:40:03.540122+00	\N	9f3fb0f9-16f8-45e2-9c87-f2defd253c2f	2026-06-10 23:40:03.540122+00	\N	\N	2026-06-10 23:40:03.528522+00	2026-06-10 23:40:03.540121+00	1	f
788	12	2026-06-10	2	9f3fb0f9-16f8-45e2-9c87-f2defd253c2f	2026-06-10 23:40:05.20282+00	\N	9f3fb0f9-16f8-45e2-9c87-f2defd253c2f	2026-06-10 23:40:05.20282+00	\N	\N	2026-06-10 23:40:05.192249+00	2026-06-10 23:40:05.20282+00	1	f
397	9	2026-03-23	0	b7705804-33b5-41e5-bdfb-58763d87e2f0	2026-03-28 17:16:41.005911+00	\N	b7705804-33b5-41e5-bdfb-58763d87e2f0	2026-03-28 17:16:41.00591+00	\N	\N	2026-03-28 17:16:40.987429+00	2026-03-28 17:16:42.42381+00	2	f
789	20	2026-06-10	2	9f3fb0f9-16f8-45e2-9c87-f2defd253c2f	2026-06-10 23:40:07.002348+00	\N	9f3fb0f9-16f8-45e2-9c87-f2defd253c2f	2026-06-10 23:40:07.002348+00	\N	\N	2026-06-10 23:40:06.990576+00	2026-06-10 23:40:07.002348+00	1	f
790	19	2026-06-10	2	9f3fb0f9-16f8-45e2-9c87-f2defd253c2f	2026-06-10 23:40:07.585029+00	\N	9f3fb0f9-16f8-45e2-9c87-f2defd253c2f	2026-06-10 23:40:07.585029+00	\N	\N	2026-06-10 23:40:07.574168+00	2026-06-10 23:40:07.585029+00	1	f
401	19	2026-03-23	2	b7705804-33b5-41e5-bdfb-58763d87e2f0	2026-03-28 17:16:47.819668+00	\N	b7705804-33b5-41e5-bdfb-58763d87e2f0	2026-03-28 17:16:47.819668+00	\N	\N	2026-03-28 17:16:47.806935+00	2026-03-28 17:16:47.819667+00	1	f
791	25	2026-06-10	2	9f3fb0f9-16f8-45e2-9c87-f2defd253c2f	2026-06-10 23:40:07.913485+00	\N	9f3fb0f9-16f8-45e2-9c87-f2defd253c2f	2026-06-10 23:40:07.913485+00	\N	\N	2026-06-10 23:40:07.903911+00	2026-06-10 23:40:07.913484+00	1	f
403	2	2026-03-24	2	b7705804-33b5-41e5-bdfb-58763d87e2f0	2026-03-28 17:16:53.017578+00	\N	b7705804-33b5-41e5-bdfb-58763d87e2f0	2026-03-28 17:16:53.017578+00	\N	\N	2026-03-28 17:16:53.003475+00	2026-03-28 17:16:53.017578+00	1	f
405	5	2026-03-24	2	b7705804-33b5-41e5-bdfb-58763d87e2f0	2026-03-28 17:16:53.977686+00	\N	b7705804-33b5-41e5-bdfb-58763d87e2f0	2026-03-28 17:16:53.977686+00	\N	\N	2026-03-28 17:16:53.966492+00	2026-03-28 17:16:53.977686+00	1	f
406	10	2026-03-24	2	b7705804-33b5-41e5-bdfb-58763d87e2f0	2026-03-28 17:16:54.504259+00	\N	b7705804-33b5-41e5-bdfb-58763d87e2f0	2026-03-28 17:16:54.504259+00	\N	\N	2026-03-28 17:16:54.492676+00	2026-03-28 17:16:54.504259+00	1	f
411	19	2026-03-24	2	b7705804-33b5-41e5-bdfb-58763d87e2f0	2026-03-28 17:16:57.709687+00	\N	b7705804-33b5-41e5-bdfb-58763d87e2f0	2026-03-28 17:16:57.709687+00	\N	\N	2026-03-28 17:16:57.698988+00	2026-03-28 17:16:57.709687+00	1	f
413	7	2026-03-25	2	b7705804-33b5-41e5-bdfb-58763d87e2f0	2026-03-28 17:17:01.241891+00	\N	b7705804-33b5-41e5-bdfb-58763d87e2f0	2026-03-28 17:17:01.241891+00	\N	\N	2026-03-28 17:17:01.230462+00	2026-03-28 17:17:01.24189+00	1	f
420	6	2026-03-25	2	b7705804-33b5-41e5-bdfb-58763d87e2f0	2026-03-28 17:17:11.260628+00	\N	b7705804-33b5-41e5-bdfb-58763d87e2f0	2026-03-28 17:17:11.260627+00	\N	\N	2026-03-28 17:17:11.250778+00	2026-03-28 17:17:11.260627+00	1	f
422	20	2026-03-25	2	b7705804-33b5-41e5-bdfb-58763d87e2f0	2026-03-28 17:17:12.307379+00	\N	b7705804-33b5-41e5-bdfb-58763d87e2f0	2026-03-28 17:17:12.307379+00	\N	\N	2026-03-28 17:17:12.29565+00	2026-03-28 17:17:12.307379+00	1	f
424	1	2026-03-26	2	b7705804-33b5-41e5-bdfb-58763d87e2f0	2026-03-28 17:17:15.462107+00	\N	b7705804-33b5-41e5-bdfb-58763d87e2f0	2026-03-28 17:17:15.462107+00	\N	\N	2026-03-28 17:17:15.448532+00	2026-03-28 17:17:15.462107+00	1	f
426	8	2026-03-26	2	b7705804-33b5-41e5-bdfb-58763d87e2f0	2026-03-28 17:17:16.372226+00	\N	b7705804-33b5-41e5-bdfb-58763d87e2f0	2026-03-28 17:17:16.372225+00	\N	\N	2026-03-28 17:17:16.361364+00	2026-03-28 17:17:16.372225+00	1	f
439	2	2026-03-27	2	b7705804-33b5-41e5-bdfb-58763d87e2f0	2026-03-28 17:17:26.895863+00	\N	b7705804-33b5-41e5-bdfb-58763d87e2f0	2026-03-28 17:17:26.895863+00	\N	\N	2026-03-28 17:17:26.886003+00	2026-03-28 17:17:26.895863+00	1	f
440	4	2026-03-27	2	b7705804-33b5-41e5-bdfb-58763d87e2f0	2026-03-28 17:17:27.292892+00	\N	b7705804-33b5-41e5-bdfb-58763d87e2f0	2026-03-28 17:17:27.292892+00	\N	\N	2026-03-28 17:17:27.28275+00	2026-03-28 17:17:27.292892+00	1	f
444	6	2026-03-27	2	b7705804-33b5-41e5-bdfb-58763d87e2f0	2026-03-28 17:17:30.819556+00	\N	b7705804-33b5-41e5-bdfb-58763d87e2f0	2026-03-28 17:17:30.819556+00	\N	\N	2026-03-28 17:17:30.808023+00	2026-03-28 17:17:30.819556+00	1	f
448	7	2026-03-28	2	b7705804-33b5-41e5-bdfb-58763d87e2f0	2026-03-28 17:17:45.248692+00	\N	b7705804-33b5-41e5-bdfb-58763d87e2f0	2026-03-28 17:17:45.248692+00	\N	\N	2026-03-28 17:17:45.235387+00	2026-03-28 17:17:45.248692+00	1	f
449	8	2026-03-28	2	b7705804-33b5-41e5-bdfb-58763d87e2f0	2026-03-28 17:17:46.200532+00	\N	b7705804-33b5-41e5-bdfb-58763d87e2f0	2026-03-28 17:17:46.200532+00	\N	\N	2026-03-28 17:17:46.189891+00	2026-03-28 17:17:46.200531+00	1	f
407	9	2026-03-24	2	b7705804-33b5-41e5-bdfb-58763d87e2f0	2026-03-28 17:16:55.013253+00	\N	b7705804-33b5-41e5-bdfb-58763d87e2f0	2026-03-28 17:16:55.013253+00	\N	\N	2026-03-28 17:16:54.995398+00	2026-03-28 17:16:55.013252+00	1	f
408	6	2026-03-24	2	b7705804-33b5-41e5-bdfb-58763d87e2f0	2026-03-28 17:16:56.115676+00	\N	b7705804-33b5-41e5-bdfb-58763d87e2f0	2026-03-28 17:16:56.115676+00	\N	\N	2026-03-28 17:16:56.103158+00	2026-03-28 17:16:56.115675+00	1	f
412	1	2026-03-25	2	b7705804-33b5-41e5-bdfb-58763d87e2f0	2026-03-28 17:17:00.474587+00	\N	b7705804-33b5-41e5-bdfb-58763d87e2f0	2026-03-28 17:17:00.474587+00	\N	\N	2026-03-28 17:17:00.462967+00	2026-03-28 17:17:00.474587+00	1	f
414	8	2026-03-25	2	b7705804-33b5-41e5-bdfb-58763d87e2f0	2026-03-28 17:17:06.593467+00	\N	b7705804-33b5-41e5-bdfb-58763d87e2f0	2026-03-28 17:17:06.593467+00	\N	\N	2026-03-28 17:17:06.580716+00	2026-03-28 17:17:06.593467+00	1	f
417	5	2026-03-25	2	b7705804-33b5-41e5-bdfb-58763d87e2f0	2026-03-28 17:17:09.342338+00	\N	b7705804-33b5-41e5-bdfb-58763d87e2f0	2026-03-28 17:17:09.342338+00	\N	\N	2026-03-28 17:17:09.328717+00	2026-03-28 17:17:09.342338+00	1	f
419	9	2026-03-25	2	b7705804-33b5-41e5-bdfb-58763d87e2f0	2026-03-28 17:17:10.751495+00	\N	b7705804-33b5-41e5-bdfb-58763d87e2f0	2026-03-28 17:17:10.751495+00	\N	\N	2026-03-28 17:17:10.740621+00	2026-03-28 17:17:10.751495+00	1	f
425	7	2026-03-26	2	b7705804-33b5-41e5-bdfb-58763d87e2f0	2026-03-28 17:17:15.862608+00	\N	b7705804-33b5-41e5-bdfb-58763d87e2f0	2026-03-28 17:17:15.862608+00	\N	\N	2026-03-28 17:17:15.852375+00	2026-03-28 17:17:15.862607+00	1	f
433	12	2026-03-26	2	b7705804-33b5-41e5-bdfb-58763d87e2f0	2026-03-28 17:17:20.835591+00	\N	b7705804-33b5-41e5-bdfb-58763d87e2f0	2026-03-28 17:17:20.835591+00	\N	\N	2026-03-28 17:17:20.82532+00	2026-03-28 17:17:20.835591+00	1	f
792	27	2026-06-11	2	9f3fb0f9-16f8-45e2-9c87-f2defd253c2f	2026-06-11 22:42:09.63382+00	\N	9f3fb0f9-16f8-45e2-9c87-f2defd253c2f	2026-06-11 22:42:09.63382+00	\N	\N	2026-06-11 22:42:09.600262+00	2026-06-11 22:42:09.633819+00	1	f
441	5	2026-03-27	2	b7705804-33b5-41e5-bdfb-58763d87e2f0	2026-03-28 17:17:28.078247+00	\N	b7705804-33b5-41e5-bdfb-58763d87e2f0	2026-03-28 17:17:28.078247+00	\N	\N	2026-03-28 17:17:28.067072+00	2026-03-28 17:17:28.078246+00	1	f
793	7	2026-06-11	2	9f3fb0f9-16f8-45e2-9c87-f2defd253c2f	2026-06-11 22:42:10.716988+00	\N	9f3fb0f9-16f8-45e2-9c87-f2defd253c2f	2026-06-11 22:42:10.716988+00	\N	\N	2026-06-11 22:42:10.703116+00	2026-06-11 22:42:10.716988+00	1	f
442	10	2026-03-27	2	b7705804-33b5-41e5-bdfb-58763d87e2f0	2026-03-28 17:17:28.754166+00	\N	b7705804-33b5-41e5-bdfb-58763d87e2f0	2026-03-28 17:17:28.754166+00	\N	\N	2026-03-28 17:17:28.744387+00	2026-03-28 17:17:28.754166+00	1	f
443	9	2026-03-27	2	b7705804-33b5-41e5-bdfb-58763d87e2f0	2026-03-28 17:17:29.919709+00	\N	b7705804-33b5-41e5-bdfb-58763d87e2f0	2026-03-28 17:17:29.919709+00	\N	\N	2026-03-28 17:17:29.90904+00	2026-03-28 17:17:29.919708+00	1	f
795	8	2026-06-11	2	9f3fb0f9-16f8-45e2-9c87-f2defd253c2f	2026-06-11 22:42:13.329055+00	\N	9f3fb0f9-16f8-45e2-9c87-f2defd253c2f	2026-06-11 22:42:13.329054+00	\N	\N	2026-06-11 22:42:13.316888+00	2026-06-11 22:42:13.329054+00	1	f
445	20	2026-03-27	2	b7705804-33b5-41e5-bdfb-58763d87e2f0	2026-03-28 17:17:31.368903+00	\N	b7705804-33b5-41e5-bdfb-58763d87e2f0	2026-03-28 17:17:31.368902+00	\N	\N	2026-03-28 17:17:31.35548+00	2026-03-28 17:17:31.368902+00	1	f
447	1	2026-03-28	2	b7705804-33b5-41e5-bdfb-58763d87e2f0	2026-03-28 17:17:43.519144+00	\N	b7705804-33b5-41e5-bdfb-58763d87e2f0	2026-03-28 17:17:43.519144+00	\N	\N	2026-03-28 17:17:43.506187+00	2026-03-28 17:17:43.519143+00	1	f
797	1	2026-06-11	2	9f3fb0f9-16f8-45e2-9c87-f2defd253c2f	2026-06-11 22:42:31.749+00	\N	9f3fb0f9-16f8-45e2-9c87-f2defd253c2f	2026-06-11 22:42:31.749+00	\N	\N	2026-06-11 22:42:31.733537+00	2026-06-11 22:42:31.749+00	1	f
409	12	2026-03-24	2	b7705804-33b5-41e5-bdfb-58763d87e2f0	2026-03-28 17:16:56.631391+00	\N	b7705804-33b5-41e5-bdfb-58763d87e2f0	2026-03-28 17:16:56.631391+00	\N	\N	2026-03-28 17:16:56.61689+00	2026-03-28 17:16:56.63139+00	1	f
798	2	2026-06-11	2	9f3fb0f9-16f8-45e2-9c87-f2defd253c2f	2026-06-11 22:42:32.080159+00	\N	9f3fb0f9-16f8-45e2-9c87-f2defd253c2f	2026-06-11 22:42:32.080159+00	\N	\N	2026-06-11 22:42:32.067473+00	2026-06-11 22:42:32.080159+00	1	f
415	2	2026-03-25	2	b7705804-33b5-41e5-bdfb-58763d87e2f0	2026-03-28 17:17:07.247988+00	\N	b7705804-33b5-41e5-bdfb-58763d87e2f0	2026-03-28 17:17:07.247987+00	\N	\N	2026-03-28 17:17:07.236679+00	2026-03-28 17:17:07.247987+00	1	f
799	4	2026-06-11	2	9f3fb0f9-16f8-45e2-9c87-f2defd253c2f	2026-06-11 22:42:33.773997+00	\N	9f3fb0f9-16f8-45e2-9c87-f2defd253c2f	2026-06-11 22:42:33.773997+00	\N	\N	2026-06-11 22:42:33.760494+00	2026-06-11 22:42:33.773997+00	1	f
800	22	2026-06-11	2	9f3fb0f9-16f8-45e2-9c87-f2defd253c2f	2026-06-11 22:42:34.927639+00	\N	9f3fb0f9-16f8-45e2-9c87-f2defd253c2f	2026-06-11 22:42:34.927639+00	\N	\N	2026-06-11 22:42:34.915212+00	2026-06-11 22:42:34.927639+00	1	f
416	4	2026-03-25	2	b7705804-33b5-41e5-bdfb-58763d87e2f0	2026-03-28 17:17:07.945323+00	\N	b7705804-33b5-41e5-bdfb-58763d87e2f0	2026-03-28 17:17:07.945323+00	\N	\N	2026-03-28 17:17:07.933915+00	2026-03-28 17:17:07.945323+00	1	f
801	11	2026-06-11	2	9f3fb0f9-16f8-45e2-9c87-f2defd253c2f	2026-06-11 22:42:36.719409+00	\N	9f3fb0f9-16f8-45e2-9c87-f2defd253c2f	2026-06-11 22:42:36.719409+00	\N	\N	2026-06-11 22:42:36.706656+00	2026-06-11 22:42:36.719409+00	1	f
802	21	2026-06-11	2	9f3fb0f9-16f8-45e2-9c87-f2defd253c2f	2026-06-11 22:42:37.072676+00	\N	9f3fb0f9-16f8-45e2-9c87-f2defd253c2f	2026-06-11 22:42:37.072676+00	\N	\N	2026-06-11 22:42:37.061506+00	2026-06-11 22:42:37.072676+00	1	f
421	12	2026-03-25	2	b7705804-33b5-41e5-bdfb-58763d87e2f0	2026-03-28 17:17:11.790511+00	\N	b7705804-33b5-41e5-bdfb-58763d87e2f0	2026-03-28 17:17:11.790511+00	\N	\N	2026-03-28 17:17:11.779076+00	2026-03-28 17:17:11.790511+00	1	f
803	9	2026-06-11	2	9f3fb0f9-16f8-45e2-9c87-f2defd253c2f	2026-06-11 22:42:37.955459+00	\N	9f3fb0f9-16f8-45e2-9c87-f2defd253c2f	2026-06-11 22:42:37.955459+00	\N	\N	2026-06-11 22:42:37.944328+00	2026-06-11 22:42:37.955459+00	1	f
804	6	2026-06-11	2	9f3fb0f9-16f8-45e2-9c87-f2defd253c2f	2026-06-11 22:42:38.666825+00	\N	9f3fb0f9-16f8-45e2-9c87-f2defd253c2f	2026-06-11 22:42:38.666825+00	\N	\N	2026-06-11 22:42:38.655046+00	2026-06-11 22:42:38.666825+00	1	f
423	19	2026-03-25	2	b7705804-33b5-41e5-bdfb-58763d87e2f0	2026-03-28 17:17:12.750166+00	\N	b7705804-33b5-41e5-bdfb-58763d87e2f0	2026-03-28 17:17:12.750166+00	\N	\N	2026-03-28 17:17:12.739713+00	2026-03-28 17:17:12.750166+00	1	f
805	12	2026-06-11	2	9f3fb0f9-16f8-45e2-9c87-f2defd253c2f	2026-06-11 22:42:41.236392+00	\N	9f3fb0f9-16f8-45e2-9c87-f2defd253c2f	2026-06-11 22:42:41.236392+00	\N	\N	2026-06-11 22:42:41.224024+00	2026-06-11 22:42:41.236392+00	1	f
806	20	2026-06-11	2	9f3fb0f9-16f8-45e2-9c87-f2defd253c2f	2026-06-11 22:42:42.039585+00	\N	9f3fb0f9-16f8-45e2-9c87-f2defd253c2f	2026-06-11 22:42:42.039585+00	\N	\N	2026-06-11 22:42:42.029044+00	2026-06-11 22:42:42.039584+00	1	f
807	19	2026-06-11	2	9f3fb0f9-16f8-45e2-9c87-f2defd253c2f	2026-06-11 22:42:42.670677+00	\N	9f3fb0f9-16f8-45e2-9c87-f2defd253c2f	2026-06-11 22:42:42.670677+00	\N	\N	2026-06-11 22:42:42.659339+00	2026-06-11 22:42:42.670677+00	1	f
808	5	2026-06-11	2	9f3fb0f9-16f8-45e2-9c87-f2defd253c2f	2026-06-11 22:45:42.709077+00	\N	9f3fb0f9-16f8-45e2-9c87-f2defd253c2f	2026-06-11 22:45:42.709077+00	\N	\N	2026-06-11 22:45:42.695213+00	2026-06-11 22:45:42.709076+00	1	f
431	9	2026-03-26	2	b7705804-33b5-41e5-bdfb-58763d87e2f0	2026-03-28 17:17:19.212603+00	\N	b7705804-33b5-41e5-bdfb-58763d87e2f0	2026-03-28 17:17:19.212603+00	\N	\N	2026-03-28 17:17:19.203989+00	2026-03-28 17:17:19.212603+00	1	f
432	6	2026-03-26	2	b7705804-33b5-41e5-bdfb-58763d87e2f0	2026-03-28 17:17:19.875132+00	\N	b7705804-33b5-41e5-bdfb-58763d87e2f0	2026-03-28 17:17:19.875132+00	\N	\N	2026-03-28 17:17:19.864632+00	2026-03-28 17:17:19.875132+00	1	f
436	1	2026-03-27	2	b7705804-33b5-41e5-bdfb-58763d87e2f0	2026-03-28 17:17:25.384981+00	\N	b7705804-33b5-41e5-bdfb-58763d87e2f0	2026-03-28 17:17:25.384981+00	\N	\N	2026-03-28 17:17:25.373868+00	2026-03-28 17:17:25.38498+00	1	f
437	7	2026-03-27	2	b7705804-33b5-41e5-bdfb-58763d87e2f0	2026-03-28 17:17:25.903684+00	\N	b7705804-33b5-41e5-bdfb-58763d87e2f0	2026-03-28 17:17:25.903684+00	\N	\N	2026-03-28 17:17:25.891816+00	2026-03-28 17:17:25.903684+00	1	f
450	4	2026-03-28	2	b7705804-33b5-41e5-bdfb-58763d87e2f0	2026-03-28 17:17:56.63763+00	\N	b7705804-33b5-41e5-bdfb-58763d87e2f0	2026-03-28 17:17:56.63763+00	\N	\N	2026-03-28 17:17:56.624558+00	2026-03-28 17:17:56.637629+00	1	f
451	5	2026-03-28	4	b7705804-33b5-41e5-bdfb-58763d87e2f0	2026-03-28 17:17:59.40016+00	\N	b7705804-33b5-41e5-bdfb-58763d87e2f0	2026-03-28 17:17:59.40016+00	\N	\N	2026-03-28 17:17:59.38737+00	2026-03-28 17:18:05.014153+00	3	f
794	17	2026-06-11	2	9f3fb0f9-16f8-45e2-9c87-f2defd253c2f	2026-06-11 22:42:11.151497+00	\N	9f3fb0f9-16f8-45e2-9c87-f2defd253c2f	2026-06-11 22:42:11.151497+00	\N	\N	2026-06-11 22:42:11.139345+00	2026-06-11 22:42:11.151497+00	1	t
796	18	2026-06-11	0	9f3fb0f9-16f8-45e2-9c87-f2defd253c2f	2026-06-11 22:42:17.401984+00	\N	9f3fb0f9-16f8-45e2-9c87-f2defd253c2f	2026-06-11 22:42:17.401984+00	\N	\N	2026-06-11 22:42:17.388826+00	2026-06-14 22:14:25.234025+00	2	t
452	16	2026-03-28	2	b7705804-33b5-41e5-bdfb-58763d87e2f0	2026-03-28 17:18:37.208601+00	\N	b7705804-33b5-41e5-bdfb-58763d87e2f0	2026-03-28 17:18:37.208601+00	\N	\N	2026-03-28 17:18:37.193673+00	2026-03-28 17:18:37.208601+00	1	t
810	5	2026-06-12	2	9f3fb0f9-16f8-45e2-9c87-f2defd253c2f	2026-06-13 04:59:51.120667+00	\N	9f3fb0f9-16f8-45e2-9c87-f2defd253c2f	2026-06-13 04:59:51.120667+00	\N	\N	2026-06-13 04:59:51.108583+00	2026-06-13 04:59:51.120667+00	1	f
809	17	2026-06-12	2	9f3fb0f9-16f8-45e2-9c87-f2defd253c2f	2026-06-13 04:59:46.189172+00	\N	9f3fb0f9-16f8-45e2-9c87-f2defd253c2f	2026-06-13 04:59:46.189172+00	\N	\N	2026-06-13 04:59:46.156047+00	2026-06-13 04:59:46.189172+00	1	t
811	1	2026-06-12	2	9f3fb0f9-16f8-45e2-9c87-f2defd253c2f	2026-06-13 04:59:51.793712+00	\N	9f3fb0f9-16f8-45e2-9c87-f2defd253c2f	2026-06-13 04:59:51.793712+00	\N	\N	2026-06-13 04:59:51.781955+00	2026-06-13 04:59:51.793712+00	1	f
812	2	2026-06-12	2	9f3fb0f9-16f8-45e2-9c87-f2defd253c2f	2026-06-13 04:59:52.20947+00	\N	9f3fb0f9-16f8-45e2-9c87-f2defd253c2f	2026-06-13 04:59:52.20947+00	\N	\N	2026-06-13 04:59:52.19836+00	2026-06-13 04:59:52.209469+00	1	f
813	4	2026-06-12	2	9f3fb0f9-16f8-45e2-9c87-f2defd253c2f	2026-06-13 04:59:53.390905+00	\N	9f3fb0f9-16f8-45e2-9c87-f2defd253c2f	2026-06-13 04:59:53.390905+00	\N	\N	2026-06-13 04:59:53.379597+00	2026-06-13 04:59:53.390905+00	1	f
814	22	2026-06-12	2	9f3fb0f9-16f8-45e2-9c87-f2defd253c2f	2026-06-13 04:59:53.994435+00	\N	9f3fb0f9-16f8-45e2-9c87-f2defd253c2f	2026-06-13 04:59:53.994435+00	\N	\N	2026-06-13 04:59:53.981054+00	2026-06-13 04:59:53.994435+00	1	f
815	11	2026-06-12	2	9f3fb0f9-16f8-45e2-9c87-f2defd253c2f	2026-06-13 04:59:57.673913+00	\N	9f3fb0f9-16f8-45e2-9c87-f2defd253c2f	2026-06-13 04:59:57.673913+00	\N	\N	2026-06-13 04:59:57.661684+00	2026-06-13 04:59:57.673912+00	1	f
816	21	2026-06-12	2	9f3fb0f9-16f8-45e2-9c87-f2defd253c2f	2026-06-13 04:59:58.188094+00	\N	9f3fb0f9-16f8-45e2-9c87-f2defd253c2f	2026-06-13 04:59:58.188094+00	\N	\N	2026-06-13 04:59:58.177192+00	2026-06-13 04:59:58.188093+00	1	f
817	9	2026-06-12	2	9f3fb0f9-16f8-45e2-9c87-f2defd253c2f	2026-06-13 04:59:58.692416+00	\N	9f3fb0f9-16f8-45e2-9c87-f2defd253c2f	2026-06-13 04:59:58.692416+00	\N	\N	2026-06-13 04:59:58.679332+00	2026-06-13 04:59:58.692416+00	1	f
819	7	2026-06-13	2	9f3fb0f9-16f8-45e2-9c87-f2defd253c2f	2026-06-14 00:00:13.515398+00	\N	9f3fb0f9-16f8-45e2-9c87-f2defd253c2f	2026-06-14 00:00:13.515398+00	\N	\N	2026-06-14 00:00:13.4834+00	2026-06-14 00:00:13.515398+00	1	f
820	8	2026-06-13	2	9f3fb0f9-16f8-45e2-9c87-f2defd253c2f	2026-06-14 00:00:14.187277+00	\N	9f3fb0f9-16f8-45e2-9c87-f2defd253c2f	2026-06-14 00:00:14.187277+00	\N	\N	2026-06-14 00:00:14.175369+00	2026-06-14 00:00:14.187277+00	1	f
821	5	2026-06-13	2	9f3fb0f9-16f8-45e2-9c87-f2defd253c2f	2026-06-14 00:00:16.185527+00	\N	9f3fb0f9-16f8-45e2-9c87-f2defd253c2f	2026-06-14 00:00:16.185527+00	\N	\N	2026-06-14 00:00:16.17326+00	2026-06-14 00:00:16.185527+00	1	f
822	1	2026-06-13	2	9f3fb0f9-16f8-45e2-9c87-f2defd253c2f	2026-06-14 00:00:17.67553+00	\N	9f3fb0f9-16f8-45e2-9c87-f2defd253c2f	2026-06-14 00:00:17.67553+00	\N	\N	2026-06-14 00:00:17.663718+00	2026-06-14 00:00:17.67553+00	1	f
823	2	2026-06-13	2	9f3fb0f9-16f8-45e2-9c87-f2defd253c2f	2026-06-14 00:00:18.041542+00	\N	9f3fb0f9-16f8-45e2-9c87-f2defd253c2f	2026-06-14 00:00:18.041542+00	\N	\N	2026-06-14 00:00:18.030555+00	2026-06-14 00:00:18.041541+00	1	f
824	4	2026-06-13	2	9f3fb0f9-16f8-45e2-9c87-f2defd253c2f	2026-06-14 00:00:19.914649+00	\N	9f3fb0f9-16f8-45e2-9c87-f2defd253c2f	2026-06-14 00:00:19.914648+00	\N	\N	2026-06-14 00:00:19.902133+00	2026-06-14 00:00:19.914648+00	1	f
825	9	2026-06-13	2	9f3fb0f9-16f8-45e2-9c87-f2defd253c2f	2026-06-14 00:00:20.46601+00	\N	9f3fb0f9-16f8-45e2-9c87-f2defd253c2f	2026-06-14 00:00:20.46601+00	\N	\N	2026-06-14 00:00:20.453866+00	2026-06-14 00:00:20.466009+00	1	f
826	6	2026-06-13	2	9f3fb0f9-16f8-45e2-9c87-f2defd253c2f	2026-06-14 00:00:21.507135+00	\N	9f3fb0f9-16f8-45e2-9c87-f2defd253c2f	2026-06-14 00:00:21.507135+00	\N	\N	2026-06-14 00:00:21.494923+00	2026-06-14 00:00:21.507135+00	1	f
827	20	2026-06-13	2	9f3fb0f9-16f8-45e2-9c87-f2defd253c2f	2026-06-14 00:00:24.416072+00	\N	9f3fb0f9-16f8-45e2-9c87-f2defd253c2f	2026-06-14 00:00:24.416072+00	\N	\N	2026-06-14 00:00:24.403521+00	2026-06-14 00:00:24.416072+00	1	f
828	19	2026-06-13	2	9f3fb0f9-16f8-45e2-9c87-f2defd253c2f	2026-06-14 00:00:24.630012+00	\N	9f3fb0f9-16f8-45e2-9c87-f2defd253c2f	2026-06-14 00:00:24.630012+00	\N	\N	2026-06-14 00:00:24.618381+00	2026-06-14 00:00:24.630012+00	1	f
829	17	2026-06-13	2	9f3fb0f9-16f8-45e2-9c87-f2defd253c2f	2026-06-14 00:10:44.270653+00	\N	9f3fb0f9-16f8-45e2-9c87-f2defd253c2f	2026-06-14 00:10:44.270653+00	\N	\N	2026-06-14 00:10:44.23558+00	2026-06-14 00:10:44.270653+00	1	t
830	16	2026-06-13	2	9f3fb0f9-16f8-45e2-9c87-f2defd253c2f	2026-06-14 00:10:45.003805+00	\N	9f3fb0f9-16f8-45e2-9c87-f2defd253c2f	2026-06-14 00:10:45.003805+00	\N	\N	2026-06-14 00:10:44.988701+00	2026-06-14 00:10:45.003805+00	1	t
831	24	2026-06-09	2	9f161d20-a69b-453a-aa9e-31cb6f4e62af	2026-06-14 22:13:53.521143+00	\N	9f161d20-a69b-453a-aa9e-31cb6f4e62af	2026-06-14 22:13:53.521142+00	\N	\N	2026-06-14 22:13:53.490463+00	2026-06-14 22:13:53.521142+00	1	f
832	15	2026-06-12	2	9f161d20-a69b-453a-aa9e-31cb6f4e62af	2026-06-14 22:14:48.14647+00	\N	9f161d20-a69b-453a-aa9e-31cb6f4e62af	2026-06-14 22:14:48.14647+00	\N	\N	2026-06-14 22:14:48.135398+00	2026-06-14 22:14:48.14647+00	1	f
833	17	2026-06-14	2	9f161d20-a69b-453a-aa9e-31cb6f4e62af	2026-06-14 22:15:08.303556+00	\N	9f3fb0f9-16f8-45e2-9c87-f2defd253c2f	2026-06-15 00:41:09.551735+00	\N	\N	2026-06-14 22:15:08.290507+00	2026-06-15 00:41:09.551735+00	3	t
834	7	2026-06-14	2	9f3fb0f9-16f8-45e2-9c87-f2defd253c2f	2026-06-15 00:41:07.45894+00	\N	9f3fb0f9-16f8-45e2-9c87-f2defd253c2f	2026-06-15 00:41:07.45894+00	\N	\N	2026-06-15 00:41:07.423354+00	2026-06-15 00:41:07.45894+00	1	f
835	8	2026-06-14	2	9f3fb0f9-16f8-45e2-9c87-f2defd253c2f	2026-06-15 00:41:07.895951+00	\N	9f3fb0f9-16f8-45e2-9c87-f2defd253c2f	2026-06-15 00:41:07.895951+00	\N	\N	2026-06-15 00:41:07.881263+00	2026-06-15 00:41:07.895951+00	1	f
836	5	2026-06-14	2	9f3fb0f9-16f8-45e2-9c87-f2defd253c2f	2026-06-15 00:41:12.103785+00	\N	9f3fb0f9-16f8-45e2-9c87-f2defd253c2f	2026-06-15 00:41:12.103785+00	\N	\N	2026-06-15 00:41:12.09054+00	2026-06-15 00:41:12.103785+00	1	f
837	1	2026-06-14	2	9f3fb0f9-16f8-45e2-9c87-f2defd253c2f	2026-06-15 00:41:13.758318+00	\N	9f3fb0f9-16f8-45e2-9c87-f2defd253c2f	2026-06-15 00:41:13.758318+00	\N	\N	2026-06-15 00:41:13.746032+00	2026-06-15 00:41:13.758318+00	1	f
838	2	2026-06-14	2	9f3fb0f9-16f8-45e2-9c87-f2defd253c2f	2026-06-15 00:41:14.354792+00	\N	9f3fb0f9-16f8-45e2-9c87-f2defd253c2f	2026-06-15 00:41:14.354792+00	\N	\N	2026-06-15 00:41:14.34285+00	2026-06-15 00:41:14.354792+00	1	f
839	4	2026-06-14	2	9f3fb0f9-16f8-45e2-9c87-f2defd253c2f	2026-06-15 00:41:16.139958+00	\N	9f3fb0f9-16f8-45e2-9c87-f2defd253c2f	2026-06-15 00:41:16.139958+00	\N	\N	2026-06-15 00:41:16.127395+00	2026-06-15 00:41:16.139958+00	1	f
840	13	2026-06-14	2	9f3fb0f9-16f8-45e2-9c87-f2defd253c2f	2026-06-15 00:41:16.659793+00	\N	9f3fb0f9-16f8-45e2-9c87-f2defd253c2f	2026-06-15 00:41:16.659793+00	\N	\N	2026-06-15 00:41:16.6478+00	2026-06-15 00:41:16.659793+00	1	f
841	9	2026-06-14	2	9f3fb0f9-16f8-45e2-9c87-f2defd253c2f	2026-06-15 00:41:17.313655+00	\N	9f3fb0f9-16f8-45e2-9c87-f2defd253c2f	2026-06-15 00:41:17.313655+00	\N	\N	2026-06-15 00:41:17.302895+00	2026-06-15 00:41:17.313655+00	1	f
842	6	2026-06-14	2	9f3fb0f9-16f8-45e2-9c87-f2defd253c2f	2026-06-15 00:41:19.337725+00	\N	9f3fb0f9-16f8-45e2-9c87-f2defd253c2f	2026-06-15 00:41:19.337725+00	\N	\N	2026-06-15 00:41:19.325866+00	2026-06-15 00:41:19.337725+00	1	f
843	12	2026-06-14	2	9f3fb0f9-16f8-45e2-9c87-f2defd253c2f	2026-06-15 00:41:20.619987+00	\N	9f3fb0f9-16f8-45e2-9c87-f2defd253c2f	2026-06-15 00:41:20.619987+00	\N	\N	2026-06-15 00:41:20.607914+00	2026-06-15 00:41:20.619986+00	1	f
844	20	2026-06-14	2	9f3fb0f9-16f8-45e2-9c87-f2defd253c2f	2026-06-15 00:41:21.416037+00	\N	9f3fb0f9-16f8-45e2-9c87-f2defd253c2f	2026-06-15 00:41:21.416037+00	\N	\N	2026-06-15 00:41:21.404126+00	2026-06-15 00:41:21.416037+00	1	f
845	19	2026-06-14	2	9f3fb0f9-16f8-45e2-9c87-f2defd253c2f	2026-06-15 00:41:23.669035+00	\N	9f3fb0f9-16f8-45e2-9c87-f2defd253c2f	2026-06-15 00:41:23.669035+00	\N	\N	2026-06-15 00:41:23.656432+00	2026-06-15 00:41:23.669035+00	1	f
\.


--
-- Data for Name: ChoreScheduleOverrides; Type: TABLE DATA; Schema: public; Owner: -
--

COPY public."ChoreScheduleOverrides" ("Id", "ChoreDefinitionId", "Date", "Type", "OverrideAssignedUserId", "OverrideValue", "CreatedByUserId", "CreatedAt") FROM stdin;
3	1	2026-01-01	2	\N	\N	b7705804-33b5-41e5-bdfb-58763d87e2f0	2026-01-01 18:14:48.388263+00
4	17	2026-05-03	2	\N	\N	9f161d20-a69b-453a-aa9e-31cb6f4e62af	2026-05-03 18:34:26.452985+00
5	15	2026-05-15	2	\N	\N	9f161d20-a69b-453a-aa9e-31cb6f4e62af	2026-05-10 18:53:07.495719+00
\.


--
-- Data for Name: FamilySettings; Type: TABLE DATA; Schema: public; Owner: -
--

COPY public."FamilySettings" ("Id", "DailyExpectationPenalty", "WeeklyIncompletePenaltyPercent", "WeekStartDay", "CashOutThreshold", "EnableConfetti", "EnableStreaks", "CreatedAt", "ModifiedAt", "EnablePushNotifications", "VapidPrivateKey", "VapidPublicKey", "VapidSubject") FROM stdin;
1	0.10	0.1000	0	10.00	t	t	2025-12-23 04:11:05.484926+00	2025-12-30 01:10:15.957412+00	t	6DnDjgyDKETPSfjuyJ4bBNG7LrGsWjChikaWVxOY-Bw	BC9LyIZqsBTsL2U4VGyta6g9DLbyIMyiRzuEWDfn0ILoq6Y8nyqosCDGoKJcca0-BeuRko3z1aEdKjVSGL-upug	mailto:jshauns@gmail.com
\.


--
-- Data for Name: Households; Type: TABLE DATA; Schema: public; Owner: -
--

COPY public."Households" ("Id", "Name", "IsActive", "CreatedAt", "ModifiedAt") FROM stdin;
7aad2891-99c3-46de-862c-15bc087ba3da	Default Family	t	2025-12-29 01:54:27.52978+00	\N
\.


--
-- Data for Name: LedgerAccounts; Type: TABLE DATA; Schema: public; Owner: -
--

COPY public."LedgerAccounts" ("Id", "ChildProfileId", "Name", "IsDefault", "IsActive", "CreatedAt", "ModifiedAt") FROM stdin;
1	1	Main	t	t	2025-12-23 04:12:35.26131+00	\N
\.


--
-- Data for Name: LedgerTransactions; Type: TABLE DATA; Schema: public; Owner: -
--

COPY public."LedgerTransactions" ("Id", "LedgerAccountId", "ChoreLogId", "UserId", "TransferGroupId", "Amount", "Type", "Description", "TransactionDate", "CreatedAt", "ModifiedAt", "ChoreDefinitionId", "Version", "WeekEndDate") FROM stdin;
3	1	34	9f3fb0f9-16f8-45e2-9c87-f2defd253c2f	\N	1.00	0	Completed: Walk Gemma (1/3)	2026-01-05	2026-01-05 20:39:20.801418+00	\N	\N	0	\N
5	1	38	9f3fb0f9-16f8-45e2-9c87-f2defd253c2f	\N	2.00	0	Completed: Trash / Recycling from Curb	2026-01-05	2026-01-06 05:01:38.22105+00	\N	\N	0	\N
7	1	59	9f3fb0f9-16f8-45e2-9c87-f2defd253c2f	\N	1.00	0	Completed: Walk Gemma (1/3)	2026-02-08	2026-02-09 00:04:09.853228+00	\N	\N	0	\N
8	1	60	9f3fb0f9-16f8-45e2-9c87-f2defd253c2f	\N	3.00	0	Completed: Trash / Recycling to Curb	2026-02-08	2026-02-09 00:04:13.333694+00	\N	\N	0	\N
9	1	69	9f3fb0f9-16f8-45e2-9c87-f2defd253c2f	\N	2.00	0	Completed: Cleanup Yard (1/1)	2026-02-08	2026-02-09 00:23:40.110881+00	\N	\N	0	\N
10	1	70	9f3fb0f9-16f8-45e2-9c87-f2defd253c2f	\N	1.00	0	Completed: Sort Laundry (1/2)	2026-02-08	2026-02-09 00:23:48.382098+00	\N	\N	0	\N
11	1	71	9f3fb0f9-16f8-45e2-9c87-f2defd253c2f	\N	1.00	0	Completed: Use Your Brain	2026-02-08	2026-02-09 00:26:54.170905+00	\N	\N	0	\N
12	1	73	9f3fb0f9-16f8-45e2-9c87-f2defd253c2f	\N	1.00	0	Completed: Walk Gemma (1/3)	2026-02-09	2026-02-10 00:27:24.002996+00	\N	\N	0	\N
13	1	88	9f3fb0f9-16f8-45e2-9c87-f2defd253c2f	\N	1.00	0	Completed: Walk Gemma (2/3)	2026-02-13	2026-02-13 20:33:38.124846+00	\N	\N	0	\N
14	1	95	9f3fb0f9-16f8-45e2-9c87-f2defd253c2f	\N	1.00	0	Completed: Sort Laundry (1/2)	2026-02-13	2026-02-13 21:11:29.053519+00	\N	\N	0	\N
15	1	102	9f3fb0f9-16f8-45e2-9c87-f2defd253c2f	\N	1.00	0	Completed: Sort Laundry (2/2)	2026-02-15	2026-02-15 19:44:36.60421+00	\N	\N	0	\N
16	1	103	9f3fb0f9-16f8-45e2-9c87-f2defd253c2f	\N	1.00	0	Completed: Walk Gemma (3/3)	2026-02-15	2026-02-15 20:27:20.908326+00	\N	\N	0	\N
17	1	104	9f3fb0f9-16f8-45e2-9c87-f2defd253c2f	\N	3.00	0	Completed: Trash / Recycling to Curb	2026-02-15	2026-02-16 00:39:28.947417+00	\N	\N	0	\N
18	1	105	9f3fb0f9-16f8-45e2-9c87-f2defd253c2f	\N	1.00	0	Completed: Use Your Brain	2026-02-15	2026-02-16 00:47:21.822136+00	\N	\N	0	\N
19	1	\N	9f3fb0f9-16f8-45e2-9c87-f2defd253c2f	\N	-20.00	5	Cash out: $20.00 - Self cash-out request	2026-02-15	2026-02-16 00:49:14.229333+00	\N	\N	0	\N
20	1	106	9f3fb0f9-16f8-45e2-9c87-f2defd253c2f	\N	1.00	0	Completed: Walk Gemma (1/3)	2026-02-16	2026-02-16 22:11:24.787269+00	\N	\N	0	\N
21	1	113	9f3fb0f9-16f8-45e2-9c87-f2defd253c2f	\N	1.00	0	Completed: Cook Dinner (1/1)	2026-02-16	2026-02-17 01:00:46.709937+00	\N	\N	0	\N
22	1	134	9f3fb0f9-16f8-45e2-9c87-f2defd253c2f	\N	1.00	0	Completed: Cook Dinner (1/1)	2026-02-24	2026-02-25 00:46:38.672455+00	\N	\N	0	\N
23	1	135	9f3fb0f9-16f8-45e2-9c87-f2defd253c2f	\N	1.00	0	Completed: Walk Gemma (1/3)	2026-02-24	2026-02-25 00:46:40.043686+00	\N	\N	0	\N
24	1	144	9f3fb0f9-16f8-45e2-9c87-f2defd253c2f	\N	2.00	0	Completed: Cleanup Yard (1/1)	2026-02-28	2026-03-02 01:00:07.14995+00	\N	\N	0	\N
26	1	146	9f3fb0f9-16f8-45e2-9c87-f2defd253c2f	\N	1.00	0	Completed: Walk Gemma (2/3)	2026-02-28	2026-03-02 01:00:15.615521+00	\N	\N	0	\N
27	1	157	9f3fb0f9-16f8-45e2-9c87-f2defd253c2f	\N	1.00	0	Completed: Sort Laundry (1/2)	2026-02-27	2026-03-02 01:01:12.848145+00	\N	\N	0	\N
29	1	186	9f3fb0f9-16f8-45e2-9c87-f2defd253c2f	\N	1.00	0	Completed: Walk Gemma (1/3)	2026-03-03	2026-03-08 00:34:44.869331+00	\N	\N	0	\N
30	1	214	9f3fb0f9-16f8-45e2-9c87-f2defd253c2f	\N	1.00	0	Completed: Walk Gemma (2/3)	2026-03-04	2026-03-08 00:35:29.284892+00	\N	\N	0	\N
31	1	215	9f3fb0f9-16f8-45e2-9c87-f2defd253c2f	\N	1.00	0	Completed: Walk Gemma (3/3)	2026-03-06	2026-03-08 00:35:33.961412+00	\N	\N	0	\N
32	1	237	9f3fb0f9-16f8-45e2-9c87-f2defd253c2f	\N	0.50	0	Bonus: Walk Gemma (+1 extra)	2026-03-08	2026-03-08 19:17:46.812875+00	\N	\N	0	\N
33	1	238	9f3fb0f9-16f8-45e2-9c87-f2defd253c2f	\N	1.00	0	Completed: Use Your Brain	2026-03-08	2026-03-08 19:18:01.777887+00	\N	\N	0	\N
34	1	246	9f3fb0f9-16f8-45e2-9c87-f2defd253c2f	\N	3.00	0	Completed: Trash / Recycling to Curb	2026-03-08	2026-03-08 19:21:02.68735+00	\N	\N	0	\N
35	1	247	9f3fb0f9-16f8-45e2-9c87-f2defd253c2f	\N	2.00	0	Completed: Cleanup Yard (1/1)	2026-03-08	2026-03-08 19:26:51.965239+00	\N	\N	0	\N
36	1	248	9f3fb0f9-16f8-45e2-9c87-f2defd253c2f	\N	1.00	0	Completed: Sort Laundry (1/2)	2026-03-06	2026-03-08 19:57:27.052994+00	\N	\N	0	\N
37	1	249	9f3fb0f9-16f8-45e2-9c87-f2defd253c2f	\N	2.00	0	Completed: Trash / Recycling from Curb	2026-03-02	2026-03-08 19:58:06.906248+00	\N	\N	0	\N
38	1	\N	9f3fb0f9-16f8-45e2-9c87-f2defd253c2f	\N	-20.50	5	Cash out: $20.50	2026-03-08	2026-03-08 20:01:08.038512+00	\N	\N	0	\N
40	1	292	9f3fb0f9-16f8-45e2-9c87-f2defd253c2f	\N	1.00	0	Completed: Walk Gemma (1/3)	2026-03-13	2026-03-15 19:24:02.050908+00	\N	\N	0	\N
41	1	293	9f3fb0f9-16f8-45e2-9c87-f2defd253c2f	\N	1.00	0	Completed: Sort Laundry (1/2)	2026-03-13	2026-03-15 19:24:04.150342+00	\N	\N	0	\N
42	1	294	9f3fb0f9-16f8-45e2-9c87-f2defd253c2f	\N	1.00	0	Completed: Walk Gemma (2/3)	2026-03-15	2026-03-15 20:30:56.350275+00	\N	\N	0	\N
44	1	296	9f3fb0f9-16f8-45e2-9c87-f2defd253c2f	\N	1.00	0	Completed: Use Your Brain	2026-03-15	2026-03-15 23:57:43.274006+00	\N	\N	0	\N
45	1	297	9f3fb0f9-16f8-45e2-9c87-f2defd253c2f	\N	3.00	0	Completed: Trash / Recycling to Curb	2026-03-15	2026-03-15 23:57:49.040221+00	\N	\N	0	\N
46	1	320	9f3fb0f9-16f8-45e2-9c87-f2defd253c2f	\N	1.00	0	Completed: Cook Dinner (1/1)	2026-03-17	2026-03-18 00:12:55.001604+00	\N	\N	0	\N
47	1	360	9f3fb0f9-16f8-45e2-9c87-f2defd253c2f	\N	1.00	0	Completed: Sort Laundry (1/2)	2026-03-21	2026-03-21 21:45:46.234092+00	\N	\N	0	\N
48	1	367	9f3fb0f9-16f8-45e2-9c87-f2defd253c2f	\N	1.00	0	Completed: Use Your Brain	2026-03-21	2026-03-22 04:33:17.098673+00	\N	\N	0	\N
49	1	\N	9f3fb0f9-16f8-45e2-9c87-f2defd253c2f	\N	-10.00	5	Cash out: $10.00 - Self cash-out request	2026-03-21	2026-03-22 04:34:10.764136+00	\N	\N	0	\N
50	1	373	9f3fb0f9-16f8-45e2-9c87-f2defd253c2f	\N	2.00	0	Completed: Cleanup Yard (1/1)	2026-03-22	2026-03-22 18:58:44.007559+00	\N	\N	0	\N
51	1	374	9f3fb0f9-16f8-45e2-9c87-f2defd253c2f	\N	1.00	0	Completed: Walk Gemma (1/3)	2026-03-22	2026-03-22 18:58:50.669467+00	\N	\N	0	\N
52	1	375	9f3fb0f9-16f8-45e2-9c87-f2defd253c2f	\N	1.00	0	Completed: Use Your Brain	2026-03-22	2026-03-22 18:58:53.676943+00	\N	\N	0	\N
53	1	452	9f3fb0f9-16f8-45e2-9c87-f2defd253c2f	\N	2.00	0	Completed: Cleanup Yard (1/1)	2026-03-28	2026-03-28 17:18:37.231173+00	\N	\N	0	\N
54	1	453	9f3fb0f9-16f8-45e2-9c87-f2defd253c2f	\N	1.00	0	Completed: Use Your Brain	2026-03-28	2026-03-28 20:14:47.4972+00	\N	\N	0	\N
55	1	454	9f3fb0f9-16f8-45e2-9c87-f2defd253c2f	\N	1.00	0	Completed: Walk Gemma (1/3)	2026-03-28	2026-03-28 20:14:47.908701+00	\N	\N	0	\N
56	1	456	9f3fb0f9-16f8-45e2-9c87-f2defd253c2f	\N	2.00	0	Completed: Trash / Recycling from Curb	2026-03-30	2026-03-30 12:06:21.848566+00	\N	\N	0	\N
57	1	\N	9f3fb0f9-16f8-45e2-9c87-f2defd253c2f	\N	-10.00	5	Cash out: $10.00	2026-04-05	2026-04-05 20:25:22.711836+00	\N	\N	0	\N
58	1	472	9f3fb0f9-16f8-45e2-9c87-f2defd253c2f	\N	1.00	0	Completed: Use Your Brain	2026-04-05	2026-04-06 04:13:49.604992+00	\N	\N	0	\N
59	1	473	9f3fb0f9-16f8-45e2-9c87-f2defd253c2f	\N	1.00	0	Completed: Walk Gemma (1/3)	2026-04-05	2026-04-06 04:13:53.792736+00	\N	\N	0	\N
60	1	486	9f3fb0f9-16f8-45e2-9c87-f2defd253c2f	\N	1.00	0	Completed: Walk Gemma (1/3)	2026-04-06	2026-04-06 20:20:48.209353+00	\N	\N	0	\N
61	1	495	9f3fb0f9-16f8-45e2-9c87-f2defd253c2f	\N	2.00	0	Completed: Cleanup Yard (1/1)	2026-04-06	2026-04-06 22:39:09.479919+00	\N	\N	0	\N
62	1	499	9f3fb0f9-16f8-45e2-9c87-f2defd253c2f	\N	1.00	0	Completed: Walk Gemma (2/3)	2026-04-10	2026-04-11 00:37:43.728422+00	\N	\N	0	\N
63	1	532	9f3fb0f9-16f8-45e2-9c87-f2defd253c2f	\N	2.00	0	Completed: Cleanup Yard (1/1)	2026-04-22	2026-04-23 00:56:39.344303+00	\N	\N	0	\N
64	1	549	9f3fb0f9-16f8-45e2-9c87-f2defd253c2f	\N	1.00	0	Completed: Walk Gemma (1/3)	2026-04-26	2026-04-26 19:20:19.856923+00	\N	\N	0	\N
65	1	550	9f3fb0f9-16f8-45e2-9c87-f2defd253c2f	\N	1.00	0	Completed: Use Your Brain	2026-04-26	2026-04-26 19:20:20.884685+00	\N	\N	0	\N
66	1	551	9f3fb0f9-16f8-45e2-9c87-f2defd253c2f	\N	1.00	0	Completed: Sort Laundry (1/2)	2026-04-26	2026-04-26 19:20:25.500017+00	\N	\N	0	\N
67	1	554	9f3fb0f9-16f8-45e2-9c87-f2defd253c2f	\N	1.00	0	Bonus: Cleanup Yard (+1 extra)	2026-04-26	2026-04-26 22:55:33.529714+00	\N	\N	0	\N
68	1	566	9f3fb0f9-16f8-45e2-9c87-f2defd253c2f	\N	1.00	0	Completed: Use Your Brain	2026-05-03	2026-05-03 19:05:45.155806+00	\N	\N	0	\N
69	1	567	9f3fb0f9-16f8-45e2-9c87-f2defd253c2f	\N	3.00	0	Completed: Trash / Recycling to Curb	2026-05-03	2026-05-03 20:43:27.703504+00	\N	\N	0	\N
70	1	615	9f3fb0f9-16f8-45e2-9c87-f2defd253c2f	\N	1.00	0	Completed: Use Your Brain	2026-05-09	2026-05-10 04:31:33.138938+00	\N	\N	0	\N
71	1	616	9f3fb0f9-16f8-45e2-9c87-f2defd253c2f	\N	1.00	0	Completed: Sort Laundry (1/2)	2026-05-08	2026-05-10 18:53:45.365681+00	\N	\N	0	\N
72	1	\N	9f3fb0f9-16f8-45e2-9c87-f2defd253c2f	\N	-18.00	5	Cash out: $18.00	2026-05-10	2026-05-10 18:56:54.161587+00	\N	\N	0	\N
73	1	617	9f3fb0f9-16f8-45e2-9c87-f2defd253c2f	\N	1.00	0	Completed: Use Your Brain	2026-05-10	2026-05-11 00:09:44.209898+00	\N	\N	0	\N
74	1	618	9f3fb0f9-16f8-45e2-9c87-f2defd253c2f	\N	1.00	0	Completed: Walk Gemma (1/3)	2026-05-10	2026-05-11 00:09:45.273146+00	\N	\N	0	\N
75	1	629	9f3fb0f9-16f8-45e2-9c87-f2defd253c2f	\N	1.00	0	Completed: Walk Gemma (1/3)	2026-05-11	2026-05-11 23:00:56.140276+00	\N	\N	0	\N
76	1	630	9f3fb0f9-16f8-45e2-9c87-f2defd253c2f	\N	2.00	0	Completed: Trash / Recycling from Curb	2026-05-11	2026-05-11 23:00:57.706229+00	\N	\N	0	\N
77	1	674	9f3fb0f9-16f8-45e2-9c87-f2defd253c2f	\N	5.00	0	Completed: Walk Gemma (1/3)	2026-06-01	2026-06-01 20:18:44.219+00	\N	\N	0	\N
78	1	677	9f3fb0f9-16f8-45e2-9c87-f2defd253c2f	\N	2.00	0	Completed: Trash / Recycling from Curb	2026-06-01	2026-06-01 20:21:28.609318+00	\N	\N	0	\N
79	1	678	9f3fb0f9-16f8-45e2-9c87-f2defd253c2f	\N	6.00	0	Completed: Clean baseboards	2026-06-01	2026-06-01 21:15:42.361164+00	\N	\N	0	\N
80	1	709	9f3fb0f9-16f8-45e2-9c87-f2defd253c2f	\N	5.00	0	Completed: Walk Gemma (2/3)	2026-06-03	2026-06-04 01:33:09.658329+00	\N	\N	0	\N
81	1	730	9f3fb0f9-16f8-45e2-9c87-f2defd253c2f	\N	5.00	0	Completed: Walk Gemma (3/3)	2026-06-05	2026-06-05 23:11:33.12783+00	\N	\N	0	\N
82	1	742	9f3fb0f9-16f8-45e2-9c87-f2defd253c2f	\N	3.00	0	Completed: Trash / Recycling to Curb	2026-06-07	2026-06-08 02:53:13.755045+00	\N	\N	0	\N
83	1	\N	9f3fb0f9-16f8-45e2-9c87-f2defd253c2f	\N	-28.00	5	Cash out: $28.00	2026-06-08	2026-06-08 15:27:36.038012+00	\N	\N	0	\N
84	1	778	9f3fb0f9-16f8-45e2-9c87-f2defd253c2f	\N	2.00	0	Completed: Cook Dinner (1/1)	2026-06-10	2026-06-10 23:38:44.951782+00	\N	\N	0	\N
85	1	792	9f3fb0f9-16f8-45e2-9c87-f2defd253c2f	\N	4.00	0	Completed: Clean your bathroom	2026-06-11	2026-06-11 22:42:09.636377+00	\N	\N	0	\N
86	1	794	9f3fb0f9-16f8-45e2-9c87-f2defd253c2f	\N	5.00	0	Completed: Walk Gemma (1/3)	2026-06-11	2026-06-11 22:42:11.156389+00	\N	\N	0	\N
87	1	809	9f3fb0f9-16f8-45e2-9c87-f2defd253c2f	\N	5.00	0	Completed: Walk Gemma (2/3)	2026-06-12	2026-06-13 04:59:46.19446+00	\N	\N	0	\N
88	1	829	9f3fb0f9-16f8-45e2-9c87-f2defd253c2f	\N	5.00	0	Completed: Walk Gemma (3/3)	2026-06-13	2026-06-14 00:10:44.275564+00	\N	\N	0	\N
89	1	830	9f3fb0f9-16f8-45e2-9c87-f2defd253c2f	\N	2.00	0	Completed: Cleanup Yard (1/1)	2026-06-13	2026-06-14 00:10:45.010059+00	\N	\N	0	\N
90	1	\N	9f3fb0f9-16f8-45e2-9c87-f2defd253c2f	\N	-26.00	5	Cash out: $26.00	2026-06-14	2026-06-14 22:21:08.207892+00	\N	\N	0	\N
91	1	840	9f3fb0f9-16f8-45e2-9c87-f2defd253c2f	\N	3.00	0	Completed: Trash / Recycling to Curb	2026-06-14	2026-06-15 00:41:16.66114+00	\N	\N	0	\N
92	1	856	9f3fb0f9-16f8-45e2-9c87-f2defd253c2f	\N	5.00	0	Completed: Walk Gemma (1/3)	2026-06-15	2026-06-15 19:28:41.340823+00	\N	\N	0	\N
93	1	857	9f3fb0f9-16f8-45e2-9c87-f2defd253c2f	\N	2.00	0	Completed: Vacuum basement & bedroom	2026-06-15	2026-06-15 19:28:42.533156+00	\N	\N	0	\N
94	1	888	9f3fb0f9-16f8-45e2-9c87-f2defd253c2f	\N	2.00	0	Completed: Trash / Recycling from Curb	2026-06-15	2026-06-19 19:33:58.271012+00	\N	\N	0	\N
95	1	892	9f3fb0f9-16f8-45e2-9c87-f2defd253c2f	\N	4.00	0	Completed: Wash all bathmats (yours & ours)	2026-06-18	2026-06-19 19:34:36.109364+00	\N	\N	0	\N
110	1	909	9f3fb0f9-16f8-45e2-9c87-f2defd253c2f	\N	2.00	0	Completed: Cleanup Yard (1/1)	2026-06-19	2026-06-20 04:13:24.534541+00	\N	\N	0	\N
112	1	927	9f3fb0f9-16f8-45e2-9c87-f2defd253c2f	\N	3.00	0	Completed: Trash / Recycling to Curb	2026-06-19	2026-06-20 04:13:45.66706+00	\N	\N	0	\N
113	1	926	9f3fb0f9-16f8-45e2-9c87-f2defd253c2f	\N	2.00	0	Completed: Trash / Recycling from Curb	2026-06-19	2026-06-20 04:13:47.195028+00	\N	\N	0	\N
114	1	925	9f3fb0f9-16f8-45e2-9c87-f2defd253c2f	\N	2.00	0	Completed: Vacuum basement & bedroom	2026-06-19	2026-06-20 04:13:51.078259+00	\N	\N	0	\N
115	1	924	9f3fb0f9-16f8-45e2-9c87-f2defd253c2f	\N	4.00	0	Completed: Wash all bathmats (yours & ours)	2026-06-19	2026-06-20 04:13:53.017086+00	\N	\N	0	\N
119	1	\N	9f3fb0f9-16f8-45e2-9c87-f2defd253c2f	\N	-29.00	5	Cash out: $29.00	2026-06-21	2026-06-21 21:49:02.668361+00	\N	\N	0	\N
\.


--
-- Data for Name: PushSubscriptions; Type: TABLE DATA; Schema: public; Owner: -
--

COPY public."PushSubscriptions" ("Id", "UserId", "Endpoint", "P256dh", "Auth", "DeviceName", "UserAgent", "IsActive", "CreatedAt", "LastUsedAt", "FailedAttempts") FROM stdin;
3	b7705804-33b5-41e5-bdfb-58763d87e2f0	https://web.push.apple.com/QFTvsjslacPO5vh1b4E-Vz0_7D88ANT4goygtweKHol_kwq3K4lKfRhDvu-2FiB0FtCB6xUPVUl8gfAbD8WlfNwy1gFCsEfuHLV5dRXe7cmKuHiR-AFoEX8zZhWoivfsVTAxnDIAhKBxZcuHp5rViBK8YMoS8hnf5WY3BNMUo7E	BBUHFju_ks58I7UT-ad1Z_2OuQcDCsZG47t4BQqM_yUp521fNYxhhvG1IbDwMB_-8iqmVp6ub_m1ZyfXDxsEiEE	1zSkcReiesuzeCQqtPVXew	iPhone (Safari)	Mozilla/5.0 (iPhone; CPU iPhone OS 18_7 like Mac OS X) AppleWebKit/605.1.15 (KHTML, like Gecko) Version/26.3 Mobile/15E148 Safari/604.1	t	2026-01-05 18:19:15.359146+00	2026-06-21 15:44:55.697448+00	0
1	b7705804-33b5-41e5-bdfb-58763d87e2f0	https://wns2-by3p.notify.windows.com/w/?token=BQYAAADbYr0FlkoLI7kclQulHHJsO07BO2Q8sqcORAfDd6xIjxWVeot3DQvVg%2bcked72QaOeDcWyqdUhsjgsYW3NCHfO%2b3QdX6Inwf%2bXicjj6wwXLNCxAwVSYsFXaJR%2bVeZDb7xCa4qDds%2b%2bst2oYyqbPyyBgLYj0i50IdRTrCNqG0nux5JmqxF3id0L3Es%2fWOHI5j9%2bZja1wlMA74yAHw2Wm4uxzOJ4uXIEMPUyBj0XDFSARnk%2fwzjeln9qC%2b9gEwLSaVt6hY9MuXDcHVWYV%2fHIgJMGLNqTSgBYzeI1YUKkKdKPdPZ4cAvSNcfgl5JpA6sQcXayJ1q21aC0xIWUSQ20lNSs	BAxNagx4yj619vrt6USGX3gJuVBBk2ggJypvlT4-oZqDfikyHBHfHx6Lw_ovm6AFo-XGr0PPyZdhHPXr9oQGuFM	aYRbo-QCCwCdsrx5_3moMw	Windows PC (Chrome)	Mozilla/5.0 (Windows NT 10.0; Win64; x64) AppleWebKit/537.36 (KHTML, like Gecko) Chrome/143.0.0.0 Safari/537.36 Edg/143.0.0.0	f	2025-12-30 01:10:16.345394+00	2026-01-03 21:08:16.058116+00	1
2	9f161d20-a69b-453a-aa9e-31cb6f4e62af	https://wns2-ch1p.notify.windows.com/w/?token=BQYAAABhWNLAULymlpm2njsW9lzTH8ONkFLipz0YzuEGTRrrnm0KTLUqLZ7wmMRISqGUibrqMDX%2fvCFHeGKoesiMhrKqigULuoQP0WcF3AbWq%2bnlilBpUov9bpkw%2fWJnU8on83wOc7G2DBy0Z8teOYJOhSlS6gk2Wm028wSzV7PBGNBlktIZNuEHMgtyPOjRt7Pk0RaO4aryLvzPckvtcLi40b8fX6rMdb%2fgmmzcHffFhjRqOv00ojUa4I53Ut2vCBgwG2XYJ7I3IhyJcXV7bho2sQEKyn5aOC3l0LHgJjXb1cWrkqtNuubDsCZLxgiKZOZtfvLxwRN6VaYu%2bkioAOxLKDbs	BFzyqLLYFx6lQiliv3U0F22RyHPOp4w35ya3_n1p5lxrIGU7Q6zuG7ZnbNBHfSlLCvy5zVbPUyhjX6siVEn_Ry4	iq9JiS3m9EHiS36U8JVtBA	Windows PC (Chrome)	Mozilla/5.0 (Windows NT 10.0; Win64; x64) AppleWebKit/537.36 (KHTML, like Gecko) Chrome/143.0.0.0 Safari/537.36 Edg/143.0.0.0	t	2026-01-05 05:29:23.005054+00	2026-06-21 15:44:54.653164+00	0
4	b7705804-33b5-41e5-bdfb-58763d87e2f0	https://web.push.apple.com/QE97Y4im_j6qzpuTVLbPZHVeO8VpL5lJxYWcA0UYKj5E3FrhaqLogzcqKzfgMWLFC3QshyTs2oQsyU3j458JX0PC3LH06wXAe3LgF7kAs7nnuPHZ2Jdt_N9V6eW5o8iDSsrW3_ix_WrQgh5j6hxe8y1p6TiP1WX_9h-MZuusFkI	BH61NQuWKlB8g0wEIk27f5KvJGSmY1HelvPcB2w_twkYSJ4u6Y_SNIU9A_AmvQ8Uq0hRJzyb0olUy9hpPUdW1nI	xhLtLBUBu2-YVajiCZaEYw	iPhone (Safari)	Mozilla/5.0 (iPhone; CPU iPhone OS 18_7 like Mac OS X) AppleWebKit/605.1.15 (KHTML, like Gecko) Version/26.3 Mobile/15E148 Safari/604.1	t	2026-01-06 05:00:34.647211+00	2026-06-21 15:44:55.096466+00	0
5	b7705804-33b5-41e5-bdfb-58763d87e2f0	https://fcm.googleapis.com/fcm/send/dD9RULa9igk:APA91bHiGkbVmSxMuWy6GhLBUAvwKsqaxyuDatuaZDBPcO0F4ODEFH0hl54BDeqlst-2h9la9FUqJLRt4KQ98uCyMnzmPaah-d_iRfsVLGN3F6TwZFseloe23jJLH-q30sRrOzNA-6q5	BOIz8uYnFPZc0QSRW3cV_5QJcDo0XSS_MNDMMcYRcEqvvSs5yf_1hbGdKtgTAY5ja9Z1NiqDtICeyxVIzV9Tons	h8Bv2uy0nVeMfUjx-NqHlw	Windows PC (Chrome)	Mozilla/5.0 (Windows NT 10.0; Win64; x64) AppleWebKit/537.36 (KHTML, like Gecko) Chrome/149.0.0.0 Safari/537.36	t	2026-06-20 04:04:13.553636+00	2026-06-21 15:44:54.861254+00	0
6	b7705804-33b5-41e5-bdfb-58763d87e2f0	https://web.push.apple.com/QOy5oWumsVcSk2qaKiTklwyMKTa437Bw-7-yCaxpgdUoUG3W8FurXMCR3nsPH6rEqO9YrQJE-AbxLYGgWUE_Dr4O35w0rEXORerNJpLbmBvnXp-FnfpAM0j3fi-T8jQIA9_ZZ_XGVm5Hg6ydXd8SLAFBvL-jWMddVRM2YEGszhI	BDp_bzPFu_ssdrgpXtBEYD_74xCvtU-ipIeWqDQBpWpZKl7JszF_88iYReHBi8vzJfXJC2cuV5p_KMc4g7y6DSg	hwB8RO8Tz40_UlGjEgrWQQ	iPhone (Safari)	Mozilla/5.0 (iPhone; CPU iPhone OS 18_7 like Mac OS X) AppleWebKit/605.1.15 (KHTML, like Gecko) Version/26.5 Mobile/15E148 Safari/604.1	t	2026-06-20 19:06:37.693322+00	2026-06-21 15:44:55.911545+00	0
7	9f161d20-a69b-453a-aa9e-31cb6f4e62af	https://web.push.apple.com/QFVaXWUrogiF2KzMWyFuZsXAurps_mZmtESGbH5WjnWlv_DuKa_SivbyzdO6MS9gBUA8EuMLHHYTXRrWYtPyw2rlan2Ipz1ceOcgLs_kII1w-NxIHLfn0bu-ngEo12RzzzD0P-22F4Kk_7FLhG-gkmU9cVpHm2Pg04m0ox2DKkU	BJqWUNkq950HBQPVH4RQmeNhDMRaZMfqUJJ3KH-h9NwQ7B_jS_pRooQT2vHoeHQVqrJ2kyBWgO29cRpQfUpMVYQ	c1ahgfQmf5kZbxATrBmxLg	Mac (Safari)	Mozilla/5.0 (Macintosh; Intel Mac OS X 10_15_7) AppleWebKit/605.1.15 (KHTML, like Gecko) Version/26.5 Safari/605.1.15	t	2026-06-21 21:41:32.434344+00	\N	0
\.


--
-- Data for Name: SavingsGoals; Type: TABLE DATA; Schema: public; Owner: -
--

COPY public."SavingsGoals" ("Id", "UserId", "Name", "Description", "TargetAmount", "ImageUrl", "Priority", "IsPrimary", "IsActive", "IsCompleted", "CompletedAt", "CreatedAt", "ModifiedAt") FROM stdin;
1	9f3fb0f9-16f8-45e2-9c87-f2defd253c2f	Dark dragonite 1st edition	It is on tcgplayer	35.49	https://tcgplayer-cdn.tcgplayer.com/product/84584_in_1000x1000.jpg	0	t	f	f	\N	2026-01-04 03:59:41.314618+00	2026-01-05 18:24:42.311574+00
\.


--
-- Data for Name: UserAchievementBonuses; Type: TABLE DATA; Schema: public; Owner: -
--

COPY public."UserAchievementBonuses" ("Id", "UserId", "AchievementId", "BonusType", "BonusValue", "IsActive", "ExpiresAt", "RemainingUses", "AppliedAmount", "MaxAmount", "GrantedAt", "LastUsedAt") FROM stdin;
1	9f3fb0f9-16f8-45e2-9c87-f2defd253c2f	39	11	{"badge_key": "pioneer"}	t	\N	\N	\N	\N	2025-12-31 22:38:56.902095+00	\N
2	9f3fb0f9-16f8-45e2-9c87-f2defd253c2f	37	8	{"reduction_percent": 0.25, "duration_days": 14}	t	2026-02-05 23:58:53.160611+00	\N	\N	0.00	2026-01-22 23:58:53.159997+00	\N
\.


--
-- Data for Name: UserAchievements; Type: TABLE DATA; Schema: public; Owner: -
--

COPY public."UserAchievements" ("Id", "UserId", "AchievementId", "EarnedAt", "HasSeen", "Notes") FROM stdin;
1	9f3fb0f9-16f8-45e2-9c87-f2defd253c2f	1	2025-12-23 04:15:43.574144+00	t	\N
2	9f3fb0f9-16f8-45e2-9c87-f2defd253c2f	38	2025-12-31 22:38:56.864638+00	t	\N
3	9f3fb0f9-16f8-45e2-9c87-f2defd253c2f	39	2025-12-31 22:38:56.884868+00	t	\N
4	9f3fb0f9-16f8-45e2-9c87-f2defd253c2f	2	2025-12-31 22:54:05.636125+00	t	\N
6	9f3fb0f9-16f8-45e2-9c87-f2defd253c2f	3	2026-01-04 18:57:57.646848+00	t	\N
7	9f3fb0f9-16f8-45e2-9c87-f2defd253c2f	28	2026-01-05 05:10:28.418267+00	t	\N
8	9f3fb0f9-16f8-45e2-9c87-f2defd253c2f	18	2026-01-05 05:10:28.450627+00	t	\N
9	9f3fb0f9-16f8-45e2-9c87-f2defd253c2f	12	2026-01-05 18:26:07.274047+00	t	\N
10	9f3fb0f9-16f8-45e2-9c87-f2defd253c2f	4	2026-01-07 23:07:51.185354+00	t	\N
11	9f3fb0f9-16f8-45e2-9c87-f2defd253c2f	37	2026-01-22 23:58:53.139576+00	t	\N
12	9f3fb0f9-16f8-45e2-9c87-f2defd253c2f	46	2026-01-22 23:58:59.914488+00	t	\N
13	9f3fb0f9-16f8-45e2-9c87-f2defd253c2f	8	2026-02-09 00:23:48.421213+00	t	\N
15	9f3fb0f9-16f8-45e2-9c87-f2defd253c2f	19	2026-02-10 00:27:24.036451+00	t	\N
16	9f3fb0f9-16f8-45e2-9c87-f2defd253c2f	15	2026-02-10 00:27:24.060622+00	t	\N
18	9f3fb0f9-16f8-45e2-9c87-f2defd253c2f	13	2026-02-10 00:27:29.720962+00	t	\N
20	9f3fb0f9-16f8-45e2-9c87-f2defd253c2f	29	2026-02-15 19:42:19.785644+00	t	\N
22	9f3fb0f9-16f8-45e2-9c87-f2defd253c2f	33	2026-02-16 22:11:19.034214+00	t	\N
23	9f3fb0f9-16f8-45e2-9c87-f2defd253c2f	14	2026-02-24 00:33:08.039848+00	t	\N
24	9f3fb0f9-16f8-45e2-9c87-f2defd253c2f	9	2026-03-02 01:00:07.198658+00	t	\N
25	9f3fb0f9-16f8-45e2-9c87-f2defd253c2f	27	2026-03-08 00:35:00.712737+00	t	\N
26	9f3fb0f9-16f8-45e2-9c87-f2defd253c2f	24	2026-03-13 04:43:13.941976+00	t	\N
27	9f3fb0f9-16f8-45e2-9c87-f2defd253c2f	10	2026-03-22 04:33:17.146151+00	t	\N
28	9f3fb0f9-16f8-45e2-9c87-f2defd253c2f	50	2026-03-22 04:33:19.383738+00	t	\N
29	9f3fb0f9-16f8-45e2-9c87-f2defd253c2f	5	2026-03-22 18:58:44.051073+00	t	\N
30	9f3fb0f9-16f8-45e2-9c87-f2defd253c2f	16	2026-03-28 17:17:15.504719+00	t	\N
31	9f3fb0f9-16f8-45e2-9c87-f2defd253c2f	47	2026-03-28 17:17:15.903396+00	t	\N
32	9f3fb0f9-16f8-45e2-9c87-f2defd253c2f	25	2026-04-23 00:57:00.541421+00	t	\N
33	9f3fb0f9-16f8-45e2-9c87-f2defd253c2f	40	2026-04-26 17:00:28.93538+00	t	\N
34	9f3fb0f9-16f8-45e2-9c87-f2defd253c2f	6	2026-04-26 17:00:28.93857+00	t	\N
35	9f3fb0f9-16f8-45e2-9c87-f2defd253c2f	49	2026-04-26 17:00:30.091209+00	t	\N
36	9f3fb0f9-16f8-45e2-9c87-f2defd253c2f	11	2026-06-04 01:33:09.698852+00	t	\N
37	9f3fb0f9-16f8-45e2-9c87-f2defd253c2f	31	2026-06-05 23:11:33.182329+00	t	\N
\.


--
-- Data for Name: UserPreferences; Type: TABLE DATA; Schema: public; Owner: -
--

COPY public."UserPreferences" ("Id", "UserId", "Key", "Value", "ModifiedAt") FROM stdin;
\.


--
-- Data for Name: __EFMigrationsHistory; Type: TABLE DATA; Schema: public; Owner: -
--

COPY public."__EFMigrationsHistory" ("MigrationId", "ProductVersion") FROM stdin;
20251222034011_AddChoreTypeAndHelpSystem	9.0.1
20251223023649_AddWeeklyChoresAndFamilySettings	9.0.1
20251223025202_AddPushNotifications	9.0.1
20251223233301_AddConcurrencyTokens	9.0.1
20251229003341_AddHouseholdSupport	9.0.1
20251231183612_EnhancedAchievementSystem	9.0.1
20260621050529_AddAllowsMultiplePerDayToChoreLog	9.0.1
\.


--
-- Name: AchievementProgress_Id_seq; Type: SEQUENCE SET; Schema: public; Owner: -
--

SELECT pg_catalog.setval('public."AchievementProgress_Id_seq"', 37, true);


--
-- Name: Achievements_Id_seq; Type: SEQUENCE SET; Schema: public; Owner: -
--

SELECT pg_catalog.setval('public."Achievements_Id_seq"', 55, true);


--
-- Name: AppSettings_Id_seq; Type: SEQUENCE SET; Schema: public; Owner: -
--

SELECT pg_catalog.setval('public."AppSettings_Id_seq"', 3, true);


--
-- Name: AspNetRoleClaims_Id_seq; Type: SEQUENCE SET; Schema: public; Owner: -
--

SELECT pg_catalog.setval('public."AspNetRoleClaims_Id_seq"', 1, false);


--
-- Name: AspNetUserClaims_Id_seq; Type: SEQUENCE SET; Schema: public; Owner: -
--

SELECT pg_catalog.setval('public."AspNetUserClaims_Id_seq"', 1, false);


--
-- Name: ChildProfiles_Id_seq; Type: SEQUENCE SET; Schema: public; Owner: -
--

SELECT pg_catalog.setval('public."ChildProfiles_Id_seq"', 1, true);


--
-- Name: ChoreDefinitions_Id_seq; Type: SEQUENCE SET; Schema: public; Owner: -
--

SELECT pg_catalog.setval('public."ChoreDefinitions_Id_seq"', 29, true);


--
-- Name: ChoreLogs_Id_seq; Type: SEQUENCE SET; Schema: public; Owner: -
--

SELECT pg_catalog.setval('public."ChoreLogs_Id_seq"', 950, true);


--
-- Name: ChoreScheduleOverrides_Id_seq; Type: SEQUENCE SET; Schema: public; Owner: -
--

SELECT pg_catalog.setval('public."ChoreScheduleOverrides_Id_seq"', 13, true);


--
-- Name: FamilySettings_Id_seq; Type: SEQUENCE SET; Schema: public; Owner: -
--

SELECT pg_catalog.setval('public."FamilySettings_Id_seq"', 1, true);


--
-- Name: LedgerAccounts_Id_seq; Type: SEQUENCE SET; Schema: public; Owner: -
--

SELECT pg_catalog.setval('public."LedgerAccounts_Id_seq"', 1, true);


--
-- Name: LedgerTransactions_Id_seq; Type: SEQUENCE SET; Schema: public; Owner: -
--

SELECT pg_catalog.setval('public."LedgerTransactions_Id_seq"', 119, true);


--
-- Name: PushSubscriptions_Id_seq; Type: SEQUENCE SET; Schema: public; Owner: -
--

SELECT pg_catalog.setval('public."PushSubscriptions_Id_seq"', 7, true);


--
-- Name: SavingsGoals_Id_seq; Type: SEQUENCE SET; Schema: public; Owner: -
--

SELECT pg_catalog.setval('public."SavingsGoals_Id_seq"', 1, true);


--
-- Name: UserAchievementBonuses_Id_seq; Type: SEQUENCE SET; Schema: public; Owner: -
--

SELECT pg_catalog.setval('public."UserAchievementBonuses_Id_seq"', 2, true);


--
-- Name: UserAchievements_Id_seq; Type: SEQUENCE SET; Schema: public; Owner: -
--

SELECT pg_catalog.setval('public."UserAchievements_Id_seq"', 37, true);


--
-- Name: UserPreferences_Id_seq; Type: SEQUENCE SET; Schema: public; Owner: -
--

SELECT pg_catalog.setval('public."UserPreferences_Id_seq"', 1, false);


--
-- Name: AchievementProgress PK_AchievementProgress; Type: CONSTRAINT; Schema: public; Owner: -
--

ALTER TABLE ONLY public."AchievementProgress"
    ADD CONSTRAINT "PK_AchievementProgress" PRIMARY KEY ("Id");


--
-- Name: Achievements PK_Achievements; Type: CONSTRAINT; Schema: public; Owner: -
--

ALTER TABLE ONLY public."Achievements"
    ADD CONSTRAINT "PK_Achievements" PRIMARY KEY ("Id");


--
-- Name: AppSettings PK_AppSettings; Type: CONSTRAINT; Schema: public; Owner: -
--

ALTER TABLE ONLY public."AppSettings"
    ADD CONSTRAINT "PK_AppSettings" PRIMARY KEY ("Id");


--
-- Name: AspNetRoleClaims PK_AspNetRoleClaims; Type: CONSTRAINT; Schema: public; Owner: -
--

ALTER TABLE ONLY public."AspNetRoleClaims"
    ADD CONSTRAINT "PK_AspNetRoleClaims" PRIMARY KEY ("Id");


--
-- Name: AspNetRoles PK_AspNetRoles; Type: CONSTRAINT; Schema: public; Owner: -
--

ALTER TABLE ONLY public."AspNetRoles"
    ADD CONSTRAINT "PK_AspNetRoles" PRIMARY KEY ("Id");


--
-- Name: AspNetUserClaims PK_AspNetUserClaims; Type: CONSTRAINT; Schema: public; Owner: -
--

ALTER TABLE ONLY public."AspNetUserClaims"
    ADD CONSTRAINT "PK_AspNetUserClaims" PRIMARY KEY ("Id");


--
-- Name: AspNetUserLogins PK_AspNetUserLogins; Type: CONSTRAINT; Schema: public; Owner: -
--

ALTER TABLE ONLY public."AspNetUserLogins"
    ADD CONSTRAINT "PK_AspNetUserLogins" PRIMARY KEY ("LoginProvider", "ProviderKey");


--
-- Name: AspNetUserRoles PK_AspNetUserRoles; Type: CONSTRAINT; Schema: public; Owner: -
--

ALTER TABLE ONLY public."AspNetUserRoles"
    ADD CONSTRAINT "PK_AspNetUserRoles" PRIMARY KEY ("UserId", "RoleId");


--
-- Name: AspNetUserTokens PK_AspNetUserTokens; Type: CONSTRAINT; Schema: public; Owner: -
--

ALTER TABLE ONLY public."AspNetUserTokens"
    ADD CONSTRAINT "PK_AspNetUserTokens" PRIMARY KEY ("UserId", "LoginProvider", "Name");


--
-- Name: AspNetUsers PK_AspNetUsers; Type: CONSTRAINT; Schema: public; Owner: -
--

ALTER TABLE ONLY public."AspNetUsers"
    ADD CONSTRAINT "PK_AspNetUsers" PRIMARY KEY ("Id");


--
-- Name: ChildProfiles PK_ChildProfiles; Type: CONSTRAINT; Schema: public; Owner: -
--

ALTER TABLE ONLY public."ChildProfiles"
    ADD CONSTRAINT "PK_ChildProfiles" PRIMARY KEY ("Id");


--
-- Name: ChoreDefinitions PK_ChoreDefinitions; Type: CONSTRAINT; Schema: public; Owner: -
--

ALTER TABLE ONLY public."ChoreDefinitions"
    ADD CONSTRAINT "PK_ChoreDefinitions" PRIMARY KEY ("Id");


--
-- Name: ChoreLogs PK_ChoreLogs; Type: CONSTRAINT; Schema: public; Owner: -
--

ALTER TABLE ONLY public."ChoreLogs"
    ADD CONSTRAINT "PK_ChoreLogs" PRIMARY KEY ("Id");


--
-- Name: ChoreScheduleOverrides PK_ChoreScheduleOverrides; Type: CONSTRAINT; Schema: public; Owner: -
--

ALTER TABLE ONLY public."ChoreScheduleOverrides"
    ADD CONSTRAINT "PK_ChoreScheduleOverrides" PRIMARY KEY ("Id");


--
-- Name: FamilySettings PK_FamilySettings; Type: CONSTRAINT; Schema: public; Owner: -
--

ALTER TABLE ONLY public."FamilySettings"
    ADD CONSTRAINT "PK_FamilySettings" PRIMARY KEY ("Id");


--
-- Name: Households PK_Households; Type: CONSTRAINT; Schema: public; Owner: -
--

ALTER TABLE ONLY public."Households"
    ADD CONSTRAINT "PK_Households" PRIMARY KEY ("Id");


--
-- Name: LedgerAccounts PK_LedgerAccounts; Type: CONSTRAINT; Schema: public; Owner: -
--

ALTER TABLE ONLY public."LedgerAccounts"
    ADD CONSTRAINT "PK_LedgerAccounts" PRIMARY KEY ("Id");


--
-- Name: LedgerTransactions PK_LedgerTransactions; Type: CONSTRAINT; Schema: public; Owner: -
--

ALTER TABLE ONLY public."LedgerTransactions"
    ADD CONSTRAINT "PK_LedgerTransactions" PRIMARY KEY ("Id");


--
-- Name: PushSubscriptions PK_PushSubscriptions; Type: CONSTRAINT; Schema: public; Owner: -
--

ALTER TABLE ONLY public."PushSubscriptions"
    ADD CONSTRAINT "PK_PushSubscriptions" PRIMARY KEY ("Id");


--
-- Name: SavingsGoals PK_SavingsGoals; Type: CONSTRAINT; Schema: public; Owner: -
--

ALTER TABLE ONLY public."SavingsGoals"
    ADD CONSTRAINT "PK_SavingsGoals" PRIMARY KEY ("Id");


--
-- Name: UserAchievementBonuses PK_UserAchievementBonuses; Type: CONSTRAINT; Schema: public; Owner: -
--

ALTER TABLE ONLY public."UserAchievementBonuses"
    ADD CONSTRAINT "PK_UserAchievementBonuses" PRIMARY KEY ("Id");


--
-- Name: UserAchievements PK_UserAchievements; Type: CONSTRAINT; Schema: public; Owner: -
--

ALTER TABLE ONLY public."UserAchievements"
    ADD CONSTRAINT "PK_UserAchievements" PRIMARY KEY ("Id");


--
-- Name: UserPreferences PK_UserPreferences; Type: CONSTRAINT; Schema: public; Owner: -
--

ALTER TABLE ONLY public."UserPreferences"
    ADD CONSTRAINT "PK_UserPreferences" PRIMARY KEY ("Id");


--
-- Name: __EFMigrationsHistory PK___EFMigrationsHistory; Type: CONSTRAINT; Schema: public; Owner: -
--

ALTER TABLE ONLY public."__EFMigrationsHistory"
    ADD CONSTRAINT "PK___EFMigrationsHistory" PRIMARY KEY ("MigrationId");


--
-- Name: EmailIndex; Type: INDEX; Schema: public; Owner: -
--

CREATE INDEX "EmailIndex" ON public."AspNetUsers" USING btree ("NormalizedEmail");


--
-- Name: IX_AchievementProgress_AchievementId; Type: INDEX; Schema: public; Owner: -
--

CREATE INDEX "IX_AchievementProgress_AchievementId" ON public."AchievementProgress" USING btree ("AchievementId");


--
-- Name: IX_AchievementProgress_LastUpdatedAt; Type: INDEX; Schema: public; Owner: -
--

CREATE INDEX "IX_AchievementProgress_LastUpdatedAt" ON public."AchievementProgress" USING btree ("LastUpdatedAt");


--
-- Name: IX_AchievementProgress_UserId_AchievementId; Type: INDEX; Schema: public; Owner: -
--

CREATE UNIQUE INDEX "IX_AchievementProgress_UserId_AchievementId" ON public."AchievementProgress" USING btree ("UserId", "AchievementId");


--
-- Name: IX_Achievements_Category; Type: INDEX; Schema: public; Owner: -
--

CREATE INDEX "IX_Achievements_Category" ON public."Achievements" USING btree ("Category");


--
-- Name: IX_Achievements_Code; Type: INDEX; Schema: public; Owner: -
--

CREATE UNIQUE INDEX "IX_Achievements_Code" ON public."Achievements" USING btree ("Code");


--
-- Name: IX_Achievements_IsActive; Type: INDEX; Schema: public; Owner: -
--

CREATE INDEX "IX_Achievements_IsActive" ON public."Achievements" USING btree ("IsActive");


--
-- Name: IX_Achievements_IsHidden; Type: INDEX; Schema: public; Owner: -
--

CREATE INDEX "IX_Achievements_IsHidden" ON public."Achievements" USING btree ("IsHidden");


--
-- Name: IX_Achievements_IsLegendary; Type: INDEX; Schema: public; Owner: -
--

CREATE INDEX "IX_Achievements_IsLegendary" ON public."Achievements" USING btree ("IsLegendary");


--
-- Name: IX_Achievements_Rarity; Type: INDEX; Schema: public; Owner: -
--

CREATE INDEX "IX_Achievements_Rarity" ON public."Achievements" USING btree ("Rarity");


--
-- Name: IX_Achievements_UnlockConditionType; Type: INDEX; Schema: public; Owner: -
--

CREATE INDEX "IX_Achievements_UnlockConditionType" ON public."Achievements" USING btree ("UnlockConditionType");


--
-- Name: IX_AppSettings_Key; Type: INDEX; Schema: public; Owner: -
--

CREATE UNIQUE INDEX "IX_AppSettings_Key" ON public."AppSettings" USING btree ("Key");


--
-- Name: IX_AspNetRoleClaims_RoleId; Type: INDEX; Schema: public; Owner: -
--

CREATE INDEX "IX_AspNetRoleClaims_RoleId" ON public."AspNetRoleClaims" USING btree ("RoleId");


--
-- Name: IX_AspNetUserClaims_UserId; Type: INDEX; Schema: public; Owner: -
--

CREATE INDEX "IX_AspNetUserClaims_UserId" ON public."AspNetUserClaims" USING btree ("UserId");


--
-- Name: IX_AspNetUserLogins_UserId; Type: INDEX; Schema: public; Owner: -
--

CREATE INDEX "IX_AspNetUserLogins_UserId" ON public."AspNetUserLogins" USING btree ("UserId");


--
-- Name: IX_AspNetUserRoles_RoleId; Type: INDEX; Schema: public; Owner: -
--

CREATE INDEX "IX_AspNetUserRoles_RoleId" ON public."AspNetUserRoles" USING btree ("RoleId");


--
-- Name: IX_AspNetUsers_HouseholdId; Type: INDEX; Schema: public; Owner: -
--

CREATE INDEX "IX_AspNetUsers_HouseholdId" ON public."AspNetUsers" USING btree ("HouseholdId");


--
-- Name: IX_ChildProfiles_IsActive; Type: INDEX; Schema: public; Owner: -
--

CREATE INDEX "IX_ChildProfiles_IsActive" ON public."ChildProfiles" USING btree ("IsActive");


--
-- Name: IX_ChildProfiles_UserId; Type: INDEX; Schema: public; Owner: -
--

CREATE UNIQUE INDEX "IX_ChildProfiles_UserId" ON public."ChildProfiles" USING btree ("UserId");


--
-- Name: IX_ChoreDefinitions_AssignedUserId; Type: INDEX; Schema: public; Owner: -
--

CREATE INDEX "IX_ChoreDefinitions_AssignedUserId" ON public."ChoreDefinitions" USING btree ("AssignedUserId");


--
-- Name: IX_ChoreDefinitions_IsActive; Type: INDEX; Schema: public; Owner: -
--

CREATE INDEX "IX_ChoreDefinitions_IsActive" ON public."ChoreDefinitions" USING btree ("IsActive");


--
-- Name: IX_ChoreLogs_ApprovedByUserId; Type: INDEX; Schema: public; Owner: -
--

CREATE INDEX "IX_ChoreLogs_ApprovedByUserId" ON public."ChoreLogs" USING btree ("ApprovedByUserId");


--
-- Name: IX_ChoreLogs_ChoreDefinitionId_Date; Type: INDEX; Schema: public; Owner: -
--

CREATE UNIQUE INDEX "IX_ChoreLogs_ChoreDefinitionId_Date" ON public."ChoreLogs" USING btree ("ChoreDefinitionId", "Date") WHERE ("AllowsMultiplePerDay" = false);


--
-- Name: IX_ChoreLogs_CompletedByUserId; Type: INDEX; Schema: public; Owner: -
--

CREATE INDEX "IX_ChoreLogs_CompletedByUserId" ON public."ChoreLogs" USING btree ("CompletedByUserId");


--
-- Name: IX_ChoreLogs_Date; Type: INDEX; Schema: public; Owner: -
--

CREATE INDEX "IX_ChoreLogs_Date" ON public."ChoreLogs" USING btree ("Date");


--
-- Name: IX_ChoreLogs_Status; Type: INDEX; Schema: public; Owner: -
--

CREATE INDEX "IX_ChoreLogs_Status" ON public."ChoreLogs" USING btree ("Status");


--
-- Name: IX_ChoreScheduleOverrides_ChoreDefinitionId_Date; Type: INDEX; Schema: public; Owner: -
--

CREATE UNIQUE INDEX "IX_ChoreScheduleOverrides_ChoreDefinitionId_Date" ON public."ChoreScheduleOverrides" USING btree ("ChoreDefinitionId", "Date");


--
-- Name: IX_ChoreScheduleOverrides_CreatedByUserId; Type: INDEX; Schema: public; Owner: -
--

CREATE INDEX "IX_ChoreScheduleOverrides_CreatedByUserId" ON public."ChoreScheduleOverrides" USING btree ("CreatedByUserId");


--
-- Name: IX_ChoreScheduleOverrides_Date; Type: INDEX; Schema: public; Owner: -
--

CREATE INDEX "IX_ChoreScheduleOverrides_Date" ON public."ChoreScheduleOverrides" USING btree ("Date");


--
-- Name: IX_ChoreScheduleOverrides_OverrideAssignedUserId; Type: INDEX; Schema: public; Owner: -
--

CREATE INDEX "IX_ChoreScheduleOverrides_OverrideAssignedUserId" ON public."ChoreScheduleOverrides" USING btree ("OverrideAssignedUserId");


--
-- Name: IX_ChoreScheduleOverrides_Type; Type: INDEX; Schema: public; Owner: -
--

CREATE INDEX "IX_ChoreScheduleOverrides_Type" ON public."ChoreScheduleOverrides" USING btree ("Type");


--
-- Name: IX_Households_IsActive; Type: INDEX; Schema: public; Owner: -
--

CREATE INDEX "IX_Households_IsActive" ON public."Households" USING btree ("IsActive");


--
-- Name: IX_LedgerAccounts_ChildProfileId; Type: INDEX; Schema: public; Owner: -
--

CREATE INDEX "IX_LedgerAccounts_ChildProfileId" ON public."LedgerAccounts" USING btree ("ChildProfileId");


--
-- Name: IX_LedgerAccounts_ChildProfileId_Name; Type: INDEX; Schema: public; Owner: -
--

CREATE UNIQUE INDEX "IX_LedgerAccounts_ChildProfileId_Name" ON public."LedgerAccounts" USING btree ("ChildProfileId", "Name");


--
-- Name: IX_LedgerAccounts_IsActive; Type: INDEX; Schema: public; Owner: -
--

CREATE INDEX "IX_LedgerAccounts_IsActive" ON public."LedgerAccounts" USING btree ("IsActive");


--
-- Name: IX_LedgerTransactions_ChoreDefinitionId; Type: INDEX; Schema: public; Owner: -
--

CREATE INDEX "IX_LedgerTransactions_ChoreDefinitionId" ON public."LedgerTransactions" USING btree ("ChoreDefinitionId");


--
-- Name: IX_LedgerTransactions_ChoreLogId; Type: INDEX; Schema: public; Owner: -
--

CREATE UNIQUE INDEX "IX_LedgerTransactions_ChoreLogId" ON public."LedgerTransactions" USING btree ("ChoreLogId");


--
-- Name: IX_LedgerTransactions_LedgerAccountId; Type: INDEX; Schema: public; Owner: -
--

CREATE INDEX "IX_LedgerTransactions_LedgerAccountId" ON public."LedgerTransactions" USING btree ("LedgerAccountId");


--
-- Name: IX_LedgerTransactions_TransactionDate; Type: INDEX; Schema: public; Owner: -
--

CREATE INDEX "IX_LedgerTransactions_TransactionDate" ON public."LedgerTransactions" USING btree ("TransactionDate");


--
-- Name: IX_LedgerTransactions_TransferGroupId; Type: INDEX; Schema: public; Owner: -
--

CREATE INDEX "IX_LedgerTransactions_TransferGroupId" ON public."LedgerTransactions" USING btree ("TransferGroupId");


--
-- Name: IX_LedgerTransactions_Type; Type: INDEX; Schema: public; Owner: -
--

CREATE INDEX "IX_LedgerTransactions_Type" ON public."LedgerTransactions" USING btree ("Type");


--
-- Name: IX_LedgerTransactions_UserId; Type: INDEX; Schema: public; Owner: -
--

CREATE INDEX "IX_LedgerTransactions_UserId" ON public."LedgerTransactions" USING btree ("UserId");


--
-- Name: IX_LedgerTransactions_UserId_ChoreDefinitionId_WeekEndDate_Type; Type: INDEX; Schema: public; Owner: -
--

CREATE INDEX "IX_LedgerTransactions_UserId_ChoreDefinitionId_WeekEndDate_Type" ON public."LedgerTransactions" USING btree ("UserId", "ChoreDefinitionId", "WeekEndDate", "Type");


--
-- Name: IX_PushSubscriptions_IsActive; Type: INDEX; Schema: public; Owner: -
--

CREATE INDEX "IX_PushSubscriptions_IsActive" ON public."PushSubscriptions" USING btree ("IsActive");


--
-- Name: IX_PushSubscriptions_UserId; Type: INDEX; Schema: public; Owner: -
--

CREATE INDEX "IX_PushSubscriptions_UserId" ON public."PushSubscriptions" USING btree ("UserId");


--
-- Name: IX_PushSubscriptions_UserId_Endpoint; Type: INDEX; Schema: public; Owner: -
--

CREATE UNIQUE INDEX "IX_PushSubscriptions_UserId_Endpoint" ON public."PushSubscriptions" USING btree ("UserId", "Endpoint");


--
-- Name: IX_SavingsGoals_IsActive; Type: INDEX; Schema: public; Owner: -
--

CREATE INDEX "IX_SavingsGoals_IsActive" ON public."SavingsGoals" USING btree ("IsActive");


--
-- Name: IX_SavingsGoals_IsPrimary; Type: INDEX; Schema: public; Owner: -
--

CREATE INDEX "IX_SavingsGoals_IsPrimary" ON public."SavingsGoals" USING btree ("IsPrimary");


--
-- Name: IX_SavingsGoals_UserId; Type: INDEX; Schema: public; Owner: -
--

CREATE INDEX "IX_SavingsGoals_UserId" ON public."SavingsGoals" USING btree ("UserId");


--
-- Name: IX_UserAchievementBonuses_AchievementId; Type: INDEX; Schema: public; Owner: -
--

CREATE INDEX "IX_UserAchievementBonuses_AchievementId" ON public."UserAchievementBonuses" USING btree ("AchievementId");


--
-- Name: IX_UserAchievementBonuses_BonusType; Type: INDEX; Schema: public; Owner: -
--

CREATE INDEX "IX_UserAchievementBonuses_BonusType" ON public."UserAchievementBonuses" USING btree ("BonusType");


--
-- Name: IX_UserAchievementBonuses_ExpiresAt; Type: INDEX; Schema: public; Owner: -
--

CREATE INDEX "IX_UserAchievementBonuses_ExpiresAt" ON public."UserAchievementBonuses" USING btree ("ExpiresAt");


--
-- Name: IX_UserAchievementBonuses_IsActive; Type: INDEX; Schema: public; Owner: -
--

CREATE INDEX "IX_UserAchievementBonuses_IsActive" ON public."UserAchievementBonuses" USING btree ("IsActive");


--
-- Name: IX_UserAchievementBonuses_UserId; Type: INDEX; Schema: public; Owner: -
--

CREATE INDEX "IX_UserAchievementBonuses_UserId" ON public."UserAchievementBonuses" USING btree ("UserId");


--
-- Name: IX_UserAchievementBonuses_UserId_IsActive_BonusType; Type: INDEX; Schema: public; Owner: -
--

CREATE INDEX "IX_UserAchievementBonuses_UserId_IsActive_BonusType" ON public."UserAchievementBonuses" USING btree ("UserId", "IsActive", "BonusType");


--
-- Name: IX_UserAchievements_AchievementId; Type: INDEX; Schema: public; Owner: -
--

CREATE INDEX "IX_UserAchievements_AchievementId" ON public."UserAchievements" USING btree ("AchievementId");


--
-- Name: IX_UserAchievements_EarnedAt; Type: INDEX; Schema: public; Owner: -
--

CREATE INDEX "IX_UserAchievements_EarnedAt" ON public."UserAchievements" USING btree ("EarnedAt");


--
-- Name: IX_UserAchievements_UserId_AchievementId; Type: INDEX; Schema: public; Owner: -
--

CREATE UNIQUE INDEX "IX_UserAchievements_UserId_AchievementId" ON public."UserAchievements" USING btree ("UserId", "AchievementId");


--
-- Name: IX_UserPreferences_UserId_Key; Type: INDEX; Schema: public; Owner: -
--

CREATE UNIQUE INDEX "IX_UserPreferences_UserId_Key" ON public."UserPreferences" USING btree ("UserId", "Key");


--
-- Name: RoleNameIndex; Type: INDEX; Schema: public; Owner: -
--

CREATE UNIQUE INDEX "RoleNameIndex" ON public."AspNetRoles" USING btree ("NormalizedName");


--
-- Name: UserNameIndex; Type: INDEX; Schema: public; Owner: -
--

CREATE UNIQUE INDEX "UserNameIndex" ON public."AspNetUsers" USING btree ("NormalizedUserName");


--
-- Name: AchievementProgress FK_AchievementProgress_Achievements_AchievementId; Type: FK CONSTRAINT; Schema: public; Owner: -
--

ALTER TABLE ONLY public."AchievementProgress"
    ADD CONSTRAINT "FK_AchievementProgress_Achievements_AchievementId" FOREIGN KEY ("AchievementId") REFERENCES public."Achievements"("Id") ON DELETE CASCADE;


--
-- Name: AchievementProgress FK_AchievementProgress_AspNetUsers_UserId; Type: FK CONSTRAINT; Schema: public; Owner: -
--

ALTER TABLE ONLY public."AchievementProgress"
    ADD CONSTRAINT "FK_AchievementProgress_AspNetUsers_UserId" FOREIGN KEY ("UserId") REFERENCES public."AspNetUsers"("Id") ON DELETE CASCADE;


--
-- Name: AspNetRoleClaims FK_AspNetRoleClaims_AspNetRoles_RoleId; Type: FK CONSTRAINT; Schema: public; Owner: -
--

ALTER TABLE ONLY public."AspNetRoleClaims"
    ADD CONSTRAINT "FK_AspNetRoleClaims_AspNetRoles_RoleId" FOREIGN KEY ("RoleId") REFERENCES public."AspNetRoles"("Id") ON DELETE CASCADE;


--
-- Name: AspNetUserClaims FK_AspNetUserClaims_AspNetUsers_UserId; Type: FK CONSTRAINT; Schema: public; Owner: -
--

ALTER TABLE ONLY public."AspNetUserClaims"
    ADD CONSTRAINT "FK_AspNetUserClaims_AspNetUsers_UserId" FOREIGN KEY ("UserId") REFERENCES public."AspNetUsers"("Id") ON DELETE CASCADE;


--
-- Name: AspNetUserLogins FK_AspNetUserLogins_AspNetUsers_UserId; Type: FK CONSTRAINT; Schema: public; Owner: -
--

ALTER TABLE ONLY public."AspNetUserLogins"
    ADD CONSTRAINT "FK_AspNetUserLogins_AspNetUsers_UserId" FOREIGN KEY ("UserId") REFERENCES public."AspNetUsers"("Id") ON DELETE CASCADE;


--
-- Name: AspNetUserRoles FK_AspNetUserRoles_AspNetRoles_RoleId; Type: FK CONSTRAINT; Schema: public; Owner: -
--

ALTER TABLE ONLY public."AspNetUserRoles"
    ADD CONSTRAINT "FK_AspNetUserRoles_AspNetRoles_RoleId" FOREIGN KEY ("RoleId") REFERENCES public."AspNetRoles"("Id") ON DELETE CASCADE;


--
-- Name: AspNetUserRoles FK_AspNetUserRoles_AspNetUsers_UserId; Type: FK CONSTRAINT; Schema: public; Owner: -
--

ALTER TABLE ONLY public."AspNetUserRoles"
    ADD CONSTRAINT "FK_AspNetUserRoles_AspNetUsers_UserId" FOREIGN KEY ("UserId") REFERENCES public."AspNetUsers"("Id") ON DELETE CASCADE;


--
-- Name: AspNetUserTokens FK_AspNetUserTokens_AspNetUsers_UserId; Type: FK CONSTRAINT; Schema: public; Owner: -
--

ALTER TABLE ONLY public."AspNetUserTokens"
    ADD CONSTRAINT "FK_AspNetUserTokens_AspNetUsers_UserId" FOREIGN KEY ("UserId") REFERENCES public."AspNetUsers"("Id") ON DELETE CASCADE;


--
-- Name: AspNetUsers FK_AspNetUsers_Households_HouseholdId; Type: FK CONSTRAINT; Schema: public; Owner: -
--

ALTER TABLE ONLY public."AspNetUsers"
    ADD CONSTRAINT "FK_AspNetUsers_Households_HouseholdId" FOREIGN KEY ("HouseholdId") REFERENCES public."Households"("Id") ON DELETE RESTRICT;


--
-- Name: ChildProfiles FK_ChildProfiles_AspNetUsers_UserId; Type: FK CONSTRAINT; Schema: public; Owner: -
--

ALTER TABLE ONLY public."ChildProfiles"
    ADD CONSTRAINT "FK_ChildProfiles_AspNetUsers_UserId" FOREIGN KEY ("UserId") REFERENCES public."AspNetUsers"("Id") ON DELETE CASCADE;


--
-- Name: ChoreDefinitions FK_ChoreDefinitions_AspNetUsers_AssignedUserId; Type: FK CONSTRAINT; Schema: public; Owner: -
--

ALTER TABLE ONLY public."ChoreDefinitions"
    ADD CONSTRAINT "FK_ChoreDefinitions_AspNetUsers_AssignedUserId" FOREIGN KEY ("AssignedUserId") REFERENCES public."AspNetUsers"("Id") ON DELETE SET NULL;


--
-- Name: ChoreLogs FK_ChoreLogs_AspNetUsers_ApprovedByUserId; Type: FK CONSTRAINT; Schema: public; Owner: -
--

ALTER TABLE ONLY public."ChoreLogs"
    ADD CONSTRAINT "FK_ChoreLogs_AspNetUsers_ApprovedByUserId" FOREIGN KEY ("ApprovedByUserId") REFERENCES public."AspNetUsers"("Id") ON DELETE SET NULL;


--
-- Name: ChoreLogs FK_ChoreLogs_AspNetUsers_CompletedByUserId; Type: FK CONSTRAINT; Schema: public; Owner: -
--

ALTER TABLE ONLY public."ChoreLogs"
    ADD CONSTRAINT "FK_ChoreLogs_AspNetUsers_CompletedByUserId" FOREIGN KEY ("CompletedByUserId") REFERENCES public."AspNetUsers"("Id") ON DELETE SET NULL;


--
-- Name: ChoreLogs FK_ChoreLogs_ChoreDefinitions_ChoreDefinitionId; Type: FK CONSTRAINT; Schema: public; Owner: -
--

ALTER TABLE ONLY public."ChoreLogs"
    ADD CONSTRAINT "FK_ChoreLogs_ChoreDefinitions_ChoreDefinitionId" FOREIGN KEY ("ChoreDefinitionId") REFERENCES public."ChoreDefinitions"("Id") ON DELETE CASCADE;


--
-- Name: ChoreScheduleOverrides FK_ChoreScheduleOverrides_AspNetUsers_CreatedByUserId; Type: FK CONSTRAINT; Schema: public; Owner: -
--

ALTER TABLE ONLY public."ChoreScheduleOverrides"
    ADD CONSTRAINT "FK_ChoreScheduleOverrides_AspNetUsers_CreatedByUserId" FOREIGN KEY ("CreatedByUserId") REFERENCES public."AspNetUsers"("Id") ON DELETE SET NULL;


--
-- Name: ChoreScheduleOverrides FK_ChoreScheduleOverrides_AspNetUsers_OverrideAssignedUserId; Type: FK CONSTRAINT; Schema: public; Owner: -
--

ALTER TABLE ONLY public."ChoreScheduleOverrides"
    ADD CONSTRAINT "FK_ChoreScheduleOverrides_AspNetUsers_OverrideAssignedUserId" FOREIGN KEY ("OverrideAssignedUserId") REFERENCES public."AspNetUsers"("Id") ON DELETE SET NULL;


--
-- Name: ChoreScheduleOverrides FK_ChoreScheduleOverrides_ChoreDefinitions_ChoreDefinitionId; Type: FK CONSTRAINT; Schema: public; Owner: -
--

ALTER TABLE ONLY public."ChoreScheduleOverrides"
    ADD CONSTRAINT "FK_ChoreScheduleOverrides_ChoreDefinitions_ChoreDefinitionId" FOREIGN KEY ("ChoreDefinitionId") REFERENCES public."ChoreDefinitions"("Id") ON DELETE CASCADE;


--
-- Name: LedgerAccounts FK_LedgerAccounts_ChildProfiles_ChildProfileId; Type: FK CONSTRAINT; Schema: public; Owner: -
--

ALTER TABLE ONLY public."LedgerAccounts"
    ADD CONSTRAINT "FK_LedgerAccounts_ChildProfiles_ChildProfileId" FOREIGN KEY ("ChildProfileId") REFERENCES public."ChildProfiles"("Id") ON DELETE RESTRICT;


--
-- Name: LedgerTransactions FK_LedgerTransactions_AspNetUsers_UserId; Type: FK CONSTRAINT; Schema: public; Owner: -
--

ALTER TABLE ONLY public."LedgerTransactions"
    ADD CONSTRAINT "FK_LedgerTransactions_AspNetUsers_UserId" FOREIGN KEY ("UserId") REFERENCES public."AspNetUsers"("Id") ON DELETE RESTRICT;


--
-- Name: LedgerTransactions FK_LedgerTransactions_ChoreDefinitions_ChoreDefinitionId; Type: FK CONSTRAINT; Schema: public; Owner: -
--

ALTER TABLE ONLY public."LedgerTransactions"
    ADD CONSTRAINT "FK_LedgerTransactions_ChoreDefinitions_ChoreDefinitionId" FOREIGN KEY ("ChoreDefinitionId") REFERENCES public."ChoreDefinitions"("Id") ON DELETE SET NULL;


--
-- Name: LedgerTransactions FK_LedgerTransactions_ChoreLogs_ChoreLogId; Type: FK CONSTRAINT; Schema: public; Owner: -
--

ALTER TABLE ONLY public."LedgerTransactions"
    ADD CONSTRAINT "FK_LedgerTransactions_ChoreLogs_ChoreLogId" FOREIGN KEY ("ChoreLogId") REFERENCES public."ChoreLogs"("Id") ON DELETE CASCADE;


--
-- Name: LedgerTransactions FK_LedgerTransactions_LedgerAccounts_LedgerAccountId; Type: FK CONSTRAINT; Schema: public; Owner: -
--

ALTER TABLE ONLY public."LedgerTransactions"
    ADD CONSTRAINT "FK_LedgerTransactions_LedgerAccounts_LedgerAccountId" FOREIGN KEY ("LedgerAccountId") REFERENCES public."LedgerAccounts"("Id") ON DELETE RESTRICT;


--
-- Name: PushSubscriptions FK_PushSubscriptions_AspNetUsers_UserId; Type: FK CONSTRAINT; Schema: public; Owner: -
--

ALTER TABLE ONLY public."PushSubscriptions"
    ADD CONSTRAINT "FK_PushSubscriptions_AspNetUsers_UserId" FOREIGN KEY ("UserId") REFERENCES public."AspNetUsers"("Id") ON DELETE CASCADE;


--
-- Name: SavingsGoals FK_SavingsGoals_AspNetUsers_UserId; Type: FK CONSTRAINT; Schema: public; Owner: -
--

ALTER TABLE ONLY public."SavingsGoals"
    ADD CONSTRAINT "FK_SavingsGoals_AspNetUsers_UserId" FOREIGN KEY ("UserId") REFERENCES public."AspNetUsers"("Id") ON DELETE CASCADE;


--
-- Name: UserAchievementBonuses FK_UserAchievementBonuses_Achievements_AchievementId; Type: FK CONSTRAINT; Schema: public; Owner: -
--

ALTER TABLE ONLY public."UserAchievementBonuses"
    ADD CONSTRAINT "FK_UserAchievementBonuses_Achievements_AchievementId" FOREIGN KEY ("AchievementId") REFERENCES public."Achievements"("Id") ON DELETE CASCADE;


--
-- Name: UserAchievementBonuses FK_UserAchievementBonuses_AspNetUsers_UserId; Type: FK CONSTRAINT; Schema: public; Owner: -
--

ALTER TABLE ONLY public."UserAchievementBonuses"
    ADD CONSTRAINT "FK_UserAchievementBonuses_AspNetUsers_UserId" FOREIGN KEY ("UserId") REFERENCES public."AspNetUsers"("Id") ON DELETE CASCADE;


--
-- Name: UserAchievements FK_UserAchievements_Achievements_AchievementId; Type: FK CONSTRAINT; Schema: public; Owner: -
--

ALTER TABLE ONLY public."UserAchievements"
    ADD CONSTRAINT "FK_UserAchievements_Achievements_AchievementId" FOREIGN KEY ("AchievementId") REFERENCES public."Achievements"("Id") ON DELETE CASCADE;


--
-- Name: UserAchievements FK_UserAchievements_AspNetUsers_UserId; Type: FK CONSTRAINT; Schema: public; Owner: -
--

ALTER TABLE ONLY public."UserAchievements"
    ADD CONSTRAINT "FK_UserAchievements_AspNetUsers_UserId" FOREIGN KEY ("UserId") REFERENCES public."AspNetUsers"("Id") ON DELETE CASCADE;


--
-- Name: UserPreferences FK_UserPreferences_AspNetUsers_UserId; Type: FK CONSTRAINT; Schema: public; Owner: -
--

ALTER TABLE ONLY public."UserPreferences"
    ADD CONSTRAINT "FK_UserPreferences_AspNetUsers_UserId" FOREIGN KEY ("UserId") REFERENCES public."AspNetUsers"("Id") ON DELETE CASCADE;


--
-- PostgreSQL database dump complete
--

\unrestrict uPCR9Xk1HBoR3OyjhRT8FrlUsYELA4n2D0KEGz66bXk18ku1nKPG86QZj7oDp8N

